keyword,package,filename,extension,release
raschfit,raschfit,raschfit.ado,ado,2026-07-08
rndbb,rnd,rndbb.ado,ado,2026-07-08
rndbin,rnd,rndbin.ado,ado,2026-07-08
rndbinx,rnd,rndbinx.ado,ado,2026-07-08
rndchi,rnd,rndchi.ado,ado,2026-07-08
rndexp,rnd,rndexp.ado,ado,2026-07-08
rndf,rnd,rndf.ado,ado,2026-07-08
rndgam,rnd,rndgam.ado,ado,2026-07-08
rndgamx,rnd,rndgamx.ado,ado,2026-07-08
rndglog,rnd,rndglog.ado,ado,2026-07-08
rndivg,rnd,rndivg.ado,ado,2026-07-08
rndivgx,rnd,rndivgx.ado,ado,2026-07-08
rndlgn,rnd,rndlgn.ado,ado,2026-07-08
rndnblx,rnd,rndnblx.ado,ado,2026-07-08
rndpod,rnd,rndpod.ado,ado,2026-07-08
rndpodx,rnd,rndpodx.ado,ado,2026-07-08
rndpoi,rnd,rndpoi.ado,ado,2026-07-08
rndpoix,rnd,rndpoix.ado,ado,2026-07-08
rndt,rnd,rndt.ado,ado,2026-07-08
rndwei,rnd,rndwei.ado,ado,2026-07-08
rcolp2mat,rcolp2mat,rcolp2mat.ado,ado,2026-07-08
rdatasets,rdatasets,rdatasets.ado,ado,2026-07-08
remr,remr,remr.ado,ado,2026-07-08
runmlwin,runmlwin,runmlwin.ado,ado,2026-07-08
runmlwin_verinfo,runmlwin,runmlwin_verinfo.ado,ado,2026-07-08
runmlwin_qshell,runmlwin,runmlwin_qshell.ado,ado,2026-07-08
runmlwin_mcmcdiag,runmlwin,runmlwin_mcmcdiag.ado,ado,2026-07-08
mcmcsum,runmlwin,../m/mcmcsum.ado,ado,2026-07-08
savewsz,runmlwin,../s/savewsz.ado,ado,2026-07-08
usewsz,runmlwin,../u/usewsz.ado,ado,2026-07-08
readshare,readshare,readshare.ado,ado,2026-07-08
addshare,readshare,../a/addshare.ado,ado,2026-07-08
createsharedesc,readshare,../c/createsharedesc.ado,ado,2026-07-08
rforest,rforest,rforest.ado,ado,2026-07-08
randomforest_predict,rforest,randomforest_predict.ado,ado,2026-07-08
rforest_examples,rforest,rforest_examples.ado,ado,2026-07-08
ritest,ritest,ritest.ado,ado,2026-07-08
rowsort,rowsort,rowsort.ado,ado,2026-07-08
rowsort6,rowsort,rowsort6.ado,ado,2026-07-08
reffect,reffect,reffect.ado,ado,2026-07-08
runmplus,runmplus,runmplus.ado,ado,2026-07-08
eme,runmplus,../e/eme.ado,ado,2026-07-08
lli,runmplus,../l/lli.ado,ado,2026-07-08
read_convergence,runmplus,read_convergence.ado,ado,2026-07-08
read_differencetest,runmplus,read_differencetest.ado,ado,2026-07-08
read_parameterestimates_indirect,runmplus,read_parameterestimates_indirect.ado,ado,2026-07-08
read_parameterestimates_general,runmplus,read_parameterestimates_general.ado,ado,2026-07-08
read_parameterestimates,runmplus,read_parameterestimates.ado,ado,2026-07-08
read_residual_variance,runmplus,read_residual_variance.ado,ado,2026-07-08
runmplus_fits,runmplus,runmplus_fits.ado,ado,2026-07-08
runmplus_load_savedata,runmplus,runmplus_load_savedata.ado,ado,2026-07-08
randcmdci,randcmdci,randcmdci.ado,ado,2026-07-08
rwg,rwg,rwg.ado,ado,2026-07-08
rollbook,rollbook,rollbook.ado,ado,2026-07-08
ralpha,ralpha,ralpha.ado,ado,2026-07-08
ralloc,ralloc,ralloc.ado,ado,2026-07-08
ralloc_678,ralloc,ralloc_678.ado,ado,2026-07-08
rardl,rardl,rardl.ado,ado,2026-07-08
_rardl_radf,rardl,../_/_rardl_radf.ado,ado,2026-07-08
_rardl_recursive,rardl,../_/_rardl_recursive.ado,ado,2026-07-08
_rardl_rgranger,rardl,../_/_rardl_rgranger.ado,ado,2026-07-08
_rardl_rolling,rardl,../_/_rardl_rolling.ado,ado,2026-07-08
_rardl_simulate,rardl,../_/_rardl_simulate.ado,ado,2026-07-08
_rardl_stars,rardl,../_/_rardl_stars.ado,ado,2026-07-08
rals,rals,rals.ado,ado,2026-07-08
ralsadf,rals,ralsadf.ado,ado,2026-07-08
ralsbattery,rals,ralsbattery.ado,ado,2026-07-08
ralscoint,rals,ralscoint.ado,ado,2026-07-08
ralsdiag,rals,ralsdiag.ado,ado,2026-07-08
ralsfadf,rals,ralsfadf.ado,ado,2026-07-08
ralsfadl,rals,ralsfadl.ado,ado,2026-07-08
ralsfkss,rals,ralsfkss.ado,ado,2026-07-08
ralslm,rals,ralslm.ado,ado,2026-07-08
ralslmb,rals,ralslmb.ado,ado,2026-07-08
_rals_graph_fadf,rals,../_/_rals_graph_fadf.ado,ado,2026-07-08
_rals_graph_ur,rals,../_/_rals_graph_ur.ado,ado,2026-07-08
_rals_mata,rals,../_/_rals_mata.ado,ado,2026-07-08
_rals_print_header,rals,../_/_rals_print_header.ado,ado,2026-07-08
_rals_print_two_row,rals,../_/_rals_print_two_row.ado,ado,2026-07-08
regsensitivity,regsensitivity,regsensitivity.ado,ado,2026-07-08
regsen,regsensitivity,regsen.ado,ado,2026-07-08
_regsen_write_tuples,regsensitivity,../_/_regsen_write_tuples.ado,ado,2026-07-08
_regsen_write_table_header,regsensitivity,../_/_regsen_write_table_header.ado,ado,2026-07-08
_regsen_write_scalar_table,regsensitivity,../_/_regsen_write_scalar_table.ado,ado,2026-07-08
_regsen_idset_plot,regsensitivity,../_/_regsen_idset_plot.ado,ado,2026-07-08
_regsen_display,regsensitivity,../_/_regsen_display.ado,ado,2026-07-08
_regsen_breakfront_plot,regsensitivity,../_/_regsen_breakfront_plot.ado,ado,2026-07-08
rfregk,rfregk,rfregk.ado,ado,2026-07-08
regoprob2,regoprob2,regoprob2.ado,ado,2026-07-08
regoprob2_autofit,regoprob2,regoprob2_autofit.ado,ado,2026-07-08
regoprob_p,regoprob2,regoprob_p.ado,ado,2026-07-08
regoprob_ll,regoprob2,regoprob_ll.ado,ado,2026-07-08
regoprob_llc,regoprob2,regoprob_llc.ado,ado,2026-07-08
goprobit,regoprob2,../g/goprobit.ado,ado,2026-07-08
goprobit_p,regoprob2,../g/goprobit_p.ado,ado,2026-07-08
goprobit_ll,regoprob2,../g/goprobit_ll.ado,ado,2026-07-08
ghquadm,regoprob2,../g/ghquadm.ado,ado,2026-07-08
rowranks,rowranks,rowranks.ado,ado,2026-07-08
rioc,rioc,rioc.ado,ado,2026-07-08
rioci,rioc,rioci.ado,ado,2026-07-08
reweight2,reweight2,reweight2.ado,ado,2026-07-08
round_exact,round_exact,round_exact.ado,ado,2026-07-08
rowsum,rowsum,rowsum.ado,ado,2026-07-08
randcmd,randcmd,randcmd.ado,ado,2026-07-08
readlog,readlog,readlog.ado,ado,2026-07-08
rca,rca,rca.ado,ado,2026-07-08
raschcvt,raschcvt,raschcvt.ado,ado,2026-07-08
radiusmatch,radiusmatch,radiusmatch.ado,ado,2026-07-08
rrreg,rrreg,rrreg.ado,ado,2026-07-08
regxfe,regxfe,regxfe.ado,ado,2026-07-08
itercenter,regxfe,../i/itercenter.ado,ado,2026-07-08
nredound,regxfe,../n/nredound.ado,ado,2026-07-08
reggae_music,reggae_music,reggae_music.ado,ado,2026-07-08
rdcont,rdcont,rdcont.ado,ado,2026-07-08
rangerun,rangerun,rangerun.ado,ado,2026-07-08
rangerun_run,rangerun,rangerun_run.ado,ado,2026-07-08
recode2,recode2,recode2.ado,ado,2026-07-08
rdpermute,rdpermute,rdpermute.ado,ado,2026-07-08
rocmic,rocmic,rocmic.ado,ado,2026-07-08
randinf,randinf,randinf.ado,ado,2026-07-08
reweight,reweight,reweight.ado,ado,2026-07-08
raewma,raewma,raewma.ado,ado,2026-07-08
rsens,rsens,rsens.ado,ado,2026-07-08
rdbalance,rdbalance,rdbalance.ado,ado,2026-07-08
reldist,reldist,reldist.ado,ado,2026-07-08
reldist_svyr,reldist,reldist_svyr.ado,ado,2026-07-08
rc2,rc2,rc2.ado,ado,2026-07-08
ridge2sls,ridge2sls,ridge2sls.ado,ado,2026-07-08
rcd,rcd,rcd.ado,ado,2026-07-08
ratio_plot,ratio_plot,ratio_plot.ado,ado,2026-07-08
rct_minim,rct_minim,rct_minim.ado,ado,2026-07-08
rwrmed,rwrmed,rwrmed.ado,ado,2026-07-08
rwrmed_calc,rwrmed,rwrmed_calc.ado,ado,2026-07-08
rasprt,rasprt,rasprt.ado,ado,2026-07-08
reorder,reorder,reorder.ado,ado,2026-07-08
rddsga,rddsga,rddsga.ado,ado,2026-07-08
rangejoin,rangejoin,rangejoin.ado,ado,2026-07-08
rangejoin_run,rangejoin,rangejoin_run.ado,ado,2026-07-08
rosner,rosner,rosner.ado,ado,2026-07-08
reglike,reglike,reglike.ado,ado,2026-07-08
runby,runby,runby.ado,ado,2026-07-08
runby_run,runby,runby_run.ado,ado,2026-07-08
rhsbsample,rhsbsample,rhsbsample.ado,ado,2026-07-08
reg_sandwich,reg_sandwich,reg_sandwich.ado,ado,2026-07-08
test_sandwich,reg_sandwich,../t/test_sandwich.ado,ado,2026-07-08
r2reg3,r2reg3,r2reg3.ado,ado,2026-07-08
_gvarprod,r2reg3,../_/_gvarprod.ado,ado,2026-07-08
ros,ros,ros.ado,ado,2026-07-08
boxcoxsim,ros,../b/boxcoxsim.ado,ado,2026-07-08
rds,rds,rds.ado,ado,2026-07-08
rds_network,rds,rds_network.ado,ado,2026-07-08
r2c,r2c,r2c.ado,ado,2026-07-08
rfl,rfl,rfl.ado,ado,2026-07-08
rflbdlg,rfl,rflbdlg.ado,ado,2026-07-08
rflsetmenu,rfl,rflsetmenu.ado,ado,2026-07-08
rfluse,rfl,rfluse.ado,ado,2026-07-08
rqr,rqr,rqr.ado,ado,2026-07-08
rqrplot,rqr,rqrplot.ado,ado,2026-07-08
rsz,rsz,rsz.ado,ado,2026-07-08
rtfclose,rtfutil,rtfclose.ado,ado,2026-07-08
rtfsect,rtfutil,rtfsect.ado,ado,2026-07-08
rtfopen,rtfutil,rtfopen.ado,ado,2026-07-08
rtflink,rtfutil,rtflink.ado,ado,2026-07-08
rtfcumlist,rtfutil,rtfcumlist.ado,ado,2026-07-08
rtfrstyle,rtfutil,rtfrstyle.ado,ado,2026-07-08
rtfhyper,rtfutil,rtfhyper.ado,ado,2026-07-08
rtfappend,rtfutil,rtfappend.ado,ado,2026-07-08
rtfinsert,rtfutil,rtfinsert.ado,ado,2026-07-08
redi,redi,redi.ado,ado,2026-07-08
regcheck,regcheck,regcheck.ado,ado,2026-07-08
rctmiss,rctmiss,rctmiss.ado,ado,2026-07-08
rctmiss_smlik,rctmiss,rctmiss_smlik.ado,ado,2026-07-08
randomtag,randomtag,randomtag.ado,ado,2026-07-08
resize,resize,resize.ado,ado,2026-07-08
resizec1leg,resize,resizec1leg.ado,ado,2026-07-08
resizecombine,resize,resizecombine.ado,ado,2026-07-08
readwind,readwind,readwind.ado,ado,2026-07-08
readfile,readwind,readfile.ado,ado,2026-07-08
fpe,readwind,../f/fpe.ado,ado,2026-07-08
rwolf,rwolf,rwolf.ado,ado,2026-07-08
rdpower,rdpower,rdpower.ado,ado,2026-07-08
reg_ss,reg_ss,reg_ss.ado,ado,2026-07-08
rev,rev,rev.ado,ado,2026-07-08
robstat,robstat,robstat.ado,ado,2026-07-08
randtreatseq,randtreatseq,randtreatseq.ado,ado,2026-07-08
robumeta,robumeta,robumeta.ado,ado,2026-07-08
rrcalc,rrcalc,rrcalc.ado,ado,2026-07-08
renames,renames,renames.ado,ado,2026-07-08
running,running,running.ado,ado,2026-07-08
raschtest,raschtest,raschtest.ado,ado,2026-07-08
raschtestv7,raschtest,raschtestv7.ado,ado,2026-07-08
gammasym,raschtest,../g/gammasym.ado,ado,2026-07-08
geekel2d,raschtest,../g/geekel2d.ado,ado,2026-07-08
elapse,raschtest,../e/elapse.ado,ado,2026-07-08
gausshermite,raschtest,../g/gausshermite.ado,ado,2026-07-08
genscore,raschtest,../g/genscore.ado,ado,2026-07-08
reformat,reformat,reformat.ado,ado,2026-07-08
rmhbounds,rmhbounds,rmhbounds.ado,ado,2026-07-08
reu,reu,reu.ado,ado,2026-07-08
roctabi,roctabi,roctabi.ado,ado,2026-07-08
reftex,reftex,reftex.ado,ado,2026-07-08
randcoef,randcoef,randcoef.ado,ado,2026-07-08
rori,rori,rori.ado,ado,2026-07-08
reset2,reset2,reset2.ado,ado,2026-07-08
retrodesign,retrodesign,retrodesign.ado,ado,2026-07-08
ridgeline_plot,ridgeline_plot,ridgeline_plot.ado,ado,2026-07-08
reshape8,reshape8,reshape8.ado,ado,2026-07-08
rsort,rsort,rsort.ado,ado,2026-07-08
respdiff,respdiff,respdiff.ado,ado,2026-07-08
ranktest,ranktest,ranktest.ado,ado,2026-07-08
ranktest9,ranktest,ranktest9.ado,ado,2026-07-08
ranktest11,ranktest,ranktest11.ado,ado,2026-07-08
resp,resp,resp.ado,ado,2026-07-08
_gresp,resp,../_/_gresp.ado,ado,2026-07-08
renlabv,renlabv,renlabv.ado,ado,2026-07-08
revrs,revrs,revrs.ado,ado,2026-07-08
sencode,revrs,../s/sencode.ado,ado,2026-07-08
robustpf,robustpf,robustpf.ado,ado,2026-07-08
report,report,report.ado,ado,2026-07-08
robustate,robustate,robustate.ado,ado,2026-07-08
reg2hdfe,reg2hdfe,reg2hdfe.ado,ado,2026-07-08
rwolf2,rwolf2,rwolf2.ado,ado,2026-07-08
rgroup,rgroup,rgroup.ado,ado,2026-07-08
rifhdreg,rif,rifhdreg.ado,ado,2026-07-08
rifsureg,rif,rifsureg.ado,ado,2026-07-08
rifmean,rif,rifmean.ado,ado,2026-07-08
rifsureg2,rif,rifsureg2.ado,ado,2026-07-08
bsrifhdreg,rif,../b/bsrifhdreg.ado,ado,2026-07-08
uqreg,rif,../u/uqreg.ado,ado,2026-07-08
oaxaca_rif,rif,../o/oaxaca_rif.ado,ado,2026-07-08
oaxaca_rif_old,rif,../o/oaxaca_rif_old.ado,ado,2026-07-08
_ghvar,rif,../_/_ghvar.ado,ado,2026-07-08
_grifvar,rif,../_/_grifvar.ado,ado,2026-07-08
_grifvar_old,rif,../_/_grifvar_old.ado,ado,2026-07-08
rmpw,rmpw,rmpw.ado,ado,2026-07-08
ranova,ranova,ranova.ado,ado,2026-07-08
romantoarabic,romantoarabic,romantoarabic.ado,ado,2026-07-08
robinson,robinson,robinson.ado,ado,2026-07-08
regcoef,regcoef,regcoef.ado,ado,2026-07-08
robnova,robnova,robnova.ado,ado,2026-07-08
rkqte,rkqte,rkqte.ado,ado,2026-07-08
reswage,reswage,reswage.ado,ado,2026-07-08
reswage_ll,reswage,reswage_ll.ado,ado,2026-07-08
recast2,recast2,recast2.ado,ado,2026-07-08
randomid,randomid,randomid.ado,ado,2026-07-08
rrlogit,rrlogit,rrlogit.ado,ado,2026-07-08
rrlogit_lf,rrlogit,rrlogit_lf.ado,ado,2026-07-08
rrlogit_p,rrlogit,rrlogit_p.ado,ado,2026-07-08
rbounds,rbounds,rbounds.ado,ado,2026-07-08
regmain,regmain,regmain.ado,ado,2026-07-08
_snormalreg,regmain,../_/_snormalreg.ado,ado,2026-07-08
_ltreg,regmain,../_/_ltreg.ado,ado,2026-07-08
_ggevaluator,regmain,../_/_ggevaluator.ado,ado,2026-07-08
_gedden,regmain,../_/_gedden.ado,ado,2026-07-08
_gtden,regmain,../_/_gtden.ado,ado,2026-07-08
_segb2evaluator,regmain,../_/_segb2evaluator.ado,ado,2026-07-08
_cauchyevaluator,regmain,../_/_cauchyevaluator.ado,ado,2026-07-08
_stden,regmain,../_/_stden.ado,ado,2026-07-08
_gedevaluator,regmain,../_/_gedevaluator.ado,ado,2026-07-08
_scauchyden,regmain,../_/_scauchyden.ado,ado,2026-07-08
_lcauchyevaluator,regmain,../_/_lcauchyevaluator.ado,ado,2026-07-08
_lnevaluator,regmain,../_/_lnevaluator.ado,ado,2026-07-08
_egb2evaluator,regmain,../_/_egb2evaluator.ado,ado,2026-07-08
_lnreg,regmain,../_/_lnreg.ado,ado,2026-07-08
_segb2den,regmain,../_/_segb2den.ado,ado,2026-07-08
_sgtden,regmain,../_/_sgtden.ado,ado,2026-07-08
_laplacereg,regmain,../_/_laplacereg.ado,ado,2026-07-08
_scauchyreg,regmain,../_/_scauchyreg.ado,ado,2026-07-08
_gtevaluator,regmain,../_/_gtevaluator.ado,ado,2026-07-08
_streg,regmain,../_/_streg.ado,ado,2026-07-08
_gb2evaluator,regmain,../_/_gb2evaluator.ado,ado,2026-07-08
_lcauchyreg,regmain,../_/_lcauchyreg.ado,ado,2026-07-08
_sgtreg,regmain,../_/_sgtreg.ado,ado,2026-07-08
_laplaceden,regmain,../_/_laplaceden.ado,ado,2026-07-08
_segb2reg,regmain,../_/_segb2reg.ado,ado,2026-07-08
_tevaluator,regmain,../_/_tevaluator.ado,ado,2026-07-08
_snormalden,regmain,../_/_snormalden.ado,ado,2026-07-08
_scauchyevaluator,regmain,../_/_scauchyevaluator.ado,ado,2026-07-08
_gedreg,regmain,../_/_gedreg.ado,ado,2026-07-08
_gtreg,regmain,../_/_gtreg.ado,ado,2026-07-08
_sgtevaluator,regmain,../_/_sgtevaluator.ado,ado,2026-07-08
_egb2den,regmain,../_/_egb2den.ado,ado,2026-07-08
_gb2reg,regmain,../_/_gb2reg.ado,ado,2026-07-08
_laplaceevaluator,regmain,../_/_laplaceevaluator.ado,ado,2026-07-08
_treg,regmain,../_/_treg.ado,ado,2026-07-08
_cauchyreg,regmain,../_/_cauchyreg.ado,ado,2026-07-08
_sgedden,regmain,../_/_sgedden.ado,ado,2026-07-08
_expevaluator,regmain,../_/_expevaluator.ado,ado,2026-07-08
_ggreg,regmain,../_/_ggreg.ado,ado,2026-07-08
_gammareg,regmain,../_/_gammareg.ado,ado,2026-07-08
_slaplaceden,regmain,../_/_slaplaceden.ado,ado,2026-07-08
_normalevaluator,regmain,../_/_normalevaluator.ado,ado,2026-07-08
_slaplaceevaluator,regmain,../_/_slaplaceevaluator.ado,ado,2026-07-08
_stevaluator,regmain,../_/_stevaluator.ado,ado,2026-07-08
_cauchyden,regmain,../_/_cauchyden.ado,ado,2026-07-08
_tden,regmain,../_/_tden.ado,ado,2026-07-08
_sgedreg,regmain,../_/_sgedreg.ado,ado,2026-07-08
_gammaevaluator,regmain,../_/_gammaevaluator.ado,ado,2026-07-08
_slaplacereg,regmain,../_/_slaplacereg.ado,ado,2026-07-08
_ltevaluator,regmain,../_/_ltevaluator.ado,ado,2026-07-08
_expreg,regmain,../_/_expreg.ado,ado,2026-07-08
_egb2reg,regmain,../_/_egb2reg.ado,ado,2026-07-08
_sgedevaluator,regmain,../_/_sgedevaluator.ado,ado,2026-07-08
_normalreg,regmain,../_/_normalreg.ado,ado,2026-07-08
_snormalevaluator,regmain,../_/_snormalevaluator.ado,ado,2026-07-08
rdci,rdci,rdci.ado,ado,2026-07-08
rdcii,rdci,rdcii.ado,ado,2026-07-08
redcapsetup,redcapsetup,redcapsetup.ado,ado,2026-07-08
rdrobust,rdrobust,rdrobust.ado,ado,2026-07-08
rdbwselect,rdrobust,rdbwselect.ado,ado,2026-07-08
rdplot,rdrobust,rdplot.ado,ado,2026-07-08
rdbwselect_2014,rdrobust,rdbwselect_2014.ado,ado,2026-07-08
rdbwselect_2014_kconst,rdrobust,rdbwselect_2014_kconst.ado,ado,2026-07-08
robit,robit,robit.ado,ado,2026-07-08
r2_nakagawa,r2_nakagawa,r2_nakagawa.ado,ado,2026-07-08
rctable,rctable,rctable.ado,ado,2026-07-08
robjb,robjb,robjb.ado,ado,2026-07-08
reshapelabel,reshapelabel,reshapelabel.ado,ado,2026-07-08
r2_mz,r2_mz,r2_mz.ado,ado,2026-07-08
rbfmvar,rbfmvar,rbfmvar.ado,ado,2026-07-08
rbfmvar_simulate,rbfmvar,rbfmvar_simulate.ado,ado,2026-07-08
rbfmvar_graph,rbfmvar,rbfmvar_graph.ado,ado,2026-07-08
_rbfmvar_mata,rbfmvar,../_/_rbfmvar_mata.ado,ado,2026-07-08
repkit,repkit,repkit.ado,ado,2026-07-08
repado,repkit,repado.ado,ado,2026-07-08
repadolog,repkit,repadolog.ado,ado,2026-07-08
reprun_dataline,repkit,reprun_dataline.ado,ado,2026-07-08
reprun,repkit,reprun.ado,ado,2026-07-08
reproot,repkit,reproot.ado,ado,2026-07-08
reproot_setup_dlg_output,repkit,reproot_setup_dlg_output.ado,ado,2026-07-08
reproot_parse,repkit,reproot_parse.ado,ado,2026-07-08
reproot_search,repkit,reproot_search.ado,ado,2026-07-08
reproot_setup,repkit,reproot_setup.ado,ado,2026-07-08
repscan,repkit,repscan.ado,ado,2026-07-08
lint,repkit,../l/lint.ado,ado,2026-07-08
regpred,regpred,regpred.ado,ado,2026-07-08
regoprob,regoprob,regoprob.ado,ado,2026-07-08
regoprob_p,regoprob,regoprob_p.ado,ado,2026-07-08
regoprob_ll,regoprob,regoprob_ll.ado,ado,2026-07-08
regoprob_llc,regoprob,regoprob_llc.ado,ado,2026-07-08
goprobit,regoprob,../g/goprobit.ado,ado,2026-07-08
goprobit_p,regoprob,../g/goprobit_p.ado,ado,2026-07-08
goprobit_ll,regoprob,../g/goprobit_ll.ado,ado,2026-07-08
ghquadm,regoprob,../g/ghquadm.ado,ado,2026-07-08
regoptwgt,regoptwgt,regoptwgt.ado,ado,2026-07-08
regoptwgt_loglik1endog,regoptwgt,regoptwgt_loglik1endog.ado,ado,2026-07-08
regoptwgt_loglik2endog,regoptwgt,regoptwgt_loglik2endog.ado,ado,2026-07-08
regoptwgt_loglik3plusendog,regoptwgt,regoptwgt_loglik3plusendog.ado,ado,2026-07-08
regfit,regfit,regfit.ado,ado,2026-07-08
repest,repest,repest.ado,ado,2026-07-08
runparscale,runparscale,runparscale.ado,ado,2026-07-08
rel_clust,rel_clust,rel_clust.ado,ado,2026-07-08
randomselect,randomselect,randomselect.ado,ado,2026-07-08
rensheet,rensheet,rensheet.ado,ado,2026-07-08
rdbwdensity,rddensity,rdbwdensity.ado,ado,2026-07-08
rddensity,rddensity,rddensity.ado,ado,2026-07-08
regpar,regpar,regpar.ado,ado,2026-07-08
regpar_p,regpar,regpar_p.ado,ado,2026-07-08
rii,rii,rii.ado,ado,2026-07-08
rmanova,rmanova,rmanova.ado,ado,2026-07-08
ranvar,ranvar,ranvar.ado,ado,2026-07-08
ranvar2,ranvar,ranvar2.ado,ado,2026-07-08
rollreg,rollreg,rollreg.ado,ado,2026-07-08
rcsgen,rcsgen,rcsgen.ado,ado,2026-07-08
rcsgen_example,rcsgen,rcsgen_example.ado,ado,2026-07-08
rsource,rsource,rsource.ado,ado,2026-07-08
revcat,revcat,revcat.ado,ado,2026-07-08
revcat_ll,revcat,revcat_ll.ado,ado,2026-07-08
revcat_pred,revcat,revcat_pred.ado,ado,2026-07-08
reg2docx,reg2docx,reg2docx.ado,ado,2026-07-08
sum2docx,reg2docx,../s/sum2docx.ado,ado,2026-07-08
relrank,relrank,relrank.ado,ado,2026-07-08
rdecompose,rdecompose,rdecompose.ado,ado,2026-07-08
rifle,rifle,rifle.ado,ado,2026-07-08
radf,radf,radf.ado,ado,2026-07-08
radf0,radf,radf0.ado,ado,2026-07-08
rcentile,rcentile,rcentile.ado,ado,2026-07-08
rho_xtregar,rho_xtregar,rho_xtregar.ado,ado,2026-07-08
readreplace,readreplace,readreplace.ado,ado,2026-07-08
regen,regen,regen.ado,ado,2026-07-08
block_and_cluster_ra,randomizr,../b/block_and_cluster_ra.ado,ado,2026-07-08
block_ra,randomizr,../b/block_ra.ado,ado,2026-07-08
cluster_ra,randomizr,../c/cluster_ra.ado,ado,2026-07-08
complete_ra,randomizr,../c/complete_ra.ado,ado,2026-07-08
simple_ra,randomizr,../s/simple_ra.ado,ado,2026-07-08
rmcorr,rmcorr,rmcorr.ado,ado,2026-07-08
randomize,randomize,randomize.ado,ado,2026-07-08
relyplot,relyplot,relyplot.ado,ado,2026-07-08
rankseg,rankseg,rankseg.ado,ado,2026-07-08
ridgereg,ridgereg,ridgereg.ado,ado,2026-07-08
robreg,robreg,robreg.ado,ado,2026-07-08
regtable,regtable,regtable.ado,ado,2026-07-08
ridgeline,ridgeline,ridgeline.ado,ado,2026-07-08
joyplot,ridgeline,../j/joyplot.ado,ado,2026-07-08
robbox,robbox,robbox.ado,ado,2026-07-08
richness,richness,richness.ado,ado,2026-07-08
r2_mlm,r2_mlm,r2_mlm.ado,ado,2026-07-08
r2_mlm_2L,r2_mlm,r2_mlm_2L.ado,ado,2026-07-08
r2_mlm_3L,r2_mlm,r2_mlm_3L.ado,ado,2026-07-08
r2_mlm_4L,r2_mlm,r2_mlm_4L.ado,ado,2026-07-08
r2_mlm_5L,r2_mlm,r2_mlm_5L.ado,ado,2026-07-08
raschify,raschify,raschify.ado,ado,2026-07-08
resetxt,resetxt,resetxt.ado,ado,2026-07-08
renvarlab,renvarlab,renvarlab.ado,ado,2026-07-08
randmarkovseq,randmarkovseq,randmarkovseq.ado,ado,2026-07-08
rdexo,rdexo,rdexo.ado,ado,2026-07-08
ikbw,rdexo,../i/ikbw.ado,ado,2026-07-08
rrp,rrp,rrp.ado,ado,2026-07-08
renfiles,renfiles,renfiles.ado,ado,2026-07-08
relicoef,relicoef,relicoef.ado,ado,2026-07-08
r_to_d,r_to_d,r_to_d.ado,ado,2026-07-08
repeatability,repeatability,repeatability.ado,ado,2026-07-08
rmclass,rmclass,rmclass.ado,ado,2026-07-08
r2o,r2o,r2o.ado,ado,2026-07-08
realcomimpute,realcomimpute,realcomimpute.ado,ado,2026-07-08
realcomimputeload,realcomimpute,realcomimputeload.ado,ado,2026-07-08
rddid,rddid,rddid.ado,ado,2026-07-08
rddidplot,rddid,rddidplot.ado,ado,2026-07-08
rddid_post_bw,rddid,rddid_post_bw.ado,ado,2026-07-08
rmse,rmse,rmse.ado,ado,2026-07-08
reclink,reclink,reclink.ado,ado,2026-07-08
reffadjustsim,reffadjust,reffadjustsim.ado,ado,2026-07-08
reffadjust4nlcom,reffadjust,reffadjust4nlcom.ado,ado,2026-07-08
regaxis,regaxis,regaxis.ado,ado,2026-07-08
logaxis,regaxis,../l/logaxis.ado,ado,2026-07-08
rrr,rrr,rrr.ado,ado,2026-07-08
rdcv,rdcv,rdcv.ado,ado,2026-07-08
rcspline,rcspline,rcspline.ado,ado,2026-07-08
toroman,roman,../t/toroman.ado,ado,2026-07-08
fromroman,roman,../f/fromroman.ado,ado,2026-07-08
regall,regall,regall.ado,ado,2026-07-08
regsets,regall,regsets.ado,ado,2026-07-08
reshape3,reshape3,reshape3.ado,ado,2026-07-08
regdis,regdis,regdis.ado,ado,2026-07-08
reganat,reganat,reganat.ado,ado,2026-07-08
regresby,regresby,regresby.ado,ado,2026-07-08
r2nlsur,r2nlsur,r2nlsur.ado,ado,2026-07-08
_gvarprod,r2nlsur,../_/_gvarprod.ado,ado,2026-07-08
raschpower,raschpower,raschpower.ado,ado,2026-07-08
pcm,raschpower,../p/pcm.ado,ado,2026-07-08
regsave,regsave,regsave.ado,ado,2026-07-08
regsave_tbl,regsave,regsave_tbl.ado,ado,2026-07-08
reporterror,reporterror,reporterror.ado,ado,2026-07-08
rosali,rosali,rosali.ado,ado,2026-07-08
rspeedindex,rspeedindex,rspeedindex.ado,ado,2026-07-08
rdmse,rdmse,rdmse.ado,ado,2026-07-08
altfrdbwselect,rdmse,../a/altfrdbwselect.ado,ado,2026-07-08
altrdbwselect,rdmse,../a/altrdbwselect.ado,ado,2026-07-08
altrdvce,rdmse,../a/altrdvce.ado,ado,2026-07-08
kconst,rdmse,../k/kconst.ado,ado,2026-07-08
rdmsef,rdmse,rdmsef.ado,ado,2026-07-08
rdmses_cct2014,rdmse,rdmses_cct2014.ado,ado,2026-07-08
rdmses,rdmse,rdmses.ado,ado,2026-07-08
rdmses2s,rdmse,rdmses2s.ado,ado,2026-07-08
rdmses2s,rdmse,rdmses2s.ado,ado,2026-07-08
recap,recap,recap.ado,ado,2026-07-08
recol,recol,recol.ado,ado,2026-07-08
radar,radar,radar.ado,ado,2026-07-08
regintfe,regintfe,regintfe.ado,ado,2026-07-08
rscript,rscript,rscript.ado,ado,2026-07-08
rd,rd,rd.ado,ado,2026-07-08
rd_obs,rd,rd_obs.ado,ado,2026-07-08
reg2logit,reg2logit,reg2logit.ado,ado,2026-07-08
runmixregls,runmixregls,runmixregls.ado,ado,2026-07-08
runmixregmls,runmixregls,runmixregmls.ado,ado,2026-07-08
runmixreg,runmixregls,runmixreg.ado,ado,2026-07-08
rsgt,rsgt,rsgt.ado,ado,2026-07-08
raschtestv7,raschtestv7,raschtestv7.ado,ado,2026-07-08
gammasym,raschtestv7,../g/gammasym.ado,ado,2026-07-08
geekel2d,raschtestv7,../g/geekel2d.ado,ado,2026-07-08
elapse,raschtestv7,../e/elapse.ado,ado,2026-07-08
genscore,raschtestv7,../g/genscore.ado,ado,2026-07-08
gausshermite,raschtestv7,../g/gausshermite.ado,ado,2026-07-08
regproject,regproject,regproject.ado,ado,2026-07-08
_regproject_ts,regproject,../_/_regproject_ts.ado,ado,2026-07-08
_regproject_pan,regproject,../_/_regproject_pan.ado,ado,2026-07-08
_regproject_cs,regproject,../_/_regproject_cs.ado,ado,2026-07-08
_regproject_nomo,regproject,../_/_regproject_nomo.ado,ado,2026-07-08
rassign,rassign,rassign.ado,ado,2026-07-08
reghdfejl,reghdfejl,reghdfejl.ado,ado,2026-07-08
reghdfejl_p,reghdfejl,reghdfejl_p.ado,ado,2026-07-08
reghdfejl_estat,reghdfejl,reghdfejl_estat.ado,ado,2026-07-08
reghdfejl_load,reghdfejl,reghdfejl_load.ado,ado,2026-07-08
reghdfejl_masker,reghdfejl,reghdfejl_masker.ado,ado,2026-07-08
reghdfejl_parse_absorb,reghdfejl,reghdfejl_parse_absorb.ado,ado,2026-07-08
partialhdfejl,reghdfejl,../p/partialhdfejl.ado,ado,2026-07-08
rewrite,rewrite,rewrite.ado,ado,2026-07-08
checkax,rpaxioms,../c/checkax.ado,ado,2026-07-08
aei,rpaxioms,../a/aei.ado,ado,2026-07-08
powerps,rpaxioms,../p/powerps.ado,ado,2026-07-08
rangestat,rangestat,rangestat.ado,ado,2026-07-08
rangestat_run,rangestat,rangestat_run.ado,ado,2026-07-08
r_ml_stata_cv,r_ml_stata_cv,r_ml_stata_cv.ado,ado,2026-07-08
r_ml_stata_default,r_ml_stata_cv,r_ml_stata_default.ado,ado,2026-07-08
get_train_test,r_ml_stata_cv,../g/get_train_test.ado,ado,2026-07-08
pylearn,r_ml_stata_cv,../p/pylearn.ado,ado,2026-07-08
r2var,r2var,r2var.ado,ado,2026-07-08
_gvarprod,r2var,../_/_gvarprod.ado,ado,2026-07-08
recocl,recocl,recocl.ado,ado,2026-07-08
rscore,rscore,rscore.ado,ado,2026-07-08
rq,rq,rq.ado,ado,2026-07-08
rosssekh,rosssekh,rosssekh.ado,ado,2026-07-08
giacross,rosssekh,../g/giacross.ado,ado,2026-07-08
replacen,replacen,replacen.ado,ado,2026-07-08
roblpr,roblpr,roblpr.ado,ado,2026-07-08
rdqte,rdqte,rdqte.ado,ado,2026-07-08
reghdfe,reghdfe,reghdfe.ado,ado,2026-07-08
reghdfe3,reghdfe,reghdfe3.ado,ado,2026-07-08
reghdfe_p,reghdfe,reghdfe_p.ado,ado,2026-07-08
reghdfe3_p,reghdfe,reghdfe3_p.ado,ado,2026-07-08
reghdfe5,reghdfe,reghdfe5.ado,ado,2026-07-08
reghdfe5_p,reghdfe,reghdfe5_p.ado,ado,2026-07-08
reghdfe_estat,reghdfe,reghdfe_estat.ado,ado,2026-07-08
reghdfe3_estat,reghdfe,reghdfe3_estat.ado,ado,2026-07-08
reghdfe5_estat,reghdfe,reghdfe5_estat.ado,ado,2026-07-08
reghdfe5_parse,reghdfe,reghdfe5_parse.ado,ado,2026-07-08
reghdfe_footnote,reghdfe,reghdfe_footnote.ado,ado,2026-07-08
reghdfe3_footnote,reghdfe,reghdfe3_footnote.ado,ado,2026-07-08
reghdfe5_footnote,reghdfe,reghdfe5_footnote.ado,ado,2026-07-08
estfe,reghdfe,../e/estfe.ado,ado,2026-07-08
reghdfe_header,reghdfe,reghdfe_header.ado,ado,2026-07-08
reghdfe5_header,reghdfe,reghdfe5_header.ado,ado,2026-07-08
reghdfe5_parse,reghdfe,reghdfe5_parse.ado,ado,2026-07-08
regwls,regwls,regwls.ado,ado,2026-07-08
ras,ras,ras.ado,ado,2026-07-08
rcl,rcl,rcl.ado,ado,2026-07-08
nwspgr,rcl,../n/nwspgr.ado,ado,2026-07-08
rotate2,rotate2,rotate2.ado,ado,2026-07-08
rollstat,rollstat,rollstat.ado,ado,2026-07-08
rely,rely,rely.ado,ado,2026-07-08
ridder,ridder,ridder.ado,ado,2026-07-08
robreg10,robreg10,robreg10.ado,ado,2026-07-08
relogit,relogit,relogit.ado,ado,2026-07-08
relogitq,relogit,relogitq.ado,ado,2026-07-08
setx,relogit,../s/setx.ado,ado,2026-07-08
setxHL,relogit,../s/setxHL.ado,ado,2026-07-08
rdiff,rdiff,rdiff.ado,ado,2026-07-08
rpme,rpme,rpme.ado,ado,2026-07-08
rmloa,rmloa,rmloa.ado,ado,2026-07-08
rbiprobit,rbiprobit,rbiprobit.ado,ado,2026-07-08
rbiprobit_lf1,rbiprobit,rbiprobit_lf1.ado,ado,2026-07-08
rbiprobit_margdec,rbiprobit,rbiprobit_margdec.ado,ado,2026-07-08
rbiprobit_p,rbiprobit,rbiprobit_p.ado,ado,2026-07-08
rbiprobit_tmeffects,rbiprobit,rbiprobit_tmeffects.ado,ado,2026-07-08
revv,revv,revv.ado,ado,2026-07-08
r2sem,r2sem,r2sem.ado,ado,2026-07-08
_gvarprod,r2sem,../_/_gvarprod.ado,ado,2026-07-08
rglm,rglm,rglm.ado,ado,2026-07-08
rmfiles,rmfiles,rmfiles.ado,ado,2026-07-08
rocss,rocss,rocss.ado,ado,2026-07-08
rc_spline,rc_spline,rc_spline.ado,ado,2026-07-08
reset,reset,reset.ado,ado,2026-07-08
rdstagger,rdstagger,rdstagger.ado,ado,2026-07-08
rdstagger_agg,rdstagger,rdstagger_agg.ado,ado,2026-07-08
rdstagger_plot,rdstagger,rdstagger_plot.ado,ado,2026-07-08
rdstagger_pretest,rdstagger,rdstagger_pretest.ado,ado,2026-07-08
rdstagger_sim,rdstagger,rdstagger_sim.ado,ado,2026-07-08
rdstagger_spillover,rdstagger,rdstagger_spillover.ado,ado,2026-07-08
riigen,riigen,riigen.ado,ado,2026-07-08
rotatesort,rotatesort,rotatesort.ado,ado,2026-07-08
require,require,require.ado,ado,2026-07-08
crsconvert_core,readraster,../c/crsconvert_core.ado,ado,2026-07-08
crsconvert,readraster,../c/crsconvert.ado,ado,2026-07-08
geotools_init,readraster,../g/geotools_init.ado,ado,2026-07-08
gtiffdisp_core,readraster,../g/gtiffdisp_core.ado,ado,2026-07-08
gtiffdisp,readraster,../g/gtiffdisp.ado,ado,2026-07-08
gtiffread_core,readraster,../g/gtiffread_core.ado,ado,2026-07-08
gtiffread,readraster,../g/gtiffread.ado,ado,2026-07-08
gzonalstats_core,readraster,../g/gzonalstats_core.ado,ado,2026-07-08
gzonalstats,readraster,../g/gzonalstats.ado,ado,2026-07-08
matchgeop,readraster,../m/matchgeop.ado,ado,2026-07-08
ncdisp_core,readraster,../n/ncdisp_core.ado,ado,2026-07-08
ncdisp,readraster,../n/ncdisp.ado,ado,2026-07-08
ncinfo,readraster,../n/ncinfo.ado,ado,2026-07-08
ncread_core,readraster,../n/ncread_core.ado,ado,2026-07-08
ncread,readraster,../n/ncread.ado,ado,2026-07-08
ncreadbysec,readraster,../n/ncreadbysec.ado,ado,2026-07-08
ncreadtocsv,readraster,../n/ncreadtocsv.ado,ado,2026-07-08
ncreadtocsvbysec,readraster,../n/ncreadtocsvbysec.ado,ado,2026-07-08
netcdf_init,readraster,../n/netcdf_init.ado,ado,2026-07-08
nzonalstats_core,readraster,../n/nzonalstats_core.ado,ado,2026-07-08
zonalstats,readraster,../z/zonalstats.ado,ado,2026-07-08
randtreat,randtreat,randtreat.ado,ado,2026-07-08
rcm,rcm,rcm.ado,ado,2026-07-08
rhausman,rhausman,rhausman.ado,ado,2026-07-08
rolling2,rolling2,rolling2.ado,ado,2026-07-08
rqrs,rqrs,rqrs.ado,ado,2026-07-08
rsoort,rsoort,rsoort.ado,ado,2026-07-08
riflogit,riflogit,riflogit.ado,ado,2026-07-08
riflogit_p,riflogit,riflogit_p.ado,ado,2026-07-08
riflogit_RIF,riflogit,riflogit_RIF.ado,ado,2026-07-08
repsample,repsample,repsample.ado,ado,2026-07-08
reduce_aigc,reduce_aigc,reduce_aigc.ado,ado,2026-07-08
rdesigni,rdesigni,rdesigni.ado,ado,2026-07-08
replacebylab,replacebylab,replacebylab.ado,ado,2026-07-08
rgb2,rgb2,rgb2.ado,ado,2026-07-08
rtmci,rtmci,rtmci.ado,ado,2026-07-08
rtmcii,rtmci,rtmcii.ado,ado,2026-07-08
rtm_calc,rtmci,rtm_calc.ado,ado,2026-07-08
regtex,regtex,regtex.ado,ado,2026-07-08
reg2tex,regtex,reg2tex.ado,ado,2026-07-08
rolling3,rolling3,rolling3.ado,ado,2026-07-08
robmv,robmv,robmv.ado,ado,2026-07-08
robmv_p,robmv,robmv_p.ado,ado,2026-07-08
regife,regife,regife.ado,ado,2026-07-08
innerregife,regife,../i/innerregife.ado,ado,2026-07-08
ife,regife,../i/ife.ado,ado,2026-07-08
ultimatch,ultimatch,ultimatch.ado,ado,2026-07-08
urall,urall,urall.ado,ado,2026-07-08
urtable,urtable,urtable.ado,ado,2026-07-08
ueve,ueve,ueve.ado,ado,2026-07-08
usesome,usesome,usesome.ado,ado,2026-07-08
upset_plot,upset_plot,upset_plot.ado,ado,2026-07-08
_upsetruleparse,upset_plot,../_/_upsetruleparse.ado,ado,2026-07-08
_upsetlabfetch,upset_plot,../_/_upsetlabfetch.ado,ado,2026-07-08
_upsetexample,upset_plot,../_/_upsetexample.ado,ado,2026-07-08
usepackage,usepackage,usepackage.ado,ado,2026-07-08
use13,use13,use13.ado,ado,2026-07-08
underid,underid,underid.ado,ado,2026-07-08
ucspsplit,ucspsplit,ucspsplit.ado,ado,2026-07-08
use10,use10,use10.ado,ado,2026-07-08
use10reformat,use10,use10reformat.ado,ado,2026-07-08
webuse10,use10,../w/webuse10.ado,ado,2026-07-08
des10,use10,../d/des10.ado,ado,2026-07-08
umeta,umeta,umeta.ado,ado,2026-07-08
umetap,umeta,umetap.ado,ado,2026-07-08
uirt_sim,uirt_sim,uirt_sim.ado,ado,2026-07-08
use10save9,use10save9,use10save9.ado,ado,2026-07-08
uirt,uirt,uirt.ado,ado,2026-07-08
uirt_chi2w,uirt,uirt_chi2w.ado,ado,2026-07-08
uirt_dif,uirt,uirt_dif.ado,ado,2026-07-08
uirt_esf,uirt,uirt_esf.ado,ado,2026-07-08
uirt_icc,uirt,uirt_icc.ado,ado,2026-07-08
uirt_inf,uirt,uirt_inf.ado,ado,2026-07-08
uirt_sx2,uirt,uirt_sx2.ado,ado,2026-07-08
uirt_theta,uirt,uirt_theta.ado,ado,2026-07-08
use13save12,use13save12,use13save12.ado,ado,2026-07-08
 WIN64 usespss,usespss, WIN64 usespss.ado,ado,2026-07-08
desspss,usespss, ../d/desspss.ado,ado,2026-07-08
_usespss,usespss, ../_/_usespss.ado,ado,2026-07-08
_desspss,usespss, ../_/_desspss.ado,ado,2026-07-08
upoint,upoint,upoint.ado,ado,2026-07-08
undid_diff,undid,undid_diff.ado,ado,2026-07-08
undid_init,undid,undid_init.ado,ado,2026-07-08
undid_plot,undid,undid_plot.ado,ado,2026-07-08
undid_stage_three,undid,undid_stage_three.ado,ado,2026-07-08
undid_stage_two,undid,undid_stage_two.ado,ado,2026-07-08
_parse_date_to_string,undid,../_/_parse_date_to_string.ado,ado,2026-07-08
_parse_string_to_date,undid,../_/_parse_string_to_date.ado,ado,2026-07-08
uniquestrata,uniquestrata,uniquestrata.ado,ado,2026-07-08
udiff,udiff,udiff.ado,ado,2026-07-08
udiff_lf,udiff,udiff_lf.ado,ado,2026-07-08
udiff_p,udiff,udiff_p.ado,ado,2026-07-08
udiff_estat,udiff,udiff_estat.ado,ado,2026-07-08
univar,univar,univar.ado,ado,2026-07-08
useold,useold,useold.ado,ado,2026-07-08
ua,ua,ua.ado,ado,2026-07-08
urstat,urstat,urstat.ado,ado,2026-07-08
unicefdata,unicefdata,unicefdata.ado,ado,2026-07-08
__unicef_fetch_paged,unicefdata,../_/__unicef_fetch_paged.ado,ado,2026-07-08
__unicef_get_indicator_dataflow,unicefdata,../_/__unicef_get_indicator_dataflow.ado,ado,2026-07-08
__unicef_get_indicator_filters,unicefdata,../_/__unicef_get_indicator_filters.ado,ado,2026-07-08
__unicef_parse_ind_yaml_v2,unicefdata,../_/__unicef_parse_ind_yaml_v2.ado,ado,2026-07-08
__unicef_parse_indicator_yaml,unicefdata,../_/__unicef_parse_indicator_yaml.ado,ado,2026-07-08
__unicef_parse_indicators_yaml,unicefdata,../_/__unicef_parse_indicators_yaml.ado,ado,2026-07-08
_get_dataflow_direct,unicefdata,../_/_get_dataflow_direct.ado,ado,2026-07-08
_get_sdmx_rename_year_columns,unicefdata,../_/_get_sdmx_rename_year_columns.ado,ado,2026-07-08
_linewrap,unicefdata,../_/_linewrap.ado,ado,2026-07-08
_metadata_linewrap,unicefdata,../_/_metadata_linewrap.ado,ado,2026-07-08
_set_default_dataflows,unicefdata,../_/_set_default_dataflows.ado,ado,2026-07-08
_unicef_build_schema_key,unicefdata,../_/_unicef_build_schema_key.ado,ado,2026-07-08
_unicef_dataflow_info,unicefdata,../_/_unicef_dataflow_info.ado,ado,2026-07-08
_unicef_get_disagg_totals,unicefdata,../_/_unicef_get_disagg_totals.ado,ado,2026-07-08
_unicef_indicator_info,unicefdata,../_/_unicef_indicator_info.ado,ado,2026-07-08
_unicef_list_dataflows,unicefdata,../_/_unicef_list_dataflows.ado,ado,2026-07-08
_unicef_list_indicators,unicefdata,../_/_unicef_list_indicators.ado,ado,2026-07-08
_unicef_load_indicators_cache,unicefdata,../_/_unicef_load_indicators_cache.ado,ado,2026-07-08
_unicef_search_indicators,unicefdata,../_/_unicef_search_indicators.ado,ado,2026-07-08
_unicefdata_check_yaml,unicefdata,../_/_unicefdata_check_yaml.ado,ado,2026-07-08
_unicefdata_setup,unicefdata,../_/_unicefdata_setup.ado,ado,2026-07-08
_unicefdata_sync_dataflow_index,unicefdata,../_/_unicefdata_sync_dataflow_index.ado,ado,2026-07-08
_unicefdata_sync_df_schema,unicefdata,../_/_unicefdata_sync_df_schema.ado,ado,2026-07-08
_unicefdata_sync_ind_meta,unicefdata,../_/_unicefdata_sync_ind_meta.ado,ado,2026-07-08
_unicefdata_update_sync_history,unicefdata,../_/_unicefdata_update_sync_history.ado,ado,2026-07-08
_xmltoyaml_get_schema,unicefdata,../_/_xmltoyaml_get_schema.ado,ado,2026-07-08
_xmltoyaml_parse,unicefdata,../_/_xmltoyaml_parse.ado,ado,2026-07-08
_xmltoyaml_parse_lines,unicefdata,../_/_xmltoyaml_parse_lines.ado,ado,2026-07-08
_xmltoyaml_parse_python,unicefdata,../_/_xmltoyaml_parse_python.ado,ado,2026-07-08
_xmltoyaml_parse_stata,unicefdata,../_/_xmltoyaml_parse_stata.ado,ado,2026-07-08
_yaml_collapse,unicefdata,../_/_yaml_collapse.ado,ado,2026-07-08
_yaml_fastread,unicefdata,../_/_yaml_fastread.ado,ado,2026-07-08
_yaml_mataread,unicefdata,../_/_yaml_mataread.ado,ado,2026-07-08
_yaml_tokenize_line,unicefdata,../_/_yaml_tokenize_line.ado,ado,2026-07-08
get_sdmx,unicefdata,../g/get_sdmx.ado,ado,2026-07-08
unicefdata_examples,unicefdata,unicefdata_examples.ado,ado,2026-07-08
unicefdata_refresh_all,unicefdata,unicefdata_refresh_all.ado,ado,2026-07-08
unicefdata_sync,unicefdata,unicefdata_sync.ado,ado,2026-07-08
unicefdata_xmltoyaml,unicefdata,unicefdata_xmltoyaml.ado,ado,2026-07-08
unicefdata_xmltoyaml_py,unicefdata,unicefdata_xmltoyaml_py.ado,ado,2026-07-08
yaml,unicefdata,../y/yaml.ado,ado,2026-07-08
yaml_clear,unicefdata,../y/yaml_clear.ado,ado,2026-07-08
yaml_describe,unicefdata,../y/yaml_describe.ado,ado,2026-07-08
yaml_dir,unicefdata,../y/yaml_dir.ado,ado,2026-07-08
yaml_frames,unicefdata,../y/yaml_frames.ado,ado,2026-07-08
yaml_get,unicefdata,../y/yaml_get.ado,ado,2026-07-08
yaml_list,unicefdata,../y/yaml_list.ado,ado,2026-07-08
yaml_read,unicefdata,../y/yaml_read.ado,ado,2026-07-08
yaml_validate,unicefdata,../y/yaml_validate.ado,ado,2026-07-08
yaml_write,unicefdata,../y/yaml_write.ado,ado,2026-07-08
unemp,unemp,unemp.ado,ado,2026-07-08
usos,usos,usos.ado,ado,2026-07-08
usagelog,usagelog,usagelog.ado,ado,2026-07-08
etime,usagelog,../e/etime.ado,ado,2026-07-08
univstat,univstat,univstat.ado,ado,2026-07-08
unitab,unitab,unitab.ado,ado,2026-07-08
unicode2ascii,unicode2ascii,unicode2ascii.ado,ado,2026-07-08
ascii2unicode,unicode2ascii,../a/ascii2unicode.ado,ado,2026-07-08
whichencoding,unicode2ascii,../w/whichencoding.ado,ado,2026-07-08
usexmlex,usexmlex,usexmlex.ado,ado,2026-07-08
usexmlex_dlgs,usexmlex,usexmlex_dlgs.ado,ado,2026-07-08
unique,unique,unique.ado,ado,2026-07-08
upsetplot,upsetplot,upsetplot.ado,ado,2026-07-08
sortmean,upsetplot,../s/sortmean.ado,ado,2026-07-08
usesas,usesas,usesas.ado,ado,2026-07-08
usesasdel,usesas,usesasdel.ado,ado,2026-07-08
sasexe,usesas,../s/sasexe.ado,ado,2026-07-08
adoedit,usesas,../a/adoedit.ado,ado,2026-07-08
tmpdir,usesas,../t/tmpdir.ado,ado,2026-07-08
shortdir,usesas,../s/shortdir.ado,ado,2026-07-08
confirmdir,usesas,../c/confirmdir.ado,ado,2026-07-08
uselab,uselab,uselab.ado,ado,2026-07-08
urcovar,urcovar,urcovar.ado,ado,2026-07-08
utest,utest,utest.ado,ado,2026-07-08
umbrella,umbrella,umbrella.ado,ado,2026-07-08
ucgof,ucgof,ucgof.ado,ado,2026-07-08
usd,usd,usd.ado,ado,2026-07-08
usort,usort,usort.ado,ado,2026-07-08
unitchg,unitchg,unitchg.ado,ado,2026-07-08
_gunitchg,unitchg,../_/_gunitchg.ado,ado,2026-07-08
unitchg_currency,unitchg,unitchg_currency.ado,ado,2026-07-08
unitchg_ratio,unitchg,unitchg_ratio.ado,ado,2026-07-08
intext,intext,intext.ado,ado,2026-07-08
tfconcat,intext,../t/tfconcat.ado,ado,2026-07-08
isco6888,isco,isco6888.ado,ado,2026-07-08
iscoegp,isco,iscoegp.ado,ado,2026-07-08
iscoisei,isco,iscoisei.ado,ado,2026-07-08
iscolab,isco,iscolab.ado,ado,2026-07-08
iscotrei,isco,iscotrei.ado,ado,2026-07-08
ivpermute,ivpermute,ivpermute.ado,ado,2026-07-08
itsadgp,itsadgp,itsadgp.ado,ado,2026-07-08
iot,iot,iot.ado,ado,2026-07-08
installpkg,installpkg,installpkg.ado,ado,2026-07-08
installpkgdlg,installpkg,installpkgdlg.ado,ado,2026-07-08
installpkgmenu,installpkg,installpkgmenu.ado,ado,2026-07-08
make2,installpkg,../m/make2.ado,ado,2026-07-08
nextcpkgdlg,installpkg,../n/nextcpkgdlg.ado,ado,2026-07-08
createpkgdlg,installpkg,../c/createpkgdlg.ado,ado,2026-07-08
createtocdlg,installpkg,../c/createtocdlg.ado,ado,2026-07-08
ipdforest,ipdforest,ipdforest.ado,ado,2026-07-08
integrate,integrate,integrate.ado,ado,2026-07-08
scmod1,icalc,../s/scmod1.ado,ado,2026-07-08
getbvarbmod,icalc,../g/getbvarbmod.ado,ado,2026-07-08
definefm,icalc,../d/definefm.ado,ado,2026-07-08
sigreg,icalc,../s/sigreg.ado,ado,2026-07-08
contyhat,icalc,../c/contyhat.ado,ado,2026-07-08
defdualaxislab,icalc,../d/defdualaxislab.ado,ado,2026-07-08
solvebvquad,icalc,../s/solvebvquad.ado,ado,2026-07-08
scmod2,icalc,../s/scmod2.ado,ado,2026-07-08
frqfocmod1,icalc,../f/frqfocmod1.ado,ado,2026-07-08
srform,icalc,../s/srform.ado,ado,2026-07-08
outdisp,icalc,../o/outdisp.ado,ado,2026-07-08
getvb,icalc,../g/getvb.ado,ado,2026-07-08
cbplot,icalc,../c/cbplot.ado,ado,2026-07-08
atspec,icalc,../a/atspec.ado,ado,2026-07-08
pathdiagfull,icalc,../p/pathdiagfull.ado,ado,2026-07-08
baryhat,icalc,../b/baryhat.ado,ado,2026-07-08
getb,icalc,../g/getb.ado,ado,2026-07-08
scatyhat,icalc,../s/scatyhat.ado,ado,2026-07-08
gfi,icalc,../g/gfi.ado,ado,2026-07-08
axisdigit,icalc,../a/axisdigit.ado,ado,2026-07-08
intspec,icalc,intspec.ado,ado,2026-07-08
stripfv,icalc,../s/stripfv.ado,ado,2026-07-08
plotcomb,icalc,../p/plotcomb.ado,ado,2026-07-08
ctrstr,icalc,../c/ctrstr.ado,ado,2026-07-08
defdualaxislabbar,icalc,../d/defdualaxislabbar.ado,ado,2026-07-08
effdisp,icalc,../e/effdisp.ado,ado,2026-07-08
pathdiag,icalc,../p/pathdiag.ado,ado,2026-07-08
mkmargvar,icalc,../m/mkmargvar.ado,ado,2026-07-08
getfvbase,icalc,../g/getfvbase.ado,ado,2026-07-08
eqndefine,icalc,../e/eqndefine.ado,ado,2026-07-08
proprstr,icalc,../p/proprstr.ado,ado,2026-07-08
getfvname,icalc,../g/getfvname.ado,ado,2026-07-08
conplot,icalc,../c/conplot.ado,ado,2026-07-08
defaxislab,icalc,../d/defaxislab.ado,ado,2026-07-08
errbplot,icalc,../e/errbplot.ado,ado,2026-07-08
dualaxislabcontour,icalc,../d/dualaxislabcontour.ado,ado,2026-07-08
rcform,icalc,../r/rcform.ado,ado,2026-07-08
frqmod,icalc,../f/frqmod.ado,ado,2026-07-08
getvallab,icalc,../g/getvallab.ado,ado,2026-07-08
barxlinedraw,icalc,../b/barxlinedraw.ado,ado,2026-07-08
icalc,icalc,../s/scheme-icalc.scheme,scheme,2026-07-08
ie_rate,ie_rate,ie_rate.ado,ado,2026-07-08
ie_reg,ie_rate,ie_reg.ado,ado,2026-07-08
ie_norm,ie_rate,ie_norm.ado,ado,2026-07-08
ishere,ishere,ishere.ado,ado,2026-07-08
ice,ice,ice.ado,ado,2026-07-08
ice_,ice,ice_.ado,ado,2026-07-08
ice_reformat,ice,ice_reformat.ado,ado,2026-07-08
cmdchk,ice,../c/cmdchk.ado,ado,2026-07-08
micombine,ice,../m/micombine.ado,ado,2026-07-08
mijoin,ice,../m/mijoin.ado,ado,2026-07-08
misplit,ice,../m/misplit.ado,ado,2026-07-08
uvis,ice,../u/uvis.ado,ado,2026-07-08
ivolsdec,ivolsdec,ivolsdec.ado,ado,2026-07-08
integrate_aq,integrate_aq,integrate_aq.ado,ado,2026-07-08
isopoverty,isopoverty,isopoverty.ado,ado,2026-07-08
itmeus,itmeus,itmeus.ado,ado,2026-07-08
ivgauss2,ivgauss2,ivgauss2.ado,ado,2026-07-08
ivgln_ll,ivgauss2,ivgln_ll.ado,ado,2026-07-08
icet,icet,icet.ado,ado,2026-07-08
tuni,icet,../t/tuni.ado,ado,2026-07-08
imbalance,imbalance,imbalance.ado,ado,2026-07-08
iscoil,iscoil,iscoil.ado,ado,2026-07-08
ilses,iscoil,ilses.ado,ado,2026-07-08
isco08isei,iscoil,isco08isei.ado,ado,2026-07-08
istdize,istdize,istdize.ado,ado,2026-07-08
iop,iop,iop.ado,ado,2026-07-08
itsaperm,itsaperm,itsaperm.ado,ado,2026-07-08
itsamatch,itsaperm,itsamatch.ado,ado,2026-07-08
itsa,itsaperm,itsa.ado,ado,2026-07-08
glm2,itsaperm,../g/glm2.ado,ado,2026-07-08
ivactest,ivactest,ivactest.ado,ado,2026-07-08
itsa,itsa,itsa.ado,ado,2026-07-08
glm2,itsa,../g/glm2.ado,ado,2026-07-08
praisk,itsa,../p/praisk.ado,ado,2026-07-08
praisk_p,itsa,../p/praisk_p.ado,ado,2026-07-08
inteff3,inteff3,inteff3.ado,ado,2026-07-08
isocodes,isocodes,isocodes.ado,ado,2026-07-08
ic,ic,ic.ado,ado,2026-07-08
ici,ic,ici.ado,ado,2026-07-08
icp,ic,icp.ado,ado,2026-07-08
intterms,intterms,intterms.ado,ado,2026-07-08
ivcloglog,ivcloglog,ivcloglog.ado,ado,2026-07-08
ivcloglog_ex,ivcloglog,ivcloglog_ex.ado,ado,2026-07-08
gmm_ivcloglog,ivcloglog,../g/gmm_ivcloglog.ado,ado,2026-07-08
ipfweight,ipfweight,ipfweight.ado,ado,2026-07-08
igenerate,igenerate,igenerate.ado,ado,2026-07-08
ie,inclusion_economics_scheme,../s/scheme-ie.scheme,scheme,2026-07-08
ie2,inclusion_economics_scheme,../s/scheme-ie2.scheme,scheme,2026-07-08
iefonts,inclusion_economics_scheme,iefonts.ado,ado,2026-07-08
indeplist,indeplist,indeplist.ado,ado,2026-07-08
ivqreg2,ivqreg2,ivqreg2.ado,ado,2026-07-08
intgph,intgph,intgph.ado,ado,2026-07-08
inflate,inflate,inflate.ado,ado,2026-07-08
icc2,icc2,icc2.ado,ado,2026-07-08
irrepro,irrepro,irrepro.ado,ado,2026-07-08
irrepron,irrepro,irrepron.ado,ado,2026-07-08
ineqdecgini,ineqdecgini,ineqdecgini.ado,ado,2026-07-08
ineqdeco,ineqdeco,ineqdeco.ado,ado,2026-07-08
ineqdeco5,ineqdeco,ineqdeco5.ado,ado,2026-07-08
iota,iota,iota.ado,ado,2026-07-08
ineqord,ineqord,ineqord.ado,ado,2026-07-08
iia,iia,iia.ado,ado,2026-07-08
hausman,iia,../h/hausman.ado,ado,2026-07-08
itsarand,itsarand,itsarand.ado,ado,2026-07-08
insingap,insingap,insingap.ado,ado,2026-07-08
itvalpctile,itvalpctile,itvalpctile.ado,ado,2026-07-08
idonepsu,idonepsu,idonepsu.ado,ado,2026-07-08
imputemok,imputemok,imputemok.ado,ado,2026-07-08
inlist2,inlist2,inlist2.ado,ado,2026-07-08
ivmediate,ivmediate,ivmediate.ado,ado,2026-07-08
imputerasch,imputerasch,imputerasch.ado,ado,2026-07-08
itsamatch,itsamatch,itsamatch.ado,ado,2026-07-08
itsa,itsamatch,itsa.ado,ado,2026-07-08
glm2,itsamatch,../g/glm2.ado,ado,2026-07-08
ipwlogit,ipwlogit,ipwlogit.ado,ado,2026-07-08
_ipwlogit_svy,ipwlogit,../_/_ipwlogit_svy.ado,ado,2026-07-08
ipf,ipf,ipf.ado,ado,2026-07-08
iati,iati,iati.ado,ado,2026-07-08
ipshin,ipshin,ipshin.ado,ado,2026-07-08
iccconf,iccconf,iccconf.ado,ado,2026-07-08
ivtreatreg,ivtreatreg,ivtreatreg.ado,ado,2026-07-08
ivreg_ss,ivreg_ss,ivreg_ss.ado,ado,2026-07-08
ivglog,ivglog,ivglog.ado,ado,2026-07-08
ivgln_ll,ivglog,ivgln_ll.ado,ado,2026-07-08
ivregress2,ivregress2,ivregress2.ado,ado,2026-07-08
iccvar,iccvar,iccvar.ado,ado,2026-07-08
icc23,icc23,icc23.ado,ado,2026-07-08
ivreg2h,ivreg2h,ivreg2h.ado,ado,2026-07-08
ivreg2hfe,ivreg2h,ivreg2hfe.ado,ado,2026-07-08
isvar,isvar,isvar.ado,ado,2026-07-08
ipdpower,ipdpower,ipdpower.ado,ado,2026-07-08
isko8868,isko,isko8868.ado,ado,2026-07-08
iskoegp,isko,iskoegp.ado,ado,2026-07-08
iskoisei,isko,iskoisei.ado,ado,2026-07-08
iskolab,isko,iskolab.ado,ado,2026-07-08
iskotrei,isko,iskotrei.ado,ado,2026-07-08
iquantile,iquantile,iquantile.ado,ado,2026-07-08
ira,ira,ira.ado,ado,2026-07-08
inequal7,inequal7,inequal7.ado,ado,2026-07-08
divprob,ivprob-ivtobit,../d/divprob.ado,ado,2026-07-08
ivprob,ivprob-ivtobit,ivprob.ado,ado,2026-07-08
ivtobit,ivprob-ivtobit,ivtobit.ado,ado,2026-07-08
ivcheck,ivcheck,ivcheck.ado,ado,2026-07-08
igencox,igencox,igencox.ado,ado,2026-07-08
igencox_p,igencox,igencox_p.ado,ado,2026-07-08
isograph,isograph,isograph.ado,ado,2026-07-08
isoboot,isograph,isoboot.ado,ado,2026-07-08
_isograph,isograph,../_/_isograph.ado,ado,2026-07-08
lboot,isograph,../l/lboot.ado,ado,2026-07-08
zboot,isograph,../z/zboot.ado,ado,2026-07-08
ivbounds,ivbounds,ivbounds.ado,ado,2026-07-08
irax,irax,irax.ado,ado,2026-07-08
ineqdec0,ineqdec0,ineqdec0.ado,ado,2026-07-08
ineqdec05,ineqdec0,ineqdec05.ado,ado,2026-07-08
invcdf,invcdf,invcdf.ado,ado,2026-07-08
inccat,inccat,inccat.ado,ado,2026-07-08
ipabcstats,ipabcstats,ipabcstats.ado,ado,2026-07-08
inequal2,inequal2,inequal2.ado,ado,2026-07-08
intcens,intcens,intcens.ado,ado,2026-07-08
intcens_ll,intcens,intcens_ll.ado,ado,2026-07-08
ifwins,ifwins,ifwins.ado,ado,2026-07-08
icw_index,icw_index,icw_index.ado,ado,2026-07-08
imperfectiv,imperfectiv,imperfectiv.ado,ado,2026-07-08
ivreg29,ivreg29,ivreg29.ado,ado,2026-07-08
ivreg29_p,ivreg29,ivreg29_p.ado,ado,2026-07-08
ivreg29_cue,ivreg29,ivreg29_cue.ado,ado,2026-07-08
ivreg28,ivreg28,ivreg28.ado,ado,2026-07-08
ivreg28_p,ivreg28,ivreg28_p.ado,ado,2026-07-08
ivreg28_cue,ivreg28,ivreg28_cue.ado,ado,2026-07-08
ivgravity,ivgravity,ivgravity.ado,ado,2026-07-08
igini,igini,igini.ado,ado,2026-07-08
divprob,ivprob-ivtobit6,../d/divprob.ado,ado,2026-07-08
ivprob,ivprob-ivtobit6,ivprob.ado,ado,2026-07-08
ivtobit6,ivprob-ivtobit6,ivtobit6.ado,ado,2026-07-08
invdesc,invdesc,invdesc.ado,ado,2026-07-08
sinvdesc,invdesc,../s/sinvdesc.ado,ado,2026-07-08
index,index,index.ado,ado,2026-07-08
inmor,inmor,inmor.ado,ado,2026-07-08
inmor_svyr,inmor,inmor_svyr.ado,ado,2026-07-08
inmor_svyb,inmor,inmor_svyb.ado,ado,2026-07-08
ifin,ifin,ifin.ado,ado,2026-07-08
itspower,itspower,itspower.ado,ado,2026-07-08
irr,irr,irr.ado,ado,2026-07-08
isa,isa,isa.ado,ado,2026-07-08
isa_est_woinit,isa,isa_est_woinit.ado,ado,2026-07-08
isa_est,isa,isa_est.ado,ado,2026-07-08
isa_graph,isa,isa_graph.ado,ado,2026-07-08
isa_loop,isa,isa_loop.ado,ado,2026-07-08
isa_1st_loop,isa,isa_1st_loop.ado,ado,2026-07-08
isa_2nd_loop,isa,isa_2nd_loop.ado,ado,2026-07-08
isa_mle,isa,isa_mle.ado,ado,2026-07-08
isa_rangecheck,isa,isa_rangecheck.ado,ado,2026-07-08
isa_rsq_outcome,isa,isa_rsq_outcome.ado,ado,2026-07-08
isa_rsq_treat,isa,isa_rsq_treat.ado,ado,2026-07-08
isa_search,isa,isa_search.ado,ado,2026-07-08
isa_xplots,isa,isa_xplots.ado,ado,2026-07-08
invcise,invcise,invcise.ado,ado,2026-07-08
ingap,ingap,ingap.ado,ado,2026-07-08
ineqop,ineqop,ineqop.ado,ado,2026-07-08
iefieldkit,iefieldkit,iefieldkit.ado,ado,2026-07-08
iecodebook,iefieldkit,iecodebook.ado,ado,2026-07-08
iecompdup,iefieldkit,iecompdup.ado,ado,2026-07-08
iecorrect,iefieldkit,iecorrect.ado,ado,2026-07-08
ieduplicates,iefieldkit,ieduplicates.ado,ado,2026-07-08
ietestform,iefieldkit,ietestform.ado,ado,2026-07-08
ineq,ineq,ineq.ado,ado,2026-07-08
ivreg2m,ivreg2m,ivreg2m.ado,ado,2026-07-08
invgaussfit,invgaussfit,invgaussfit.ado,ado,2026-07-08
invgaussfit_lf,invgaussfit,invgaussfit_lf.ado,ado,2026-07-08
invgausscf,invgaussfit,invgausscf.ado,ado,2026-07-08
pinvgauss,invgaussfit,../p/pinvgauss.ado,ado,2026-07-08
qinvgauss,invgaussfit,../q/qinvgauss.ado,ado,2026-07-08
importsav,importsav,importsav.ado,ado,2026-07-08
ineqfac,ineqfac,ineqfac.ado,ado,2026-07-08
ipwbreg,ipwbreg,ipwbreg.ado,ado,2026-07-08
imvol,imvol,imvol.ado,ado,2026-07-08
invgammafit,invgammafit,invgammafit.ado,ado,2026-07-08
invgammafit_lf,invgammafit,invgammafit_lf.ado,ado,2026-07-08
pinvgamma,invgammafit,../p/pinvgamma.ado,ado,2026-07-08
qinvgamma,invgammafit,../q/qinvgamma.ado,ado,2026-07-08
ilr,ilr,ilr.ado,ado,2026-07-08
igeset,igeset,igeset.ado,ado,2026-07-08
nligeset,igeset,../n/nligeset.ado,ado,2026-07-08
ivdesc,ivdesc,ivdesc.ado,ado,2026-07-08
ivdesc_calc,ivdesc,ivdesc_calc.ado,ado,2026-07-08
icdpic,icdpic,icdpic.ado,ado,2026-07-08
ais_tmpm,icdpic,../a/ais_tmpm.ado,ado,2026-07-08
altcharl,icdpic,../a/altcharl.ado,ado,2026-07-08
aps,icdpic,../a/aps.ado,ado,2026-07-08
ascot,icdpic,../a/ascot.ado,ado,2026-07-08
elixhaus,icdpic,../e/elixhaus.ado,ado,2026-07-08
icd9tmpm,icdpic,icd9tmpm.ado,ado,2026-07-08
iciss,icdpic,iciss.ado,ado,2026-07-08
rts,icdpic,../r/rts.ado,ado,2026-07-08
srr,icdpic,../s/srr.ado,ado,2026-07-08
trauma,icdpic,../t/trauma.ado,ado,2026-07-08
triss,icdpic,../t/triss.ado,ado,2026-07-08
ivlpirf2,ivlpirf2,ivlpirf2.ado,ado,2026-07-08
ietoolkit,ietoolkit,ietoolkit.ado,ado,2026-07-08
iebaltab,ietoolkit,iebaltab.ado,ado,2026-07-08
ieboilsave,ietoolkit,ieboilsave.ado,ado,2026-07-08
ieboilstart,ietoolkit,ieboilstart.ado,ado,2026-07-08
ieddtab,ietoolkit,ieddtab.ado,ado,2026-07-08
iedorep,ietoolkit,iedorep.ado,ado,2026-07-08
iedropone,ietoolkit,iedropone.ado,ado,2026-07-08
iefolder,ietoolkit,iefolder.ado,ado,2026-07-08
iegitaddmd,ietoolkit,iegitaddmd.ado,ado,2026-07-08
iegraph,ietoolkit,iegraph.ado,ado,2026-07-08
iekdensity,ietoolkit,iekdensity.ado,ado,2026-07-08
iematch,ietoolkit,iematch.ado,ado,2026-07-08
iesave,ietoolkit,iesave.ado,ado,2026-07-08
icio,icio,icio.ado,ado,2026-07-08
icio_load,icio,icio_load.ado,ado,2026-07-08
icio_clean,icio,icio_clean.ado,ado,2026-07-08
insheetjson,insheetjson,insheetjson.ado,ado,2026-07-08
isogini,isogini,isogini.ado,ado,2026-07-08
igini1,igini1,igini1.ado,ado,2026-07-08
ivreghdfe,ivreghdfe,ivreghdfe.ado,ado,2026-07-08
ivpois,ivpois,ivpois.ado,ado,2026-07-08
iv_poisson,ivpois,iv_poisson.ado,ado,2026-07-08
interactplot,interactplot,interactplot.ado,ado,2026-07-08
ifete,ifete,ifete.ado,ado,2026-07-08
igeintb,igeintb,igeintb.ado,ado,2026-07-08
ivendog,ivendog,ivendog.ado,ado,2026-07-08
ineqrbd,ineqrbd,ineqrbd.ado,ado,2026-07-08
itpscore,itpscore,itpscore.ado,ado,2026-07-08
ihelp,ihelp,ihelp.ado,ado,2026-07-08
hhelp,ihelp,../h/hhelp.ado,ado,2026-07-08
ihstrans,ihstrans,ihstrans.ado,ado,2026-07-08
ipfraking,ipfraking,ipfraking.ado,ado,2026-07-08
ipfraking_report,ipfraking,ipfraking_report.ado,ado,2026-07-08
mat2do,ipfraking,../m/mat2do.ado,ado,2026-07-08
wgtcellcollapse,ipfraking,../w/wgtcellcollapse.ado,ado,2026-07-08
whatsdeff,ipfraking,../w/whatsdeff.ado,ado,2026-07-08
xls2row,ipfraking,../x/xls2row.ado,ado,2026-07-08
ivvif,ivvif,ivvif.ado,ado,2026-07-08
ivcrc,ivcrc,ivcrc.ado,ado,2026-07-08
_ivcrc_estimator,ivcrc,../_/_ivcrc_estimator.ado,ado,2026-07-08
ivreg2,ivreg2,ivreg2.ado,ado,2026-07-08
ivreg2_p,ivreg2,ivreg2_p.ado,ado,2026-07-08
ivreg210,ivreg2,ivreg210.ado,ado,2026-07-08
ivreg210_p,ivreg2,ivreg210_p.ado,ado,2026-07-08
ivreg29,ivreg2,ivreg29.ado,ado,2026-07-08
ivreg29_p,ivreg2,ivreg29_p.ado,ado,2026-07-08
ivreg29_cue,ivreg2,ivreg29_cue.ado,ado,2026-07-08
ivreg28,ivreg2,ivreg28.ado,ado,2026-07-08
ivreg28_p,ivreg2,ivreg28_p.ado,ado,2026-07-08
ivreg28_cue,ivreg2,ivreg28_cue.ado,ado,2026-07-08
irscharities,irscharities,irscharities.ado,ado,2026-07-08
ivgmm0,ivgmm0,ivgmm0.ado,ado,2026-07-08
itsp_ado,itsp_ado,itsp_ado.ado,ado,2026-07-08
_gpct9010,itsp_ado,../_/_gpct9010.ado,ado,2026-07-08
_gpctrange,itsp_ado,../_/_gpctrange.ado,ado,2026-07-08
aggreg,itsp_ado,../a/aggreg.ado,ado,2026-07-08
aggreg2,itsp_ado,../a/aggreg2.ado,ado,2026-07-08
avgper,itsp_ado,../a/avgper.ado,ado,2026-07-08
centervars,itsp_ado,../c/centervars.ado,ado,2026-07-08
flipmat,itsp_ado,../f/flipmat.ado,ado,2026-07-08
maxindcorr,itsp_ado,../m/maxindcorr.ado,ado,2026-07-08
mcsimul,itsp_ado,../m/mcsimul.ado,ado,2026-07-08
meanvar,itsp_ado,../m/meanvar.ado,ado,2026-07-08
mygmm2s,itsp_ado,../m/mygmm2s.ado,ado,2026-07-08
mygmmcue,itsp_ado,../m/mygmmcue.ado,ado,2026-07-08
mynormal_lf_d0_c1,itsp_ado,../m/mynormal_lf_d0_c1.ado,ado,2026-07-08
mynormal_lf_d0,itsp_ado,../m/mynormal_lf_d0.ado,ado,2026-07-08
mynormal_lf,itsp_ado,../m/mynormal_lf.ado,ado,2026-07-08
mynormal,itsp_ado,../m/mynormal.ado,ado,2026-07-08
myregress,itsp_ado,../m/myregress.ado,ado,2026-07-08
nlces,itsp_ado,../n/nlces.ado,ado,2026-07-08
nneighbor,itsp_ado,../n/nneighbor.ado,ado,2026-07-08
pctrange,itsp_ado,../p/pctrange.ado,ado,2026-07-08
shufstr,itsp_ado,../s/shufstr.ado,ado,2026-07-08
simpctile,itsp_ado,../s/simpctile.ado,ado,2026-07-08
suregub,itsp_ado,../s/suregub.ado,ado,2026-07-08
varextrema,itsp_ado,../v/varextrema.ado,ado,2026-07-08
ivreg2hdfe,ivreg2hdfe,ivreg2hdfe.ado,ado,2026-07-08
igesetci,igesetci,igesetci.ado,ado,2026-07-08
nligesetci,igesetci,../n/nligesetci.ado,ado,2026-07-08
insob,insob,insob.ado,ado,2026-07-08
i_ineq,i_ineq,i_ineq.ado,ado,2026-07-08
ivreset,ivreset,ivreset.ado,ado,2026-07-08
ivhettest,ivhettest,ivhettest.ado,ado,2026-07-08
fvstrip,ivhettest,../f/fvstrip.ado,ado,2026-07-08
ivreg210,ivreg210,ivreg210.ado,ado,2026-07-08
ivreg210_p,ivreg210,ivreg210_p.ado,ado,2026-07-08
imputeitems,imputeitems,imputeitems.ado,ado,2026-07-08
imusic,imusic,imusic.ado,ado,2026-07-08
iscogen,iscogen,iscogen.ado,ado,2026-07-08
iscolbl,iscogen,iscolbl.ado,ado,2026-07-08
ipdmetan,ipdmetan,ipdmetan.ado,ado,2026-07-08
ipdover,ipdmetan,ipdover.ado,ado,2026-07-08
metan_hlp_run,ipdmetan,../m/metan_hlp_run.ado,ado,2026-07-08
ipdfc,ipdfc,ipdfc.ado,ado,2026-07-08
interflex,interflex,interflex.ado,ado,2026-07-08
inshell,inshell,inshell.ado,ado,2026-07-08
inshell_detect_pwsh,inshell,inshell_detect_pwsh.ado,ado,2026-07-08
inshell_diagnostics,inshell,inshell_diagnostics.ado,ado,2026-07-08
inshell_get_pwsh_vers,inshell,inshell_get_pwsh_vers.ado,ado,2026-07-08
inshell_getshell,inshell,inshell_getshell.ado,ado,2026-07-08
inorm,inorm,inorm.ado,ado,2026-07-08
inormpi,inorm,inormpi.ado,ado,2026-07-08
icomp,icomp,icomp.ado,ado,2026-07-08
number_exporting,number_exporting,number_exporting.ado,ado,2026-07-08
nwStrengthcent,nwstrengthcent,nwStrengthcent.ado,ado,2026-07-08
namecheck,namecheck,namecheck.ado,ado,2026-07-08
nonparmde,nonparmde,nonparmde.ado,ado,2026-07-08
nlcheck,nlcheck,nlcheck.ado,ado,2026-07-08
nnmatch,nnmatch,nnmatch.ado,ado,2026-07-08
nstage,nstage,nstage.ado,ado,2026-07-08
nstagemenu,nstage,nstagemenu.ado,ado,2026-07-08
nlcorr,nlcorr,nlcorr.ado,ado,2026-07-08
npiv,npiv,npiv.ado,ado,2026-07-08
npivcv,npiv,npivcv.ado,ado,2026-07-08
nruns,nruns,nruns.ado,ado,2026-07-08
nrunsi,nruns,nrunsi.ado,ado,2026-07-08
niceloglabels,niceloglabels,niceloglabels.ado,ado,2026-07-08
nsplit,nsplit,nsplit.ado,ado,2026-07-08
ntwrk,ntwrk,ntwrk.ado,ado,2026-07-08
ndbci,ndbci,ndbci.ado,ado,2026-07-08
nharvey,nharvey,nharvey.ado,ado,2026-07-08
norm,norm,norm.ado,ado,2026-07-08
niceest,niceest,niceest.ado,ado,2026-07-08
nmissing,nmissing,nmissing.ado,ado,2026-07-08
npresent,nmissing,npresent.ado,ado,2026-07-08
ncf,ncf,ncf.ado,ado,2026-07-08
ncfinv,ncf,ncfinv.ado,ado,2026-07-08
ncfn,ncf,ncfn.ado,ado,2026-07-08
ncfncp,ncf,ncfncp.ado,ado,2026-07-08
ncfprob,ncf,ncfprob.ado,ado,2026-07-08
nwANND,nwannd,nwANND.ado,ado,2026-07-08
next,next,next.ado,ado,2026-07-08
nnipolate,nnipolate,nnipolate.ado,ado,2026-07-08
nearmrg,nearmrg,nearmrg.ado,ado,2026-07-08
nvars,nvars,nvars.ado,ado,2026-07-08
netreg,netreg,netreg.ado,ado,2026-07-08
network,network,network.ado,ado,2026-07-08
misspattern,network,../m/misspattern.ado,ado,2026-07-08
network_components,network,network_components.ado,ado,2026-07-08
network_convert,network,network_convert.ado,ado,2026-07-08
network_forest,network,network_forest.ado,ado,2026-07-08
network_import,network,network_import.ado,ado,2026-07-08
network_map,network,network_map.ado,ado,2026-07-08
network_meta,network,network_meta.ado,ado,2026-07-08
network_pattern,network,network_pattern.ado,ado,2026-07-08
network_query,network,network_query.ado,ado,2026-07-08
network_rank,network,network_rank.ado,ado,2026-07-08
network_setup,network,network_setup.ado,ado,2026-07-08
network_sidesplit,network,network_sidesplit.ado,ado,2026-07-08
network_table,network,network_table.ado,ado,2026-07-08
network_unset,network,network_unset.ado,ado,2026-07-08
num2words,num2words,num2words.ado,ado,2026-07-08
normd,norm_dist,normd.ado,ado,2026-07-08
normi,norm_dist,normi.ado,ado,2026-07-08
invnorm,norm_dist,../i/invnorm.ado,ado,2026-07-08
invnormi,norm_dist,../i/invnormi.ado,ado,2026-07-08
nrow2,nrow2,nrow2.ado,ado,2026-07-08
nrow,nrow,nrow.ado,ado,2026-07-08
nstagebin,nstagebin,nstagebin.ado,ado,2026-07-08
nstagebinopt,nstagebin,nstagebinopt.ado,ado,2026-07-08
nnest,nnest,nnest.ado,ado,2026-07-08
nca,nca,nca.ado,ado,2026-07-08
nca_analysis,nca,nca_analysis.ado,ado,2026-07-08
nca_centiles,nca,nca_centiles.ado,ado,2026-07-08
nca_dependencies,nca,nca_dependencies.ado,ado,2026-07-08
nca_display,nca,nca_display.ado,ado,2026-07-08
nca_display_bottleneck_table,nca,nca_display_bottleneck_table.ado,ado,2026-07-08
nca_estimate,nca,nca_estimate.ado,ado,2026-07-08
nca_get_centiles,nca,nca_get_centiles.ado,ado,2026-07-08
nca_outliers,nca,nca_outliers.ado,ado,2026-07-08
nca_parse_scope,nca,nca_parse_scope.ado,ado,2026-07-08
nca_random,nca,nca_random.ado,ado,2026-07-08
nca_perm,nca,nca_perm.ado,ado,2026-07-08
nca_power,nca,nca_power.ado,ado,2026-07-08
nca_test,nca,nca_test.ado,ado,2026-07-08
nw_wcc,nw_wcc,nw_wcc.ado,ado,2026-07-08
nct,nct,nct.ado,ado,2026-07-08
nct2,nct,nct2.ado,ado,2026-07-08
nct2inv,nct,nct2inv.ado,ado,2026-07-08
nctinv,nct,nctinv.ado,ado,2026-07-08
nctn,nct,nctn.ado,ado,2026-07-08
nctncp,nct,nctncp.ado,ado,2026-07-08
nctprob,nct,nctprob.ado,ado,2026-07-08
nicewords,nicewords,nicewords.ado,ado,2026-07-08
normalrir,normalrir,normalrir.ado,ado,2026-07-08
nproc,nproc,nproc.ado,ado,2026-07-08
rocplot,nproc,../r/rocplot.ado,ado,2026-07-08
rocauc,nproc,../r/rocauc.ado,ado,2026-07-08
rocse,nproc,../r/rocse.ado,ado,2026-07-08
roccov,nproc,../r/roccov.ado,ado,2026-07-08
naam,naam,naam.ado,ado,2026-07-08
nysiis,nysiis,nysiis.ado,ado,2026-07-08
nw_fromlist,nw_fromlist,nw_fromlist.ado,ado,2026-07-08
nearest,nearest,nearest.ado,ado,2026-07-08
nbinreg,nbinreg,nbinreg.ado,ado,2026-07-08
nbinlf,nbinreg,nbinlf.ado,ado,2026-07-08
nwreciprocity,nwreciprocity,nwreciprocity.ado,ado,2026-07-08
nbercycles,nbercycles,nbercycles.ado,ado,2026-07-08
tsmktim,nbercycles,../t/tsmktim.ado,ado,2026-07-08
netplot,netplot,netplot.ado,ado,2026-07-08
naics_to_ff,naics_to_ff,naics_to_ff.ado,ado,2026-07-08
isic_to_ff,naics_to_ff,../i/isic_to_ff.ado,ado,2026-07-08
nace_to_ff,naics_to_ff,nace_to_ff.ado,ado,2026-07-08
nmf,nmf,nmf.ado,ado,2026-07-08
newsimpact,newsimpact,newsimpact.ado,ado,2026-07-08
num2base26,num2base26,num2base26.ado,ado,2026-07-08
nwdisparity,nwdisparity,nwdisparity.ado,ado,2026-07-08
nopomatch,nopomatch,nopomatch.ado,ado,2026-07-08
nwind,nwind,nwind.ado,ado,2026-07-08
newey2,newey2,newey2.ado,ado,2026-07-08
newey2_p,newey2,newey2_p.ado,ado,2026-07-08
neweydmexog,newey2,neweydmexog.ado,ado,2026-07-08
neweyvif,newey2,neweyvif.ado,ado,2026-07-08
nytimes,nytimes,nytimes.ado,ado,2026-07-08
nbstrat,nbstrat,nbstrat.ado,ado,2026-07-08
jhnbstr_ll,nbstrat,../j/jhnbstr_ll.ado,ado,2026-07-08
neoclassical,neoclassical,neoclassical.ado,ado,2026-07-08
retroclassical,neoclassical,../r/retroclassical.ado,ado,2026-07-08
normalbvr,normalbvr,normalbvr.ado,ado,2026-07-08
nicelabels,nicelabels,nicelabels.ado,ado,2026-07-08
npsynth,npsynth,npsynth.ado,ado,2026-07-08
nlls,nlls,nlls.ado,ado,2026-07-08
nlls_predict,nlls,nlls_predict.ado,ado,2026-07-08
nbfit,nbfit,nbfit.ado,ado,2026-07-08
normalizepath,normalizepath,normalizepath.ado,ado,2026-07-08
nb_adjust,nb_adjust,nb_adjust.ado,ado,2026-07-08
nwcluster,nwcluster,nwcluster.ado,ado,2026-07-08
nscale,nscale,nscale.ado,ado,2026-07-08
numdate,numdate,numdate.ado,ado,2026-07-08
convdate,numdate,../c/convdate.ado,ado,2026-07-08
extrdate,numdate,../e/extrdate.ado,ado,2026-07-08
normtest,normtest,normtest.ado,ado,2026-07-08
nnls,nnls,nnls.ado,ado,2026-07-08
nnls_predict,nnls,nnls_predict.ado,ado,2026-07-08
svmat2,nnls,../s/svmat2.ado,ado,2026-07-08
nearstat,nearstat,nearstat.ado,ado,2026-07-08
ntreatreg,ntreatreg,ntreatreg.ado,ado,2026-07-08
mkomega,ntreatreg,../m/mkomega.ado,ado,2026-07-08
npinfo,npinfo,npinfo.ado,ado,2026-07-08
nw_projection,nw_projection,nw_projection.ado,ado,2026-07-08
nstagebinopt,nstagebinopt,nstagebinopt.ado,ado,2026-07-08
fwer1stage,nstagebinopt,../f/fwer1stage.ado,ado,2026-07-08
ngram,ngram,ngram.ado,ado,2026-07-08
ngram_core,ngram,ngram_core.ado,ado,2026-07-08
ngram_example,ngram,ngram_example.ado,ado,2026-07-08
nopo,nopo,nopo.ado,ado,2026-07-08
nopo_ex,nopo,nopo_ex.ado,ado,2026-07-08
nwassortativity,nwassortativity,nwassortativity.ado,ado,2026-07-08
npseries,npseries,npseries.ado,ado,2026-07-08
nicedates,nicedates,nicedates.ado,ado,2026-07-08
nehurdle,nehurdle,nehurdle.ado,ado,2026-07-08
nehtests,nehurdle,nehtests.ado,ado,2026-07-08
nehurdle_heckman_het,nehurdle,nehurdle_heckman_het.ado,ado,2026-07-08
nehurdle_heckman,nehurdle,nehurdle_heckman.ado,ado,2026-07-08
nehurdle_p,nehurdle,nehurdle_p.ado,ado,2026-07-08
nehurdle_tobit,nehurdle,nehurdle_tobit.ado,ado,2026-07-08
nehurdle_trunc_het,nehurdle,nehurdle_trunc_het.ado,ado,2026-07-08
nehurdle_trunc,nehurdle,nehurdle_trunc.ado,ado,2026-07-08
nehurdle_truncnb1_het,nehurdle,nehurdle_truncnb1_het.ado,ado,2026-07-08
nehurdle_truncnb1,nehurdle,nehurdle_truncnb1.ado,ado,2026-07-08
nehurdle_truncnb2_het,nehurdle,nehurdle_truncnb2_het.ado,ado,2026-07-08
nehurdle_truncnb2,nehurdle,nehurdle_truncnb2.ado,ado,2026-07-08
nehurdle_truncp_het,nehurdle,nehurdle_truncp_het.ado,ado,2026-07-08
nehurdle_truncp,nehurdle,nehurdle_truncp.ado,ado,2026-07-08
npss,npss,npss.ado,ado,2026-07-08
narayanp,narayanp,narayanp.ado,ado,2026-07-08
npeivreg,npeivreg,npeivreg.ado,ado,2026-07-08
gnbstrat,gnbstrat,gnbstrat.ado,ado,2026-07-08
jhnbstr_ll,gnbstrat,../j/jhnbstr_ll.ado,ado,2026-07-08
genspec,genspec,genspec.ado,ado,2026-07-08
groupfunction,groupfunction,groupfunction.ado,ado,2026-07-08
grnote,grnote,grnote.ado,ado,2026-07-08
grnotem,grnote,grnotem.ado,ado,2026-07-08
gencpr,gencpr,gencpr.ado,ado,2026-07-08
graphbinary,graphbinary,graphbinary.ado,ado,2026-07-08
gengroup,gengroup,gengroup.ado,ado,2026-07-08
grpdf,grpdf,grpdf.ado,ado,2026-07-08
_grmargb,grcompare,../_/_grmargb.ado,ado,2026-07-08
_grmargd,grcompare,../_/_grmargd.ado,ado,2026-07-08
gradip,grcompare,gradip.ado,ado,2026-07-08
grdiame,grcompare,grdiame.ado,ado,2026-07-08
grdidip,grcompare,grdidip.ado,ado,2026-07-08
grdigap,grcompare,grdigap.ado,ado,2026-07-08
grmarg,grcompare,grmarg.ado,ado,2026-07-08
genqreg,genqreg,genqreg.ado,ado,2026-07-08
glmdeco,glmdeco,glmdeco.ado,ado,2026-07-08
ghxt,ghxt,ghxt.ado,ado,2026-07-08
gridsearch,gridsearch,gridsearch.ado,ado,2026-07-08
gmd,gmd,gmd.ado,ado,2026-07-08
gaodeweather,gaodeweather,gaodeweather.ado,ado,2026-07-08
gpreg,gpreg,gpreg.ado,ado,2026-07-08
gtcsem,gtcsem,gtcsem.ado,ado,2026-07-08
gtcsem_plot,gtcsem,gtcsem_plot.ado,ado,2026-07-08
googleplaces,googleplaces,googleplaces.ado,ado,2026-07-08
group_id,group_id,group_id.ado,ado,2026-07-08
geocodeopen,geocodeopen,geocodeopen.ado,ado,2026-07-08
gcollapse,gtools,gcollapse.ado,ado,2026-07-08
gcontract,gtools,gcontract.ado,ado,2026-07-08
gdistinct,gtools,gdistinct.ado,ado,2026-07-08
gduplicates,gtools,gduplicates.ado,ado,2026-07-08
gegen,gtools,gegen.ado,ado,2026-07-08
gglm,gtools,gglm.ado,ado,2026-07-08
gisid,gtools,gisid.ado,ado,2026-07-08
givregress,gtools,givregress.ado,ado,2026-07-08
glevelsof,gtools,glevelsof.ado,ado,2026-07-08
gpoisson,gtools,gpoisson.ado,ado,2026-07-08
gquantiles,gtools,gquantiles.ado,ado,2026-07-08
greg,gtools,greg.ado,ado,2026-07-08
gregress,gtools,gregress.ado,ado,2026-07-08
greshape,gtools,greshape.ado,ado,2026-07-08
gstats,gtools,gstats.ado,ado,2026-07-08
gtools,gtools,gtools.ado,ado,2026-07-08
gtop,gtools,gtop.ado,ado,2026-07-08
gtoplevelsof,gtools,gtoplevelsof.ado,ado,2026-07-08
gunique,gtools,gunique.ado,ado,2026-07-08
_gtools_internal,gtools,../_/_gtools_internal.ado,ado,2026-07-08
fasterxtile,gtools,../f/fasterxtile.ado,ado,2026-07-08
hashsort,gtools,../h/hashsort.ado,ado,2026-07-08
gumbelfit,gumbelfit,gumbelfit.ado,ado,2026-07-08
gumbelfit_lf,gumbelfit,gumbelfit_lf.ado,ado,2026-07-08
pgumbel,gumbelfit,../p/pgumbel.ado,ado,2026-07-08
qgumbel,gumbelfit,../q/qgumbel.ado,ado,2026-07-08
gpscore2,gpscore2,gpscore2.ado,ado,2026-07-08
givgauss2,givgauss2,givgauss2.ado,ado,2026-07-08
ivgln_ll,givgauss2,../i/ivgln_ll.ado,ado,2026-07-08
gby,gby,gby.ado,ado,2026-07-08
gammasym,gammasym,gammasym.ado,ado,2026-07-08
geocodehere,geocodehere,geocodehere.ado,ado,2026-07-08
loglogistic_leftcensor,giniinc,../l/loglogistic_leftcensor.ado,ado,2026-07-08
loglogistic_lefttrunc,giniinc,../l/loglogistic_lefttrunc.ado,ado,2026-07-08
lognormal_leftcensor,giniinc,../l/lognormal_leftcensor.ado,ado,2026-07-08
lognormal_lefttrunc,giniinc,../l/lognormal_lefttrunc.ado,ado,2026-07-08
weibull_lefttrunc,giniinc,../w/weibull_lefttrunc.ado,ado,2026-07-08
weibull_leftcensor,giniinc,../w/weibull_leftcensor.ado,ado,2026-07-08
survbound,giniinc,../s/survbound.ado,ado,2026-07-08
survgini,giniinc,../s/survgini.ado,ado,2026-07-08
survlsl,giniinc,../s/survlsl.ado,ado,2026-07-08
gtsheckman,gtsheckman,gtsheckman.ado,ado,2026-07-08
hetprobit_nodisplay,gtsheckman,../h/hetprobit_nodisplay.ado,ado,2026-07-08
geo2xy,geo2xy,geo2xy.ado,ado,2026-07-08
geo2xy_lambert_sphere,geo2xy,geo2xy_lambert_sphere.ado,ado,2026-07-08
geo2xy_run,geo2xy,geo2xy_run.ado,ado,2026-07-08
grpvars,grpvars,grpvars.ado,ado,2026-07-08
getfilename2,getfilename2,getfilename2.ado,ado,2026-07-08
gdsum,gdsum,gdsum.ado,ado,2026-07-08
gpfobl,gpfobl,gpfobl.ado,ado,2026-07-08
gcrobustvar,gcrobustvar,gcrobustvar.ado,ado,2026-07-08
chowgmmstar3,gcrobustvar,../c/chowgmmstar3.ado,ado,2026-07-08
nyblomstar3,gcrobustvar,../n/nyblomstar3.ado,ado,2026-07-08
pvcalc,gcrobustvar,../p/pvcalc.ado,ado,2026-07-08
ghistcum,ghistcum,ghistcum.ado,ado,2026-07-08
gbgfit,gbgfit,gbgfit.ado,ado,2026-07-08
gbgfit_ll,gbgfit,gbgfit_ll.ado,ado,2026-07-08
gphudak,gphudak,gphudak.ado,ado,2026-07-08
group1d,group1d,group1d.ado,ado,2026-07-08
gmemultinomial,gmemultinomial,gmemultinomial.ado,ado,2026-07-08
gologit29,gologit29,gologit29.ado,ado,2026-07-08
gologit29_ll,gologit29,gologit29_ll.ado,ado,2026-07-08
gologit29_p,gologit29,gologit29_p.ado,ado,2026-07-08
gologit29_autofit,gologit29,gologit29_autofit.ado,ado,2026-07-08
groupdata,groupcl,groupdata.ado,ado,2026-07-08
dirmul,groupcl,../d/dirmul.ado,ado,2026-07-08
dirmul1_ll,groupcl,../d/dirmul1_ll.ado,ado,2026-07-08
dirmul2_ll,groupcl,../d/dirmul2_ll.ado,ado,2026-07-08
multin,groupcl,../m/multin.ado,ado,2026-07-08
multin_ll,groupcl,../m/multin_ll.ado,ado,2026-07-08
multin2_ll,groupcl,../m/multin2_ll.ado,ado,2026-07-08
groupdist,groupdist,groupdist.ado,ado,2026-07-08
glgamma2,glgamma2,glgamma2.ado,ado,2026-07-08
lgamm_ll,glgamma2,../l/lgamm_ll.ado,ado,2026-07-08
gs2sls,gs2sls,gs2sls.ado,ado,2026-07-08
get2ref,get2ref,get2ref.ado,ado,2026-07-08
group2hdfe,group2hdfe,group2hdfe.ado,ado,2026-07-08
glcurve,glcurve,glcurve.ado,ado,2026-07-08
getdata,getdata,getdata.ado,ado,2026-07-08
getdatacodes,getdata,getdatacodes.ado,ado,2026-07-08
getdata_imf_alpha3,getdata,getdata_imf_alpha3.ado,ado,2026-07-08
getdata_imf_num,getdata,getdata_imf_num.ado,ado,2026-07-08
getdataconfig,getdata,getdataconfig.ado,ado,2026-07-08
getTimeSeries,getdata,getTimeSeries.ado,ado,2026-07-08
sdmxHelp,getdata,../s/sdmxHelp.ado,ado,2026-07-08
ginidecomp,ginidecomp,ginidecomp.ado,ado,2026-07-08
glmcorr,glmcorr,glmcorr.ado,ado,2026-07-08
geochart,geochart,geochart.ado,ado,2026-07-08
_gmlabvpos,gmlabvpos,../_/_gmlabvpos.ado,ado,2026-07-08
gpreset,gpreset,gpreset.ado,ado,2026-07-08
grstest2,grstest2,grstest2.ado,ado,2026-07-08
gsa,gsa,gsa.ado,ado,2026-07-08
gsa_pu,gsa,gsa_pu.ado,ado,2026-07-08
gsa_binpu,gsa,gsa_binpu.ado,ado,2026-07-08
gsa_qoi,gsa,gsa_qoi.ado,ado,2026-07-08
gsagraph,gsa,gsagraph.ado,ado,2026-07-08
gensplines,gensplines,gensplines.ado,ado,2026-07-08
grouplabs,grouplabs,grouplabs.ado,ado,2026-07-08
grby,grby,grby.ado,ado,2026-07-08
ggtaxonomy,ggtaxonomy,ggtaxonomy.ado,ado,2026-07-08
glst,glst,glst.ado,ado,2026-07-08
gprefscode,gprefscode,gprefscode.ado,ado,2026-07-08
goelevation,goelevation,goelevation.ado,ado,2026-07-08
gevfit,gevfit,gevfit.ado,ado,2026-07-08
gevfit_lf2,gevfit,gevfit_lf2.ado,ado,2026-07-08
grand2,grand2,grand2.ado,ado,2026-07-08
groups,groups,groups.ado,ado,2026-07-08
gcause,gcause,gcause.ado,ado,2026-07-08
gcause2,gcause,gcause2.ado,ado,2026-07-08
geivars,geivars,geivars.ado,ado,2026-07-08
gs3slsar,gs3slsar,gs3slsar.ado,ado,2026-07-08
gs2slsar,gs2slsar,gs2slsar.ado,ado,2026-07-08
gmap,gmap,gmap.ado,ado,2026-07-08
ginidesc,ginidesc,ginidesc.ado,ado,2026-07-08
ineqdeco,ginidesc,../i/ineqdeco.ado,ado,2026-07-08
ghazal_guzzler,ghazal_guzzler,ghazal_guzzler.ado,ado,2026-07-08
grqreg,grqreg,grqreg.ado,ado,2026-07-08
_bsqregtrace,grqreg,../_/_bsqregtrace.ado,ado,2026-07-08
_sqregtrace,grqreg,../_/_sqregtrace.ado,ado,2026-07-08
_olsci,grqreg,../_/_olsci.ado,ado,2026-07-08
_qregtrace,grqreg,../_/_qregtrace.ado,ado,2026-07-08
ghk2version,ghk2,ghk2version.ado,ado,2026-07-08
gs2slsxt,gs2slsxt,gs2slsxt.ado,ado,2026-07-08
garchur,garchur,garchur.ado,ado,2026-07-08
garchur_graph,garchur,garchur_graph.ado,ado,2026-07-08
_garchur_mata,garchur,../_/_garchur_mata.ado,ado,2026-07-08
geneigen,geneigen,geneigen.ado,ado,2026-07-08
qsortidx,geneigen,../q/qsortidx.ado,ado,2026-07-08
gformula,gformula,gformula.ado,ado,2026-07-08
ChkIn,gformula,../c/ChkIn.ado,ado,2026-07-08
detangle,gformula,../d/detangle.ado,ado,2026-07-08
formatline,gformula,../f/formatline.ado,ado,2026-07-08
gformula_,gformula,gformula_.ado,ado,2026-07-08
grstest,grstest,grstest.ado,ado,2026-07-08
ginireg,ginireg,ginireg.ado,ado,2026-07-08
ginicumul,ginireg,ginicumul.ado,ado,2026-07-08
ginilma,ginireg,ginilma.ado,ado,2026-07-08
ginireg_p,ginireg,ginireg_p.ado,ado,2026-07-08
ginireg_estat,ginireg,ginireg_estat.ado,ado,2026-07-08
getregstats,getregstats,getregstats.ado,ado,2026-07-08
genidseq,genidseq,genidseq.ado,ado,2026-07-08
gweakivtest,gweakivtest,gweakivtest.ado,ado,2026-07-08
grlogit,grlogit,grlogit.ado,ado,2026-07-08
geodist,geodist,geodist.ado,ado,2026-07-08
geodist_run,geodist,geodist_run.ado,ado,2026-07-08
group3hdfe,group3hdfe,group3hdfe.ado,ado,2026-07-08
gllamm,gllamm,gllamm.ado,ado,2026-07-08
gllam_ll,gllamm,gllam_ll.ado,ado,2026-07-08
gllapred,gllamm,gllapred.ado,ado,2026-07-08
gllarob,gllamm,gllarob.ado,ado,2026-07-08
gllasim,gllamm,gllasim.ado,ado,2026-07-08
gllas_yu,gllamm,gllas_yu.ado,ado,2026-07-08
remcor,gllamm,../r/remcor.ado,ado,2026-07-08
geocode,geocode,geocode.ado,ado,2026-07-08
geocircles,geocircles,geocircles.ado,ado,2026-07-08
geocircles_examples,geocircles,geocircles_examples.ado,ado,2026-07-08
grstyle,grstyle,grstyle.ado,ado,2026-07-08
grstyle_set,grstyle,grstyle_set.ado,ado,2026-07-08
538,g538schemes,../s/scheme-538.scheme,scheme,2026-07-08
538w,g538schemes,../s/scheme-538w.scheme,scheme,2026-07-08
538bw,g538schemes,../s/scheme-538bw.scheme,scheme,2026-07-08
getsymbols,getsymbols,getsymbols.ado,ado,2026-07-08
gologit2,gologit2,gologit2.ado,ado,2026-07-08
gologit2_ll,gologit2,gologit2_ll.ado,ado,2026-07-08
gologit2_p,gologit2,gologit2_p.ado,ado,2026-07-08
gologit2_svy,gologit2,gologit2_svy.ado,ado,2026-07-08
gologit2_svy_check,gologit2,gologit2_svy_check.ado,ado,2026-07-08
gsvy,gologit2,gsvy.ado,ado,2026-07-08
gologit2_autofit,gologit2,gologit2_autofit.ado,ado,2026-07-08
gologit2_lincom,gologit2,gologit2_lincom.ado,ado,2026-07-08
gb2reg,gb2reg,gb2reg.ado,ado,2026-07-08
llf_gb2,gb2reg,../l/llf_gb2.ado,ado,2026-07-08
llf_gg,gb2reg,../l/llf_gg.ado,ado,2026-07-08
llf_ln,gb2reg,../l/llf_ln.ado,ado,2026-07-08
ghsurv,ghsurv,ghsurv.ado,ado,2026-07-08
ghsurv_set,ghsurv,ghsurv_set.ado,ado,2026-07-08
ghsurv_p,ghsurv,ghsurv_p.ado,ado,2026-07-08
ghcloglog,ghsurv,ghcloglog.ado,ado,2026-07-08
ghlogit,ghsurv,ghlogit.ado,ado,2026-07-08
ghprobit,ghsurv,ghprobit.ado,ado,2026-07-08
gs2slsarxt,gs2slsarxt,gs2slsarxt.ado,ado,2026-07-08
ggt,ggt,ggt.ado,ado,2026-07-08
callCcode,ggt,../c/callCcode.ado,ado,2026-07-08
gmci,gmci,gmci.ado,ado,2026-07-08
gciget,gciget,gciget.ado,ado,2026-07-08
georoute,georoute,georoute.ado,ado,2026-07-08
georoutei,georoute,georoutei.ado,ado,2026-07-08
ge_gravity,ge_gravity,ge_gravity.ado,ado,2026-07-08
gammafit,gammafit,gammafit.ado,ado,2026-07-08
gammafit_lf,gammafit,gammafit_lf.ado,ado,2026-07-08
gammafit_lf2,gammafit,gammafit_lf2.ado,ado,2026-07-08
gamma4,gammafit,gamma4.ado,ado,2026-07-08
geoflow,geoflow,geoflow.ado,ado,2026-07-08
ghansen,ghansen,ghansen.ado,ado,2026-07-08
guttmanl,guttmanl,guttmanl.ado,ado,2026-07-08
gets,gets,gets.ado,ado,2026-07-08
gvselect,gvselect,gvselect.ado,ado,2026-07-08
arc,graphfunctions,../a/arc.ado,ado,2026-07-08
catspline,graphfunctions,../c/catspline.ado,ado,2026-07-08
labrepel,graphfunctions,../l/labrepel.ado,ado,2026-07-08
labsplit,graphfunctions,../l/labsplit.ado,ado,2026-07-08
radscatter,graphfunctions,../r/radscatter.ado,ado,2026-07-08
shape,graphfunctions,../s/shape.ado,ado,2026-07-08
shapes,graphfunctions,../s/shapes.ado,ado,2026-07-08
genstack,genstack,genstack.ado,ado,2026-07-08
gentrun,gentrun,gentrun.ado,ado,2026-07-08
grand,grand,grand.ado,ado,2026-07-08
geonear,geonear,geonear.ado,ado,2026-07-08
gintreg,gintreg,gintreg.ado,ado,2026-07-08
gintreg_p,gintreg,gintreg_p.ado,ado,2026-07-08
intllf_normal,gintreg,../i/intllf_normal.ado,ado,2026-07-08
intllf_sged,gintreg,../i/intllf_sged.ado,ado,2026-07-08
intllf_sgt,gintreg,../i/intllf_sgt.ado,ado,2026-07-08
intllf_lognormal,gintreg,../i/intllf_lognormal.ado,ado,2026-07-08
intllf_ggamma,gintreg,../i/intllf_ggamma.ado,ado,2026-07-08
intllf_gb2,gintreg,../i/intllf_gb2.ado,ado,2026-07-08
gintregplot,gintreg,gintregplot.ado,ado,2026-07-08
get_pwmse,get_pwmse,get_pwmse.ado,ado,2026-07-08
form_norms,get_pwmse,../f/form_norms.ado,ado,2026-07-08
graphexportpdf,graphexportpdf,graphexportpdf.ado,ado,2026-07-08
grxtqreg,grxtqreg,grxtqreg.ado,ado,2026-07-08
gdecomp,gdecomp,gdecomp.ado,ado,2026-07-08
getprime,getprime,getprime.ado,ado,2026-07-08
isprime,getprime,../i/isprime.ado,ado,2026-07-08
isprimeversion,getprime,../i/isprimeversion.ado,ado,2026-07-08
grvar,grvar,grvar.ado,ado,2026-07-08
goprobit,goprobit,goprobit.ado,ado,2026-07-08
goprobit_p,goprobit,goprobit_p.ado,ado,2026-07-08
goprobit_ll,goprobit,goprobit_ll.ado,ado,2026-07-08
geodist2,geodist2,geodist2.ado,ado,2026-07-08
grc1leg2,grc1leg2,grc1leg2.ado,ado,2026-07-08
grc1leg2_examples,grc1leg2,grc1leg2_examples.ado,ado,2026-07-08
git,git,git.ado,ado,2026-07-08
genhwcci,genhwcci,genhwcci.ado,ado,2026-07-08
grmatgroups,grmatgroups,grmatgroups.ado,ado,2026-07-08
geoplot,geoplot,geoplot.ado,ado,2026-07-08
geoframe,geoplot,geoframe.ado,ado,2026-07-08
__geoplot_layer,geoplot,../_/__geoplot_layer.ado,ado,2026-07-08
_geoplot_bar,geoplot,../_/_geoplot_bar.ado,ado,2026-07-08
_geoplot_label,geoplot,../_/_geoplot_label.ado,ado,2026-07-08
_geoplot_pie,geoplot,../_/_geoplot_pie.ado,ado,2026-07-08
_geoplot_symbol,geoplot,../_/_geoplot_symbol.ado,ado,2026-07-08
geoinpoly,geoinpoly,geoinpoly.ado,ado,2026-07-08
geoinpoly_examples,geoinpoly,geoinpoly_examples.ado,ado,2026-07-08
getmstatistic,getmstatistic,getmstatistic.ado,ado,2026-07-08
grcomb,grcomb,grcomb.ado,ado,2026-07-08
group_twoway,group_twoway,group_twoway.ado,ado,2026-07-08
getiref,getiref,getiref.ado,ado,2026-07-08
geekel2d,geekel2d,geekel2d.ado,ado,2026-07-08
graphlog,graphlog,graphlog.ado,ado,2026-07-08
graphlog_unix_setup,graphlog,graphlog_unix_setup.ado,ado,2026-07-08
graphlog_pdflatex_path,graphlog,graphlog_pdflatex_path.ado,ado,2026-07-08
graphlog_example,graphlog,graphlog_example.ado,ado,2026-07-08
genscore,genscore,genscore.ado,ado,2026-07-08
gsdata,gsdata,gsdata.ado,ado,2026-07-08
grinset,grinset,grinset.ado,ado,2026-07-08
gitee,gitee,gitee.ado,ado,2026-07-08
gitee,gitee,gitee.ado,ado,2026-07-08
giteedlg,gitee,giteedlg.ado,ado,2026-07-08
giteeinstallmenu,gitee,giteeinstallmenu.ado,ado,2026-07-08
gconc,gconc,gconc.ado,ado,2026-07-08
genfreq,genfreq,genfreq.ado,ado,2026-07-08
gsreg,gsreg,gsreg.ado,ado,2026-07-08
getnhs,getnhs,getnhs.ado,ado,2026-07-08
gwhet,gwhet,gwhet.ado,ado,2026-07-08
gzipuse,gzipuse,gzipuse.ado,ado,2026-07-08
gzipsave,gzipuse,gzipsave.ado,ado,2026-07-08
genicv,genicv,genicv.ado,ado,2026-07-08
gsgroup,gsgroup,gsgroup.ado,ado,2026-07-08
grexport,grexport,grexport.ado,ado,2026-07-08
gnpoisson,gnpoisson,gnpoisson.ado,ado,2026-07-08
jhpoi_ll,gnpoisson,../j/jhpoi_ll.ado,ado,2026-07-08
graph3d,graph3d,graph3d.ado,ado,2026-07-08
geocode_ip,geocode_ip,geocode_ip.ado,ado,2026-07-08
genvars,genvars,genvars.ado,ado,2026-07-08
_genv,genvars,../_/_genv.ado,ado,2026-07-08
glcurve7,glcurve7,glcurve7.ado,ado,2026-07-08
ggtax,ggtax,ggtax.ado,ado,2026-07-08
grfreq,grfreq,grfreq.ado,ado,2026-07-08
gsum,gsum,gsum.ado,ado,2026-07-08
genstest,genstest,genstest.ado,ado,2026-07-08
grtext,grtext,grtext.ado,ado,2026-07-08
getmxdata,getmxdata,getmxdata.ado,ado,2026-07-08
_getmxdatabie,getmxdata,../_/_getmxdatabie.ado,ado,2026-07-08
_getmxdatabanxico,getmxdata,../_/_getmxdatabanxico.ado,ado,2026-07-08
gs3sls,gs3sls,gs3sls.ado,ado,2026-07-08
glcurve5,glcurve5,glcurve5.ado,ado,2026-07-08
gcode,gcode,gcode.ado,ado,2026-07-08
grsftest,grsftest,grsftest.ado,ado,2026-07-08
gmmcovearn,gmmcovearn,gmmcovearn.ado,ado,2026-07-08
nlgmmcovearn,gmmcovearn,../n/nlgmmcovearn.ado,ado,2026-07-08
appendgz,gziputil,../a/appendgz.ado,ado,2026-07-08
check7z,gziputil,../c/check7z.ado,ado,2026-07-08
mergegz,gziputil,../m/mergegz.ado,ado,2026-07-08
savegz,gziputil,../s/savegz.ado,ado,2026-07-08
usegz,gziputil,../u/usegz.ado,ado,2026-07-08
garbage_mixl,garbage_mixl,garbage_mixl.ado,ado,2026-07-08
gpsmd,gpsmd,gpsmd.ado,ado,2026-07-08
gpsmdbal,gpsmd,gpsmdbal.ado,ado,2026-07-08
gpsmdcomsup,gpsmd,gpsmdcomsup.ado,ado,2026-07-08
gpsmdpolest,gpsmd,gpsmdpolest.ado,ado,2026-07-08
gb2fit,gb2fit,gb2fit.ado,ado,2026-07-08
gb2fit_ll,gb2fit,gb2fit_ll.ado,ado,2026-07-08
gb2pred,gb2fit,gb2pred.ado,ado,2026-07-08
genass,genass,genass.ado,ado,2026-07-08
gsample,gsample,gsample.ado,ado,2026-07-08
gausshermite,gausshermite,gausshermite.ado,ado,2026-07-08
goprobit2,goprobit2,goprobit2.ado,ado,2026-07-08
goprobit2_sgt_llf,goprobit2,goprobit2_sgt_llf.ado,ado,2026-07-08
goprobit2_sged_llf,goprobit2,goprobit2_sged_llf.ado,ado,2026-07-08
goprobit2_normal_llf,goprobit2,goprobit2_normal_llf.ado,ado,2026-07-08
goprobit2_laplace_llf,goprobit2,goprobit2_laplace_llf.ado,ado,2026-07-08
gphepssj,gphepssj,gphepssj.ado,ado,2026-07-08
gamet,gamet,gamet.ado,ado,2026-07-08
geoboundary,geoboundary,geoboundary.ado,ado,2026-07-08
gb2lfit,gb2lfit,gb2lfit.ado,ado,2026-07-08
gb2lfit_ll,gb2lfit,gb2lfit_ll.ado,ado,2026-07-08
gen_tail,gen_tail,gen_tail.ado,ado,2026-07-08
getcensus,getcensus,getcensus.ado,ado,2026-07-08
_getcensus_catalog,getcensus,../_/_getcensus_catalog.ado,ado,2026-07-08
_getcensus_expand_keyword,getcensus,../_/_getcensus_expand_keyword.ado,ado,2026-07-08
_getcensus_geo_args,getcensus,../_/_getcensus_geo_args.ado,ado,2026-07-08
_getcensus_parse_geography,getcensus,../_/_getcensus_parse_geography.ado,ado,2026-07-08
ge_gravity2,ge_gravity2,ge_gravity2.ado,ado,2026-07-08
doubletriangular,groupseq,../d/doubletriangular.ado,ado,2026-07-08
triangular,groupseq,../t/triangular.ado,ado,2026-07-08
haybittlepeto,groupseq,../h/haybittlepeto.ado,ado,2026-07-08
wangtsiatis,groupseq,../w/wangtsiatis.ado,ado,2026-07-08
innerwedge,groupseq,../i/innerwedge.ado,ado,2026-07-08
powerfamily,groupseq,../p/powerfamily.ado,ado,2026-07-08
gzsave,gzsave,gzsave.ado,ado,2026-07-08
gzsaveold,gzsave,gzsaveold.ado,ado,2026-07-08
gzuse,gzsave,gzuse.ado,ado,2026-07-08
gzappend,gzsave,gzappend.ado,ado,2026-07-08
gzmerge,gzsave,gzmerge.ado,ado,2026-07-08
gologit,gologit,gologit.ado,ado,2026-07-08
goll,gologit,goll.ado,ado,2026-07-08
getref,getref,getref.ado,ado,2026-07-08
grep,grep,grep.ado,ado,2026-07-08
gipf,gipf,gipf.ado,ado,2026-07-08
grubbs,grubbs,grubbs.ado,ado,2026-07-08
geninteract,geninteract,geninteract.ado,ado,2026-07-08
zb_qrm,zb_qrm,zb_qrm.ado,ado,2026-07-08
rccount,zb_qrm,../r/rccount.ado,ado,2026-07-08
zoib,zoib,zoib.ado,ado,2026-07-08
zoib_p,zoib,zoib_p.ado,ado,2026-07-08
zoib_lf,zoib,zoib_lf.ado,ado,2026-07-08
zib_lf,zoib,zib_lf.ado,ado,2026-07-08
zoib_beta_lf,zoib,zoib_beta_lf.ado,ado,2026-07-08
oib_lf,zoib,../o/oib_lf.ado,ado,2026-07-08
zandrews,zandrews,zandrews.ado,ado,2026-07-08
ztg,ztg,ztg.ado,ado,2026-07-08
jhzgeo_ll,ztg,../j/jhzgeo_ll.ado,ado,2026-07-08
zippkg,zippkg,zippkg.ado,ado,2026-07-08
ztnbp,ztnbp,ztnbp.ado,ado,2026-07-08
ztnbp_ll,ztnbp,ztnbp_ll.ado,ado,2026-07-08
zipsave,zipsave,zipsave.ado,ado,2026-07-08
zipsaveold,zipsave,zipsaveold.ado,ado,2026-07-08
zipuse,zipsave,zipuse.ado,ado,2026-07-08
zipappend,zipsave,zipappend.ado,ado,2026-07-08
zipmerge,zipsave,zipmerge.ado,ado,2026-07-08
ztpflex,ztpflex,ztpflex.ado,ado,2026-07-08
ztpflex_ll,ztpflex,ztpflex_ll.ado,ado,2026-07-08
ztpflex_ada_ll,ztpflex,ztpflex_ada_ll.ado,ado,2026-07-08
ztree2stata,ztree2stata,ztree2stata.ado,ado,2026-07-08
zmap,zmap,zmap.ado,ado,2026-07-08
zicen,zicen,zicen.ado,ado,2026-07-08
zicen0,zicen,zicen0.ado,ado,2026-07-08
zicenec,zicen,zicenec.ado,ado,2026-07-08
zicen2_lf,zicen,zicen2_lf.ado,ado,2026-07-08
zicen2_p,zicen,zicen2_p.ado,ado,2026-07-08
zicen3_lf,zicen,zicen3_lf.ado,ado,2026-07-08
zicen3_p,zicen,zicen3_p.ado,ado,2026-07-08
zicenlc,zicen,zicenlc.ado,ado,2026-07-08
zipffit,zipffit,zipffit.ado,ado,2026-07-08
zipf,zipffit,zipf.ado,ado,2026-07-08
zipf_mandelbrot,zipffit,zipf_mandelbrot.ado,ado,2026-07-08
zcq,zcq,zcq.ado,ado,2026-07-08
zscore06,zscore06,zscore06.ado,ado,2026-07-08
twostep_nardl,twostep_nardl,twostep_nardl.ado,ado,2026-07-08
twostep_nardl_p,twostep_nardl,twostep_nardl_p.ado,ado,2026-07-08
twostep_nardl_estat,twostep_nardl,twostep_nardl_estat.ado,ado,2026-07-08
tomarkstat,tomarkstat,tomarkstat.ado,ado,2026-07-08
twexp,twexp,twexp.ado,ado,2026-07-08
tablemat,tablemat,tablemat.ado,ado,2026-07-08
tabex,tabex,tabex.ado,ado,2026-07-08
textpad,textpad,textpad.ado,ado,2026-07-08
tpvar,tpvar,tpvar.ado,ado,2026-07-08
tscb,tscb,tscb.ado,ado,2026-07-08
tabone,tabone,tabone.ado,ado,2026-07-08
timeit,timeit,timeit.ado,ado,2026-07-08
ttesttable,ttesttable,ttesttable.ado,ado,2026-07-08
tgmixed,tgmixed,tgmixed.ado,ado,2026-07-08
tabcond,tabcond,tabcond.ado,ado,2026-07-08
trnbin0,trnbin0,trnbin0.ado,ado,2026-07-08
nbin0lf,trnbin0,../n/nbin0lf.ado,ado,2026-07-08
tomata,tomata,tomata.ado,ado,2026-07-08
twfem,twfem,twfem.ado,ado,2026-07-08
twest,twfem,twest.ado,ado,2026-07-08
twload,twfem,twload.ado,ado,2026-07-08
twres,twfem,twres.ado,ado,2026-07-08
twsave,twfem,twsave.ado,ado,2026-07-08
twset,twfem,twset.ado,ado,2026-07-08
tab2diag,tab2diag,tab2diag.ado,ado,2026-07-08
tab2diagi,tab2diag,tab2diagi.ado,ado,2026-07-08
tab2diagmat,tab2diag,tab2diagmat.ado,ado,2026-07-08
tacts,tacts,tacts.ado,ado,2026-07-08
twolevelr2,twolevelr2,twolevelr2.ado,ado,2026-07-08
tsti,tsti,tsti.ado,ado,2026-07-08
trimplot,trimplot,trimplot.ado,ado,2026-07-08
thsearch,thsearch,thsearch.ado,ado,2026-07-08
tteir,tteir,tteir.ado,ado,2026-07-08
tihtest,tihtest,tihtest.ado,ado,2026-07-08
table1,table1,table1.ado,ado,2026-07-08
tsmktim,tsmktim,tsmktim.ado,ado,2026-07-08
tslist,tslist,tslist.ado,ado,2026-07-08
table1_mc,table1_mc,table1_mc.ado,ado,2026-07-08
table1_mc_dta2docx,table1_mc,table1_mc_dta2docx.ado,ado,2026-07-08
tmpinvl2,tmpinvl2,tmpinvl2.ado,ado,2026-07-08
tabstatmat,tabstatmat,tabstatmat.ado,ado,2026-07-08
traveltime,traveltime,traveltime.ado,ado,2026-07-08
yxview_parea_draw,twoway_parea,../y/yxview_parea_draw.ado,ado,2026-07-08
ternary,ternary,ternary.ado,ado,2026-07-08
tree,tree,tree.ado,ado,2026-07-08
tree_plot,tree,tree_plot.ado,ado,2026-07-08
tree_traverse,tree,tree_traverse.ado,ado,2026-07-08
tarow,tarow,tarow.ado,ado,2026-07-08
tarowi,tarow,tarowi.ado,ado,2026-07-08
tmpinvi,tmpinvi,tmpinvi.ado,ado,2026-07-08
texmerge,texmerge,texmerge.ado,ado,2026-07-08
tsegen,tsegen,tsegen.ado,ado,2026-07-08
tablepc,tablepc,tablepc.ado,ado,2026-07-08
_grtvand,trinary,../_/_grtvand.ado,ado,2026-07-08
_grtvor,trinary,../_/_grtvor.ado,ado,2026-07-08
_gtvnot,trinary,../_/_gtvnot.ado,ado,2026-07-08
_gtvand,trinary,../_/_gtvand.ado,ado,2026-07-08
_gtvor,trinary,../_/_gtvor.ado,ado,2026-07-08
tca,tca,tca.ado,ado,2026-07-08
tail,tail,tail.ado,ado,2026-07-08
thesis_diagram,thesis_diagram,thesis_diagram.ado,ado,2026-07-08
tenspiders,tenspiders,tenspiders.ado,ado,2026-07-08
tsgraph,tsgraph,tsgraph.ado,ado,2026-07-08
tab3way,tab3way,tab3way.ado,ado,2026-07-08
testjfe,testjfe,testjfe.ado,ado,2026-07-08
mybspline,testjfe,../m/mybspline.ado,ado,2026-07-08
truernd,truernd,truernd.ado,ado,2026-07-08
threshcoint,threshcoint,threshcoint.ado,ado,2026-07-08
tc_adf,threshcoint,tc_adf.ado,ado,2026-07-08
tc_adlbdm,threshcoint,tc_adlbdm.ado,ado,2026-07-08
tc_adlbo,threshcoint,tc_adlbo.ado,ado,2026-07-08
tc_bbc,threshcoint,tc_bbc.ado,ado,2026-07-08
tc_bf,threshcoint,tc_bf.ado,ado,2026-07-08
tc_compare,threshcoint,tc_compare.ado,ado,2026-07-08
tc_covaug,threshcoint,tc_covaug.ado,ado,2026-07-08
tc_eg,threshcoint,tc_eg.ado,ado,2026-07-08
tc_eqtar,threshcoint,tc_eqtar.ado,ado,2026-07-08
tc_es,threshcoint,tc_es.ado,ado,2026-07-08
tc_exes,threshcoint,tc_exes.ado,ado,2026-07-08
tc_glsmtar,threshcoint,tc_glsmtar.ado,ado,2026-07-08
tc_hs,threshcoint,tc_hs.ado,ado,2026-07-08
tc_kss,threshcoint,tc_kss.ado,ado,2026-07-08
tc_plot,threshcoint,tc_plot.ado,ado,2026-07-08
tc_pp,threshcoint,tc_pp.ado,ado,2026-07-08
tc_setar,threshcoint,tc_setar.ado,ado,2026-07-08
tc_supf,threshcoint,tc_supf.ado,ado,2026-07-08
tc_sysadl,threshcoint,tc_sysadl.ado,ado,2026-07-08
tc_tar,threshcoint,tc_tar.ado,ado,2026-07-08
tc_tvecm,threshcoint,tc_tvecm.ado,ado,2026-07-08
_tc_load,threshcoint,../_/_tc_load.ado,ado,2026-07-08
trellis,trellis,trellis.ado,ado,2026-07-08
try,try,try.ado,ado,2026-07-08
txttool,txttool,txttool.ado,ado,2026-07-08
treeplot,treeplot,treeplot.ado,ado,2026-07-08
tabcount,tabcount,tabcount.ado,ado,2026-07-08
tabcount7,tabcount,tabcount7.ado,ado,2026-07-08
twostepweakiv,twostepweakiv,twostepweakiv.ado,ado,2026-07-08
testout,testout,testout.ado,ado,2026-07-08
triprobit,triprobit,triprobit.ado,ado,2026-07-08
triprob_ml,triprobit,triprob_ml.ado,ado,2026-07-08
tuples,tuples,tuples.ado,ado,2026-07-08
tfr2,tfr2,tfr2.ado,ado,2026-07-08
tabexp,tfr2,tabexp.ado,ado,2026-07-08
tpoisson,tpoisson,tpoisson.ado,ado,2026-07-08
tpoisll,tpoisson,tpoisll.ado,ado,2026-07-08
tmpdir,tmpdir,tmpdir.ado,ado,2026-07-08
shortdir,tmpdir,../s/shortdir.ado,ado,2026-07-08
confirmdir,tmpdir,../c/confirmdir.ado,ado,2026-07-08
trimmean,trimmean,trimmean.ado,ado,2026-07-08
timealloc,timealloc,timealloc.ado,ado,2026-07-08
timeallocx,timealloc,timeallocx.ado,ado,2026-07-08
tslotcheck,timealloc,tslotcheck.ado,ado,2026-07-08
c25tom5,timealloc,../c/c25tom5.ado,ado,2026-07-08
calgen,timealloc,../c/calgen.ado,ado,2026-07-08
clock2min,timealloc,../c/clock2min.ado,ado,2026-07-08
clocklabel,timealloc,../c/clocklabel.ado,ado,2026-07-08
epicheck,timealloc,../e/epicheck.ado,ado,2026-07-08
epifix,timealloc,../e/epifix.ado,ado,2026-07-08
epigen,timealloc,../e/epigen.ado,ado,2026-07-08
epigenx,timealloc,../e/epigenx.ado,ado,2026-07-08
epitrans,timealloc,../e/epitrans.ado,ado,2026-07-08
m69tom4,timealloc,../m/m69tom4.ado,ado,2026-07-08
m69tom11,timealloc,../m/m69tom11.ado,ado,2026-07-08
whatmin,timealloc,../w/whatmin.ado,ado,2026-07-08
whattime,timealloc,../w/whattime.ado,ado,2026-07-08
ted,ted,ted.ado,ado,2026-07-08
chitest,tab_chi,../c/chitest.ado,ado,2026-07-08
chitesti,tab_chi,../c/chitesti.ado,ado,2026-07-08
chitest6,tab_chi,../c/chitest6.ado,ado,2026-07-08
chitesti6,tab_chi,../c/chitesti6.ado,ado,2026-07-08
tabchi,tab_chi,tabchi.ado,ado,2026-07-08
tabchii,tab_chi,tabchii.ado,ado,2026-07-08
tabm,tab_chi,tabm.ado,ado,2026-07-08
tabsort,tab_chi,tabsort.ado,ado,2026-07-08
tabsort6,tab_chi,tabsort6.ado,ado,2026-07-08
tabsplit,tab_chi,tabsplit.ado,ado,2026-07-08
tabsplit6,tab_chi,tabsplit6.ado,ado,2026-07-08
textbarplot,textbarplot,textbarplot.ado,ado,2026-07-08
twostep,twostep,twostep.ado,ado,2026-07-08
tex_equal,tex_equal,tex_equal.ado,ado,2026-07-08
tiva2023,tiva2023,tiva2023.ado,ado,2026-07-08
tiva2023_checktivafiles,tiva2023,tiva2023_checktivafiles.ado,ado,2026-07-08
tiva2023_getpath,tiva2023,tiva2023_getpath.ado,ado,2026-07-08
tiva2023_gettivafiles,tiva2023,tiva2023_gettivafiles.ado,ado,2026-07-08
tiva2023_matatolocal,tiva2023,tiva2023_matatolocal.ado,ado,2026-07-08
tiva2023_store,tiva2023,tiva2023_store.ado,ado,2026-07-08
tiva2023_compile,tiva2023,tiva2023_compile.ado,ado,2026-07-08
tiva2023_getconditionfromlocal,tiva2023,tiva2023_getconditionfromlocal.ado,ado,2026-07-08
twitter2stata,twitter2stata,twitter2stata.ado,ado,2026-07-08
twitter2,twitter2stata,twitter2.ado,ado,2026-07-08
twitter2s,twitter2stata,twitter2s.ado,ado,2026-07-08
twitter2st,twitter2stata,twitter2st.ado,ado,2026-07-08
twitter2sta,twitter2stata,twitter2sta.ado,ado,2026-07-08
twitter2stat,twitter2stata,twitter2stat.ado,ado,2026-07-08
treecluster,treecluster,treecluster.ado,ado,2026-07-08
ttestex,ttestex,ttestex.ado,ado,2026-07-08
ttestex_time,ttestex,ttestex_time.ado,ado,2026-07-08
tolower,tolower,tolower.ado,ado,2026-07-08
titebeta,titebeta,titebeta.ado,ado,2026-07-08
tomode,tomode,tomode.ado,ado,2026-07-08
texdoc,texdoc,texdoc.ado,ado,2026-07-08
tex,texdoc,tex.ado,ado,2026-07-08
tau2ci,tau2ci,tau2ci.ado,ado,2026-07-08
twofold,twofold,twofold.ado,ado,2026-07-08
tabcusum,tabcusum,tabcusum.ado,ado,2026-07-08
tab2mat,tab2mat,tab2mat.ado,ado,2026-07-08
treemap,treemap,treemap.ado,ado,2026-07-08
tfdiff,tfdiff,tfdiff.ado,ado,2026-07-08
ttestplus,ttestplus,ttestplus.ado,ado,2026-07-08
treatoprobitsim,treatoprobitsim,treatoprobitsim.ado,ado,2026-07-08
treatoprobitsim_p,treatoprobitsim,treatoprobitsim_p.ado,ado,2026-07-08
treatoprobitsim_work,treatoprobitsim,treatoprobitsim_work.ado,ado,2026-07-08
txtlabdef,txtlabdef,txtlabdef.ado,ado,2026-07-08
tabmerge,tabmerge,tabmerge.ado,ado,2026-07-08
tvpreg,tvpreg,tvpreg.ado,ado,2026-07-08
tvpreg_p,tvpreg,tvpreg_p.ado,ado,2026-07-08
tvpplot,tvpreg,tvpplot.ado,ado,2026-07-08
trpois0,trpois0,trpois0.ado,ado,2026-07-08
trpoislf,trpois0,trpoislf.ado,ado,2026-07-08
todummy,todummy,todummy.ado,ado,2026-07-08
tddens,tddens,tddens.ado,ado,2026-07-08
translog,translog,translog.ado,ado,2026-07-08
timeleft,timeleft,timeleft.ado,ado,2026-07-08
texresults2,texresults2,texresults2.ado,ado,2026-07-08
tknz,tknz,tknz.ado,ado,2026-07-08
tabsheet,tabsheet,tabsheet.ado,ado,2026-07-08
tptest,tptest,tptest.ado,ado,2026-07-08
_tptest_graph,tptest,../_/_tptest_graph.ado,ado,2026-07-08
_tptest_qgraph,tptest,../_/_tptest_qgraph.ado,ado,2026-07-08
traces,traces,traces.ado,ado,2026-07-08
tab2excel,tab2excel,tab2excel.ado,ado,2026-07-08
theilr2,theilr2,theilr2.ado,ado,2026-07-08
tdpd,tdpd,tdpd.ado,ado,2026-07-08
tabplot,tabplot,tabplot.ado,ado,2026-07-08
_glgroup,tabplot,../_/_glgroup.ado,ado,2026-07-08
tabplot6,tabplot,tabplot6.ado,ado,2026-07-08
twopm,twopm,twopm.ado,ado,2026-07-08
twopm_p,twopm,twopm_p.ado,ado,2026-07-08
twopm_svy_check,twopm,twopm_svy_check.ado,ado,2026-07-08
_svy_twopm_display,twopm,../_/_svy_twopm_display.ado,ado,2026-07-08
_prefix_display,twopm,../_/_prefix_display.ado,ado,2026-07-08
trimap,trimap,trimap.ado,ado,2026-07-08
tsspell,tsspell,tsspell.ado,ado,2026-07-08
tvdiff,tvdiff,tvdiff.ado,ado,2026-07-08
tabletutorial_do,tabletutorial,tabletutorial_do.ado,ado,2026-07-08
txt2qr,txt2qr,txt2qr.ado,ado,2026-07-08
torumm,torumm,torumm.ado,ado,2026-07-08
tablab,tablab,tablab.ado,ado,2026-07-08
texify,texify,texify.ado,ado,2026-07-08
tabmult,tabmult,tabmult.ado,ado,2026-07-08
turnbull,turnbull,turnbull.ado,ado,2026-07-08
telegram,telegram,telegram.ado,ado,2026-07-08
tg,telegram,tg.ado,ado,2026-07-08
testex,testex,testex.ado,ado,2026-07-08
tpm,tpm,tpm.ado,ado,2026-07-08
tpm_p,tpm,tpm_p.ado,ado,2026-07-08
tpm_svy_check,tpm,tpm_svy_check.ado,ado,2026-07-08
_svy_tpm_display,tpm,../_/_svy_tpm_display.ado,ado,2026-07-08
_prefix_display,tpm,../_/_prefix_display.ado,ado,2026-07-08
tsplot,tsplot,tsplot.ado,ado,2026-07-08
tmap,tmap,tmap.ado,ado,2026-07-08
tmap_choropleth,tmap,tmap_choropleth.ado,ado,2026-07-08
tmap_propsymbol,tmap,tmap_propsymbol.ado,ado,2026-07-08
tmap_deviation,tmap,tmap_deviation.ado,ado,2026-07-08
tmap_dot,tmap,tmap_dot.ado,ado,2026-07-08
tmap_label,tmap,tmap_label.ado,ado,2026-07-08
tabhbar,tabhbar,tabhbar.ado,ado,2026-07-08
hbar,tabhbar,../h/hbar.ado,ado,2026-07-08
tr,tr,tr.ado,ado,2026-07-08
timestamp,timestamp,timestamp.ado,ado,2026-07-08
timestamp_zones,timestamp,timestamp_zones.ado,ado,2026-07-08
tfv,tfv,tfv.ado,ado,2026-07-08
tkdensity,tkdensity,tkdensity.ado,ado,2026-07-08
textgph,textgph,textgph.ado,ado,2026-07-08
testmnt,testmnt,testmnt.ado,ado,2026-07-08
twc_inf,twc_inf,twc_inf.ado,ado,2026-07-08
tabform,tabform,tabform.ado,ado,2026-07-08
svytabform,tabform,../s/svytabform.ado,ado,2026-07-08
title,title,title.ado,ado,2026-07-08
trialcounts,trialcounts,trialcounts.ado,ado,2026-07-08
tobithetm,tobithetm,tobithetm.ado,ado,2026-07-08
tobithetm_lfh,tobithetm,tobithetm_lfh.ado,ado,2026-07-08
tobithetm_lfn,tobithetm,tobithetm_lfn.ado,ado,2026-07-08
tic,tictoc,tic.ado,ado,2026-07-08
toc,tictoc,toc.ado,ado,2026-07-08
tscollap,tscollap,tscollap.ado,ado,2026-07-08
_gfilter,tscollap,../_/_gfilter.ado,ado,2026-07-08
tpred,tpred,tpred.ado,ado,2026-07-08
tmpinv,tmpinv,tmpinv.ado,ado,2026-07-08
tgraph,tgraph,tgraph.ado,ado,2026-07-08
tabexport,tabexport,tabexport.ado,ado,2026-07-08
tidytuesday,tidytuesday,tidytuesday.ado,ado,2026-07-08
tolong,tolong,tolong.ado,ado,2026-07-08
touch,touch,touch.ado,ado,2026-07-08
tesensitivity,tesensitivity,tesensitivity.ado,ado,2026-07-08
_tesen_cpi,tesensitivity,../_/_tesen_cpi.ado,ado,2026-07-08
_tesen_cscale,tesensitivity,../_/_tesen_cscale.ado,ado,2026-07-08
_tesen_display,tesensitivity,../_/_tesen_display.ado,ado,2026-07-08
_tesen_estat,tesensitivity,../_/_tesen_estat.ado,ado,2026-07-08
_tesen_plot,tesensitivity,../_/_tesen_plot.ado,ado,2026-07-08
twfe,twfe,twfe.ado,ado,2026-07-08
twfe_p,twfe,twfe_p.ado,ado,2026-07-08
theildeco,theildeco,theildeco.ado,ado,2026-07-08
ttab,ttab,ttab.ado,ado,2026-07-08
triplot,triplot,triplot.ado,ado,2026-07-08
triplot6,triplot,triplot6.ado,ado,2026-07-08
tcod,tcod,tcod.ado,ado,2026-07-08
rcod,tcod,../r/rcod.ado,ado,2026-07-08
taba,taba,taba.ado,ado,2026-07-08
tfinsert,tfinsert,tfinsert.ado,ado,2026-07-08
tnardl,tnardl,tnardl.ado,ado,2026-07-08
testijfe,testijfe,testijfe.ado,ado,2026-07-08
mybspline,testijfe,../m/mybspline.ado,ado,2026-07-08
twowayfeweights,twowayfeweights,twowayfeweights.ado,ado,2026-07-08
twowayfeweights_out,twowayfeweights,twowayfeweights_out.ado,ado,2026-07-08
twgravity,twgravity,twgravity.ado,ado,2026-07-08
ttable2,ttable2,ttable2.ado,ado,2026-07-08
t2way5,t2way5,t2way5.ado,ado,2026-07-08
tex2col,tex2col,tex2col.ado,ado,2026-07-08
topsis,topsis,topsis.ado,ado,2026-07-08
tmpm2,tmpm2,tmpm2.ado,ado,2026-07-08
ttable,ttable,ttable.ado,ado,2026-07-08
twoway__estfit_serset,twoway_estfit,twoway__estfit_serset.ado,ado,2026-07-08
tabxml,tabxml,tabxml.ado,ado,2026-07-08
textfind,textfind,textfind.ado,ado,2026-07-08
tosql,tosql,tosql.ado,ado,2026-07-08
tosql6,tosql,tosql6.ado,ado,2026-07-08
ttable3,ttable3,ttable3.ado,ado,2026-07-08
gather,tidy,../g/gather.ado,ado,2026-07-08
spread,tidy,../s/spread.ado,ado,2026-07-08
unite,tidy,../u/unite.ado,ado,2026-07-08
tobitiv,tobitiv,tobitiv.ado,ado,2026-07-08
hyphens,tobitiv,../h/hyphens.ado,ado,2026-07-08
tolerance,tolerance,tolerance.ado,ado,2026-07-08
tolerancei,tolerance,tolerancei.ado,ado,2026-07-08
tabhplot,tabhplot,tabhplot.ado,ado,2026-07-08
hplot,tabhplot,../h/hplot.ado,ado,2026-07-08
texsave,texsave,texsave.ado,ado,2026-07-08
appendfile,texsave,../a/appendfile.ado,ado,2026-07-08
tw3xls,tw3xls,tw3xls.ado,ado,2026-07-08
transplot,transplot,transplot.ado,ado,2026-07-08
tmpm,tmpm,tmpm.ado,ado,2026-07-08
teffects2,teffects2,teffects2.ado,ado,2026-07-08
_teffects2_aipw,teffects2,../_/_teffects2_aipw.ado,ado,2026-07-08
_teffects2_count_obs,teffects2,../_/_teffects2_count_obs.ado,ado,2026-07-08
_teffects2_error_msg,teffects2,../_/_teffects2_error_msg.ado,ado,2026-07-08
_teffects2_getstatsaipw,teffects2,../_/_teffects2_getstatsaipw.ado,ado,2026-07-08
_teffects2_getstatsipw,teffects2,../_/_teffects2_getstatsipw.ado,ado,2026-07-08
_teffects2_getstatsipwra,teffects2,../_/_teffects2_getstatsipwra.ado,ado,2026-07-08
_teffects2_gmmopts,teffects2,../_/_teffects2_gmmopts.ado,ado,2026-07-08
_teffects2_ipw,teffects2,../_/_teffects2_ipw.ado,ado,2026-07-08
_teffects2_ipwra,teffects2,../_/_teffects2_ipwra.ado,ado,2026-07-08
_teffects2_parse_canonicalize,teffects2,../_/_teffects2_parse_canonicalize.ado,ado,2026-07-08
_teffects2_parse_dvarlist,teffects2,../_/_teffects2_parse_dvarlist.ado,ado,2026-07-08
_teffects2_parse_tvar,teffects2,../_/_teffects2_parse_tvar.ado,ado,2026-07-08
_teffects2_parse_tvarlist,teffects2,../_/_teffects2_parse_tvarlist.ado,ado,2026-07-08
_teffects2_replay,teffects2,../_/_teffects2_replay.ado,ado,2026-07-08
_teffects2_vlist_exclusive2,teffects2,../_/_teffects2_vlist_exclusive2.ado,ado,2026-07-08
tryem,tryem,tryem.ado,ado,2026-07-08
treatrew,treatrew,treatrew.ado,ado,2026-07-08
trimlabs,trimlabs,trimlabs.ado,ado,2026-07-08
todate,todate,todate.ado,ado,2026-07-08
todate7,todate,todate7.ado,ado,2026-07-08
trackobs,trackobs,trackobs.ado,ado,2026-07-08
tab2way,tab2way,tab2way.ado,ado,2026-07-08
trim_vars,trim_vars,trim_vars.ado,ado,2026-07-08
tablecol,tablecol,tablecol.ado,ado,2026-07-08
tableplot,tableplot,tableplot.ado,ado,2026-07-08
_gaxis,tableplot,../_/_gaxis.ado,ado,2026-07-08
testvec,testvec,testvec.ado,ado,2026-07-08
tslstarmod,tslstarmod,tslstarmod.ado,ado,2026-07-08
tslstarmod_initvals,tslstarmod,tslstarmod_initvals.ado,ado,2026-07-08
tslstarmod_ll,tslstarmod,tslstarmod_ll.ado,ado,2026-07-08
tslstarmod_p,tslstarmod,tslstarmod_p.ado,ado,2026-07-08
tslstarmodtest,tslstarmod,tslstarmodtest.ado,ado,2026-07-08
tsadvroot,tsadvroot,tsadvroot.ado,ado,2026-07-08
torats,torats,torats.ado,ado,2026-07-08
tex3pt,tex3pt,tex3pt.ado,ado,2026-07-08
truecrypt,truecrypt,truecrypt.ado,ado,2026-07-08
tabbit,tabbit,tabbit.ado,ado,2026-07-08
twoway__whistogram_gen,twoway__whistogram_gen,twoway__whistogram_gen.ado,ado,2026-07-08
tabstat2excel,tabstat2excel,tabstat2excel.ado,ado,2026-07-08
tohtml,tohtml,tohtml.ado,ado,2026-07-08
treatoprobit,treatoprobit,treatoprobit.ado,ado,2026-07-08
treatoprobit_p,treatoprobit,treatoprobit_p.ado,ado,2026-07-08
treatoprobit_work,treatoprobit,treatoprobit_work.ado,ado,2026-07-08
tarur,tarur,tarur.ado,ado,2026-07-08
tarur_arch,tarur,tarur_arch.ado,ado,2026-07-08
tarur_cookvougas,tarur,tarur_cookvougas.ado,ado,2026-07-08
tarur_cuestasgarratt,tarur,tarur_cuestasgarratt.ado,ado,2026-07-08
tarur_cuestasordonez,tarur,tarur_cuestasordonez.ado,ado,2026-07-08
tarur_endersgranger,tarur,tarur_endersgranger.ado,ado,2026-07-08
tarur_enderssiklos,tarur,tarur_enderssiklos.ado,ado,2026-07-08
tarur_harveymills,tarur,tarur_harveymills.ado,ado,2026-07-08
tarur_huchen,tarur,tarur_huchen.ado,ado,2026-07-08
tarur_init,tarur,tarur_init.ado,ado,2026-07-08
tarur_kilic,tarur,tarur_kilic.ado,ado,2026-07-08
tarur_kruse,tarur,tarur_kruse.ado,ado,2026-07-08
tarur_kss,tarur,tarur_kss.ado,ado,2026-07-08
tarur_ksscoint,tarur,tarur_ksscoint.ado,ado,2026-07-08
tarur_lnv,tarur,tarur_lnv.ado,ado,2026-07-08
tarur_mcleodli,tarur,tarur_mcleodli.ado,ado,2026-07-08
tarur_parkshintani,tarur,tarur_parkshintani.ado,ado,2026-07-08
tarur_pascalau,tarur,tarur_pascalau.ado,ado,2026-07-08
tarur_runall,tarur,tarur_runall.ado,ado,2026-07-08
tarur_sollis2004,tarur,tarur_sollis2004.ado,ado,2026-07-08
tarur_sollis2009,tarur,tarur_sollis2009.ado,ado,2026-07-08
tarur_terasvirta,tarur,tarur_terasvirta.ado,ado,2026-07-08
tarur_vougas,tarur,tarur_vougas.ado,ado,2026-07-08
twby,twby,twby.ado,ado,2026-07-08
twby_ex,twby,twby_ex.ado,ado,2026-07-08
t2docx,t2docx,t2docx.ado,ado,2026-07-08
tnardll_p,tnardll,tnardll_p.ado,ado,2026-07-08
tnardll,tnardll,tnardll.ado,ado,2026-07-08
tnardlldiag,tnardll,tnardlldiag.ado,ado,2026-07-08
tnardllmult,tnardll,tnardllmult.ado,ado,2026-07-08
texresults,texresults,texresults.ado,ado,2026-07-08
tvgc,tvgc,tvgc.ado,ado,2026-07-08
tvgc0,tvgc,tvgc0.ado,ado,2026-07-08
tvgc_boot,tvgc,tvgc_boot.ado,ado,2026-07-08
tabout,tabout,tabout.ado,ado,2026-07-08
tabstatout,tabout,tabstatout.ado,ado,2026-07-08
figout,tabout,../f/figout.ado,ado,2026-07-08
tstf,tstf,tstf.ado,ado,2026-07-08
seldum,seldum,seldum.ado,ado,2026-07-08
sensatt,sensatt,sensatt.ado,ado,2026-07-08
stnet,stnet,stnet.ado,ado,2026-07-08
spgen,spgen,spgen.ado,ado,2026-07-08
sivreg,sivreg,sivreg.ado,ado,2026-07-08
sensemakr,sensemakr,sensemakr.ado,ado,2026-07-08
spregfext,spregfext,spregfext.ado,ado,2026-07-08
speccheck,speccheck,speccheck.ado,ado,2026-07-08
statplot,statplot,statplot.ado,ado,2026-07-08
sspecialreg,sspecialreg,sspecialreg.ado,ado,2026-07-08
ssortedfm,sspecialreg,ssortedfm.ado,ado,2026-07-08
_sspecialreg,sspecialreg,../_/_sspecialreg.ado,ado,2026-07-08
xtspecialreg,sspecialreg,../x/xtspecialreg.ado,ado,2026-07-08
_xtspecialreg,sspecialreg,../_/_xtspecialreg.ado,ado,2026-07-08
shapowen,shapowen,shapowen.ado,ado,2026-07-08
strmst2,strmst2,strmst2.ado,ado,2026-07-08
strmst2pw,strmst2,strmst2pw.ado,ado,2026-07-08
scenttest,scenttest,scenttest.ado,ado,2026-07-08
scenttest_p,scenttest,scenttest_p.ado,ado,2026-07-08
spregrext,spregrext,spregrext.ado,ado,2026-07-08
setpoisson,setpoisson,setpoisson.ado,ado,2026-07-08
setpoisson_ll,setpoisson,setpoisson_ll.ado,ado,2026-07-08
setpoisson_me,setpoisson,setpoisson_me.ado,ado,2026-07-08
summvl,summvl,summvl.ado,ado,2026-07-08
stndzxage,stndzxage,stndzxage.ado,ado,2026-07-08
stpm2cm,stpm2cm,stpm2cm.ado,ado,2026-07-08
scsomersd,scsomersd,scsomersd.ado,ado,2026-07-08
sccendif,scsomersd,sccendif.ado,ado,2026-07-08
sccenslope,scsomersd,sccenslope.ado,ado,2026-07-08
stcrprep,stcrprep,stcrprep.ado,ado,2026-07-08
stcmd,stcmd,stcmd.ado,ado,2026-07-08
inputst,stcmd,../i/inputst.ado,ado,2026-07-08
outputst,stcmd,../o/outputst.ado,ado,2026-07-08
outputstold,stcmd,../o/outputstold.ado,ado,2026-07-08
sencode,sencode,sencode.ado,ado,2026-07-08
sankey_plot,sankey_plot,sankey_plot.ado,ado,2026-07-08
stpm,stpm,stpm.ado,ado,2026-07-08
stpm_p,stpm,stpm_p.ado,ado,2026-07-08
frac_s3b,stpm,../f/frac_s3b.ado,ado,2026-07-08
frac_spl,stpm,../f/frac_spl.ado,ado,2026-07-08
mlsurvlf,stpm,../m/mlsurvlf.ado,ado,2026-07-08
sqmc,sqmc,sqmc.ado,ado,2026-07-08
simon2stage,simon2stage,simon2stage.ado,ado,2026-07-08
stquant,stquant,stquant.ado,ado,2026-07-08
sptobitmstarhxt,sptobitmstarhxt,sptobitmstarhxt.ado,ado,2026-07-08
sptobitmstarhxt1,sptobitmstarhxt,sptobitmstarhxt1.ado,ado,2026-07-08
sptobitmstarhxt2,sptobitmstarhxt,sptobitmstarhxt2.ado,ado,2026-07-08
sptobitmstarhxt3,sptobitmstarhxt,sptobitmstarhxt3.ado,ado,2026-07-08
sptobitmstarhxt4,sptobitmstarhxt,sptobitmstarhxt4.ado,ado,2026-07-08
strcs,strcs,strcs.ado,ado,2026-07-08
strcs_pred,strcs,strcs_pred.ado,ado,2026-07-08
shortdir,shortdir,shortdir.ado,ado,2026-07-08
splitit,splitit,splitit.ado,ado,2026-07-08
savespss,savespss,savespss.ado,ado,2026-07-08
savespss_dlgs,savespss,savespss_dlgs.ado,ado,2026-07-08
savespsssome,savespss,savespsssome.ado,ado,2026-07-08
screen,screen,screen.ado,ado,2026-07-08
svybsamp2,svybsamp2,svybsamp2.ado,ado,2026-07-08
stcstat2,stcstat2,stcstat2.ado,ado,2026-07-08
smcl2do,smcl2do,smcl2do.ado,ado,2026-07-08
splitlog,smcl2do,splitlog.ado,ado,2026-07-08
parsefilename,smcl2do,../p/parsefilename.ado,ado,2026-07-08
stata2pajek,stata2pajek,stata2pajek.ado,ado,2026-07-08
spatial_hac_iv,spatial_hac_iv,spatial_hac_iv.ado,ado,2026-07-08
sgini,sgini,sgini.ado,ado,2026-07-08
sginicorr,sgini,sginicorr.ado,ado,2026-07-08
fracrank,sgini,../f/fracrank.ado,ado,2026-07-08
spregsem,spregsem,spregsem.ado,ado,2026-07-08
spregsem1,spregsem,spregsem1.ado,ado,2026-07-08
spregsem2,spregsem,spregsem2.ado,ado,2026-07-08
spregsem3,spregsem,spregsem3.ado,ado,2026-07-08
stcompadj,stcompadj,stcompadj.ado,ado,2026-07-08
stcompadj_example,stcompadj,stcompadj_example.ado,ado,2026-07-08
ssm,ssm,ssm.ado,ado,2026-07-08
sqr,sqr,sqr.ado,ado,2026-07-08
spregdhp,spregdhp,spregdhp.ado,ado,2026-07-08
stfform,stfform,stfform.ado,ado,2026-07-08
shownear,shownear,shownear.ado,ado,2026-07-08
spgrid,spgrid,spgrid.ado,ado,2026-07-08
setroot,setroot,setroot.ado,ado,2026-07-08
slopepower,slopepower,slopepower.ado,ado,2026-07-08
ssci,ssci,ssci.ado,ado,2026-07-08
sumscale,sumscale,sumscale.ado,ado,2026-07-08
spcs2xt,spcs2xt,spcs2xt.ado,ado,2026-07-08
shuffle,shuffle,shuffle.ado,ado,2026-07-08
save12,save12_13,save12.ado,ado,2026-07-08
save13,save12_13,save13.ado,ado,2026-07-08
stdtable,stdtable,stdtable.ado,ado,2026-07-08
stdtable_ex,stdtable,stdtable_ex.ado,ado,2026-07-08
simpute,simpute,simpute.ado,ado,2026-07-08
svysd,svysd,svysd.ado,ado,2026-07-08
simuped2,simuped,simuped2.ado,ado,2026-07-08
simuped3,simuped,simuped3.ado,ado,2026-07-08
summtab,summtab,summtab.ado,ado,2026-07-08
summtab2,summtab,summtab2.ado,ado,2026-07-08
saveresults,saveresults,saveresults.ado,ado,2026-07-08
stcband,stcband,stcband.ado,ado,2026-07-08
stcband_example,stcband,stcband_example.ado,ado,2026-07-08
skdecomp,skdecomp,skdecomp.ado,ado,2026-07-08
_ex_skdecomp,skdecomp,../_/_ex_skdecomp.ado,ado,2026-07-08
spkde,spkde,spkde.ado,ado,2026-07-08
sbbq,sbbq,sbbq.ado,ado,2026-07-08
svypxcat,svypxcat,svypxcat.ado,ado,2026-07-08
supclust,supclust,supclust.ado,ado,2026-07-08
submatrix,submatrix,submatrix.ado,ado,2026-07-08
spmstardh,spmstardh,spmstardh.ado,ado,2026-07-08
spmstardh1,spmstardh,spmstardh1.ado,ado,2026-07-08
spmstardh2,spmstardh,spmstardh2.ado,ado,2026-07-08
spmstardh3,spmstardh,spmstardh3.ado,ado,2026-07-08
spmstardh4,spmstardh,spmstardh4.ado,ado,2026-07-08
sum2,sum2,sum2.ado,ado,2026-07-08
smvcir,smvcir,smvcir.ado,ado,2026-07-08
smvcir_p,smvcir,smvcir_p.ado,ado,2026-07-08
statsmat,statsmat,statsmat.ado,ado,2026-07-08
spwmatrix,spwmatrix,spwmatrix.ado,ado,2026-07-08
studysi,studysi,studysi.ado,ado,2026-07-08
summout,summout,summout.ado,ado,2026-07-08
socstrat,socstrat,socstrat.ado,ado,2026-07-08
stpepemori,stpepemori,stpepemori.ado,ado,2026-07-08
stpepemori_example,stpepemori,stpepemori_example.ado,ado,2026-07-08
spmstard,spmstard,spmstard.ado,ado,2026-07-08
spmstard1,spmstard,spmstard1.ado,ado,2026-07-08
spmstard2,spmstard,spmstard2.ado,ado,2026-07-08
spmstard3,spmstard,spmstard3.ado,ado,2026-07-08
spmstard4,spmstard,spmstard4.ado,ado,2026-07-08
spmstard5,spmstard,spmstard5.ado,ado,2026-07-08
spmstard6,spmstard,spmstard6.ado,ado,2026-07-08
spmstard7,spmstard,spmstard7.ado,ado,2026-07-08
spmstard8,spmstard,spmstard8.ado,ado,2026-07-08
swindex,swindex,swindex.ado,ado,2026-07-08
save13,save13,save13.ado,ado,2026-07-08
stbtcalc,stbtcalc,stbtcalc.ado,ado,2026-07-08
stbtplot,stbtcalc,stbtplot.ado,ado,2026-07-08
mkname1,stbtcalc,../m/mkname1.ado,ado,2026-07-08
splinefit,splinefit,splinefit.ado,ado,2026-07-08
supercompress,supercompress,supercompress.ado,ado,2026-07-08
sptobitmstarh,sptobitmstarh,sptobitmstarh.ado,ado,2026-07-08
sptobitmstarh1,sptobitmstarh,sptobitmstarh1.ado,ado,2026-07-08
sptobitmstarh2,sptobitmstarh,sptobitmstarh2.ado,ado,2026-07-08
sptobitmstarh3,sptobitmstarh,sptobitmstarh3.ado,ado,2026-07-08
sptobitmstarh4,sptobitmstarh,sptobitmstarh4.ado,ado,2026-07-08
swboot,swboot,swboot.ado,ado,2026-07-08
spmstardhxt,spmstardhxt,spmstardhxt.ado,ado,2026-07-08
spmstardhxt1,spmstardhxt,spmstardhxt1.ado,ado,2026-07-08
spmstardhxt2,spmstardhxt,spmstardhxt2.ado,ado,2026-07-08
spmstardhxt3,spmstardhxt,spmstardhxt3.ado,ado,2026-07-08
spmstardhxt4,spmstardhxt,spmstardhxt4.ado,ado,2026-07-08
sublime,sublime,sublime.ado,ado,2026-07-08
spregdpd,spregdpd,spregdpd.ado,ado,2026-07-08
statflow,statflow,statflow.ado,ado,2026-07-08
shakespeare,shakespeare,shakespeare.ado,ado,2026-07-08
sic_to_ff,sic_to_ff,sic_to_ff.ado,ado,2026-07-08
save9,save9,save9.ado,ado,2026-07-08
st2openbugs,st2openbugs,st2openbugs.ado,ado,2026-07-08
st2openbugsana,st2openbugs,st2openbugsana.ado,ado,2026-07-08
sepscatter,sepscatter,sepscatter.ado,ado,2026-07-08
stack,stack,stack.ado,ado,2026-07-08
stataid,stataid,stataid.ado,ado,2026-07-08
ssi,ssi,ssi.ado,ado,2026-07-08
save12,save12,save12.ado,ado,2026-07-08
sheafcoef,sheafcoef,sheafcoef.ado,ado,2026-07-08
sheafcoef_ex,sheafcoef,sheafcoef_ex.ado,ado,2026-07-08
spagg,spagg,spagg.ado,ado,2026-07-08
spregsdm,spregsdm,spregsdm.ado,ado,2026-07-08
spregsdm1,spregsdm,spregsdm1.ado,ado,2026-07-08
spregsdm2,spregsdm,spregsdm2.ado,ado,2026-07-08
spregsdm3,spregsdm,spregsdm3.ado,ado,2026-07-08
spregsdm4,spregsdm,spregsdm4.ado,ado,2026-07-08
sparkline,sparkline,sparkline.ado,ado,2026-07-08
searchfor,searchfor,searchfor.ado,ado,2026-07-08
switch,switch,switch.ado,ado,2026-07-08
symmetry,symmetry,symmetry.ado,ado,2026-07-08
sampicc,sampicc,sampicc.ado,ado,2026-07-08
stckar,stckar,stckar.ado,ado,2026-07-08
samplesize,samplesize,samplesize.ado,ado,2026-07-08
stata_sage,stata_sage,stata_sage.ado,ado,2026-07-08
sampsi_rho,sampsi_rho,sampsi_rho.ado,ado,2026-07-08
soepuse,soepuse,soepuse.ado,ado,2026-07-08
soepadd,soepuse,soepadd.ado,ado,2026-07-08
smclpres,smclpres,smclpres.ado,ado,2026-07-08
pres2html,smclpres,../p/pres2html.ado,ado,2026-07-08
setrngseed,setrngseed,setrngseed.ado,ado,2026-07-08
ci_fixed,singlearm,../c/ci_fixed.ado,ado,2026-07-08
ci_gs,singlearm,../c/ci_gs.ado,ado,2026-07-08
des_admissable,singlearm,../d/des_admissable.ado,ado,2026-07-08
des_bayesfreq,singlearm,../d/des_bayesfreq.ado,ado,2026-07-08
des_curtailed,singlearm,../d/des_curtailed.ado,ado,2026-07-08
des_fixed,singlearm,../d/des_fixed.ado,ado,2026-07-08
des_gehan,singlearm,../d/des_gehan.ado,ado,2026-07-08
des_gs,singlearm,../d/des_gs.ado,ado,2026-07-08
est_fixed,singlearm,../e/est_fixed.ado,ado,2026-07-08
est_gs,singlearm,../e/est_gs.ado,ado,2026-07-08
curtailed,singlearm,../_/curtailed.ado,ado,2026-07-08
opchar_fixed,singlearm,../o/opchar_fixed.ado,ado,2026-07-08
opchar_gs,singlearm,../o/opchar_gs.ado,ado,2026-07-08
pval_fixed,singlearm,../p/pval_fixed.ado,ado,2026-07-08
pval_gs,singlearm,../p/pval_gs.ado,ado,2026-07-08
svcom,svcom,svcom.ado,ado,2026-07-08
svcom_run,svcom,svcom_run.ado,ado,2026-07-08
smrtbl,smrtbl,smrtbl.ado,ado,2026-07-08
smrcol,smrtbl,smrcol.ado,ado,2026-07-08
smrfmn,smrtbl,smrfmn.ado,ado,2026-07-08
smrgivconditions,smrtbl,smrgivconditions.ado,ado,2026-07-08
stmixed,stmixed,stmixed.ado,ado,2026-07-08
stmixed_pred,stmixed,stmixed_pred.ado,ado,2026-07-08
smhsiao,smhsiao,smhsiao.ado,ado,2026-07-08
sproper,sproper,sproper.ado,ado,2026-07-08
slower,sproper,slower.ado,ado,2026-07-08
supper,sproper,supper.ado,ado,2026-07-08
spregxt,spregxt,spregxt.ado,ado,2026-07-08
spregxt01,spregxt,spregxt01.ado,ado,2026-07-08
spregxt02,spregxt,spregxt02.ado,ado,2026-07-08
spregxt03,spregxt,spregxt03.ado,ado,2026-07-08
spregxt04,spregxt,spregxt04.ado,ado,2026-07-08
spregxt05,spregxt,spregxt05.ado,ado,2026-07-08
spregxt06,spregxt,spregxt06.ado,ado,2026-07-08
spregxt07,spregxt,spregxt07.ado,ado,2026-07-08
spregxt08,spregxt,spregxt08.ado,ado,2026-07-08
spregxt09,spregxt,spregxt09.ado,ado,2026-07-08
spregxt10,spregxt,spregxt10.ado,ado,2026-07-08
spregxt11,spregxt,spregxt11.ado,ado,2026-07-08
spregxt12,spregxt,spregxt12.ado,ado,2026-07-08
spregxt13,spregxt,spregxt13.ado,ado,2026-07-08
spregxt14,spregxt,spregxt14.ado,ado,2026-07-08
spregxt15,spregxt,spregxt15.ado,ado,2026-07-08
spregxt16,spregxt,spregxt16.ado,ado,2026-07-08
spregxt17,spregxt,spregxt17.ado,ado,2026-07-08
spregxt18,spregxt,spregxt18.ado,ado,2026-07-08
spregxt19,spregxt,spregxt19.ado,ado,2026-07-08
spregxt20,spregxt,spregxt20.ado,ado,2026-07-08
spregxt21,spregxt,spregxt21.ado,ado,2026-07-08
spregxt22,spregxt,spregxt22.ado,ado,2026-07-08
spregxt23,spregxt,spregxt23.ado,ado,2026-07-08
spregxt24,spregxt,spregxt24.ado,ado,2026-07-08
spregxt25,spregxt,spregxt25.ado,ado,2026-07-08
spregxt26,spregxt,spregxt26.ado,ado,2026-07-08
spregxt27,spregxt,spregxt27.ado,ado,2026-07-08
spregxt28,spregxt,spregxt28.ado,ado,2026-07-08
spregxt29,spregxt,spregxt29.ado,ado,2026-07-08
spregxt30,spregxt,spregxt30.ado,ado,2026-07-08
spregxt31,spregxt,spregxt31.ado,ado,2026-07-08
spregxt32,spregxt,spregxt32.ado,ado,2026-07-08
spregxt33,spregxt,spregxt33.ado,ado,2026-07-08
spregxt34,spregxt,spregxt34.ado,ado,2026-07-08
spregxt35,spregxt,spregxt35.ado,ado,2026-07-08
spregxt36,spregxt,spregxt36.ado,ado,2026-07-08
spregxt37,spregxt,spregxt37.ado,ado,2026-07-08
svmachines,svmachines,svmachines.ado,ado,2026-07-08
svm_ensurelib,svmachines,svm_ensurelib.ado,ado,2026-07-08
svm_predict,svmachines,svm_predict.ado,ado,2026-07-08
_svm_model2stata,svmachines,../_/_svm_model2stata.ado,ado,2026-07-08
_svm_train,svmachines,../_/_svm_train.ado,ado,2026-07-08
svmachines_example,svmachines,svmachines_example.ado,ado,2026-07-08
import_svmlight,svmachines,../i/import_svmlight.ado,ado,2026-07-08
export_svmlight,svmachines,../e/export_svmlight.ado,ado,2026-07-08
spell2panel,spellutil,spell2panel.ado,ado,2026-07-08
spellmerge,spellutil,spellmerge.ado,ado,2026-07-08
spellsplit,spellutil,spellsplit.ado,ado,2026-07-08
stcapture,stcapture,stcapture.ado,ado,2026-07-08
seq,seq,seq.ado,ado,2026-07-08
stselpre,stselpre,stselpre.ado,ado,2026-07-08
stcascoh,stselpre,stcascoh.ado,ado,2026-07-08
stcrmix,stcrmix,stcrmix.ado,ado,2026-07-08
LNmixtureLEandUC_loglik,stcrmix,../l/LNmixtureLEandUC_loglik.ado,ado,2026-07-08
GGmixtureLEandUC_loglik,stcrmix,../g/GGmixtureLEandUC_loglik.ado,ado,2026-07-08
EXPmixtureLEandUC_loglik,stcrmix,../e/EXPmixtureLEandUC_loglik.ado,ado,2026-07-08
WEmixtureLEandUC_loglik,stcrmix,../w/WEmixtureLEandUC_loglik.ado,ado,2026-07-08
s2s,s2s,s2s.ado,ado,2026-07-08
s2s_indicators,s2s,s2s_indicators.ado,ado,2026-07-08
epctile,s2s,../e/epctile.ado,ado,2026-07-08
FormXLevels,s2s,../f/FormXLevels.ado,ado,2026-07-08
sbplot,sbplot,sbplot.ado,ado,2026-07-08
seg,seg,seg.ado,ado,2026-07-08
spxttobit,spxttobit,spxttobit.ado,ado,2026-07-08
sbplot5,sbplot5,sbplot5.ado,ado,2026-07-08
stsurvdiff,stsurvdiff,stsurvdiff.ado,ado,2026-07-08
rbn1mono,scheme_rbn1mono,scheme-rbn1mono.scheme,scheme,2026-07-08
rbn2mono,scheme_rbn1mono,scheme-rbn2mono.scheme,scheme,2026-07-08
rbn3mono,scheme_rbn1mono,scheme-rbn3mono.scheme,scheme,2026-07-08
rbn4mono,scheme_rbn1mono,scheme-rbn4mono.scheme,scheme,2026-07-08
simufe,simufe,simufe.ado,ado,2026-07-08
stlda,stlda,stlda.ado,ado,2026-07-08
surrog,surrog,surrog.ado,ado,2026-07-08
svalue,svalue,svalue.ado,ado,2026-07-08
svypxcon,svypxcon,svypxcon.ado,ado,2026-07-08
simulate2,simulate2,simulate2.ado,ado,2026-07-08
psimulate2,simulate2,../p/psimulate2.ado,ado,2026-07-08
sutex,sutex,sutex.ado,ado,2026-07-08
sutex6,sutex,sutex6.ado,ado,2026-07-08
sgpv,sgpv,sgpv.ado,ado,2026-07-08
sgpvalue,sgpv,sgpvalue.ado,ado,2026-07-08
sgpower,sgpv,sgpower.ado,ado,2026-07-08
plotsgpv,sgpv,../p/plotsgpv.ado,ado,2026-07-08
fdrisk,sgpv,../f/fdrisk.ado,ado,2026-07-08
svytabs,svytabs,svytabs.ado,ado,2026-07-08
srh_test,srh_test,srh_test.ado,ado,2026-07-08
slideviewer,slideviewer,slideviewer.ado,ado,2026-07-08
smfit,smfit,smfit.ado,ado,2026-07-08
smfit_ll,smfit,smfit_ll.ado,ado,2026-07-08
smpred,smfit,smpred.ado,ado,2026-07-08
saswrapper,saswrapper,saswrapper.ado,ado,2026-07-08
usesas,saswrapper,../u/usesas.ado,ado,2026-07-08
savasas,saswrapper,savasas.ado,ado,2026-07-08
usesasdel,saswrapper,../u/usesasdel.ado,ado,2026-07-08
sasexe,saswrapper,sasexe.ado,ado,2026-07-08
adoedit,saswrapper,../a/adoedit.ado,ado,2026-07-08
tmpdir,saswrapper,../t/tmpdir.ado,ado,2026-07-08
shortdir,saswrapper,shortdir.ado,ado,2026-07-08
confirmdir,saswrapper,../c/confirmdir.ado,ado,2026-07-08
statacmds,statacmds,statacmds.ado,ado,2026-07-08
sentinel,sentinel,sentinel.ado,ado,2026-07-08
sumup,sumup,sumup.ado,ado,2026-07-08
fasttabstat,sumup,../f/fasttabstat.ado,ado,2026-07-08
stsurvimpute,stsurvimpute,stsurvimpute.ado,ado,2026-07-08
spregsar,spregsar,spregsar.ado,ado,2026-07-08
spregsar1,spregsar,spregsar1.ado,ado,2026-07-08
spregsar2,spregsar,spregsar2.ado,ado,2026-07-08
spregsar3,spregsar,spregsar3.ado,ado,2026-07-08
spregsar4,spregsar,spregsar4.ado,ado,2026-07-08
svret,svret,svret.ado,ado,2026-07-08
spspc,spspc,spspc.ado,ado,2026-07-08
sf36,sf36,sf36.ado,ado,2026-07-08
sigcoef,sigcoef,sigcoef.ado,ado,2026-07-08
scale_transformation,scale_transformation,scale_transformation.ado,ado,2026-07-08
spregsacxt,spregsacxt,spregsacxt.ado,ado,2026-07-08
spregsacxt1,spregsacxt,spregsacxt1.ado,ado,2026-07-08
spregsacxt2,spregsacxt,spregsacxt2.ado,ado,2026-07-08
spregsacxt3,spregsacxt,spregsacxt3.ado,ado,2026-07-08
staft,staft,staft.ado,ado,2026-07-08
staft_pred,staft,staft_pred.ado,ado,2026-07-08
rcsgen2,staft,../r/rcsgen2.ado,ado,2026-07-08
simpplot,simpplot,simpplot.ado,ado,2026-07-08
spmstardxt,spmstardxt,spmstardxt.ado,ado,2026-07-08
spmstardxt01,spmstardxt,spmstardxt01.ado,ado,2026-07-08
spmstardxt02,spmstardxt,spmstardxt02.ado,ado,2026-07-08
spmstardxt03,spmstardxt,spmstardxt03.ado,ado,2026-07-08
spmstardxt04,spmstardxt,spmstardxt04.ado,ado,2026-07-08
spmstardxt05,spmstardxt,spmstardxt05.ado,ado,2026-07-08
spmstardxt06,spmstardxt,spmstardxt06.ado,ado,2026-07-08
spmstardxt07,spmstardxt,spmstardxt07.ado,ado,2026-07-08
spmstardxt08,spmstardxt,spmstardxt08.ado,ado,2026-07-08
spmstardxt09,spmstardxt,spmstardxt09.ado,ado,2026-07-08
spmstardxt10,spmstardxt,spmstardxt10.ado,ado,2026-07-08
spmstardxt11,spmstardxt,spmstardxt11.ado,ado,2026-07-08
spmstardxt12,spmstardxt,spmstardxt12.ado,ado,2026-07-08
spsiv,spsiv,spsiv.ado,ado,2026-07-08
sob,sob,sob.ado,ado,2026-07-08
swapval,swapval,swapval.ado,ado,2026-07-08
singleb,singleb,singleb.ado,ado,2026-07-08
singleb_ll,singleb,singleb_ll.ado,ado,2026-07-08
scdensity,scdensity,scdensity.ado,ado,2026-07-08
scdcor,scdensity,scdcor.ado,ado,2026-07-08
sutex2,sutex2,sutex2.ado,ado,2026-07-08
stmd,stmd,stmd.ado,ado,2026-07-08
stmd2dyn,stmd,stmd2dyn.ado,ado,2026-07-08
dyn2do,stmd,../d/dyn2do.ado,ado,2026-07-08
senspec,senspec,senspec.ado,ado,2026-07-08
showgph,showgph,showgph.ado,ado,2026-07-08
syncmrates,syncmrates,syncmrates.ado,ado,2026-07-08
syncmrates_1,syncmrates,syncmrates_1.ado,ado,2026-07-08
syncmrates_2,syncmrates,syncmrates_2.ado,ado,2026-07-08
syncmrates_3,syncmrates,syncmrates_3.ado,ado,2026-07-08
str2d,str2d,str2d.ado,ado,2026-07-08
sf36v2,sf36v2,sf36v2.ado,ado,2026-07-08
strgroup,strgroup,strgroup.ado,ado,2026-07-08
levenshtein,strgroup,../l/levenshtein.ado,ado,2026-07-08
scoregrp,scoregrp,scoregrp.ado,ado,2026-07-08
stjmgraph,stjmgraph,stjmgraph.ado,ado,2026-07-08
black_brbg,schemepack,scheme-black_brbg.scheme,scheme,2026-07-08
black_cividis,schemepack,scheme-black_cividis.scheme,scheme,2026-07-08
black_hue,schemepack,scheme-black_hue.scheme,scheme,2026-07-08
black_jet,schemepack,scheme-black_jet.scheme,scheme,2026-07-08
black_piyg,schemepack,scheme-black_piyg.scheme,scheme,2026-07-08
black_ptol,schemepack,scheme-black_ptol.scheme,scheme,2026-07-08
black_set3,schemepack,scheme-black_set3.scheme,scheme,2026-07-08
black_tableau,schemepack,scheme-black_tableau.scheme,scheme,2026-07-08
black_viridis,schemepack,scheme-black_viridis.scheme,scheme,2026-07-08
black_w3d,schemepack,scheme-black_w3d.scheme,scheme,2026-07-08
cblind1,schemepack,scheme-cblind1.scheme,scheme,2026-07-08
gg_brbg,schemepack,scheme-gg_brbg.scheme,scheme,2026-07-08
gg_cividis,schemepack,scheme-gg_cividis.scheme,scheme,2026-07-08
gg_hue,schemepack,scheme-gg_hue.scheme,scheme,2026-07-08
gg_jet,schemepack,scheme-gg_jet.scheme,scheme,2026-07-08
gg_piyg,schemepack,scheme-gg_piyg.scheme,scheme,2026-07-08
gg_ptol,schemepack,scheme-gg_ptol.scheme,scheme,2026-07-08
gg_set3,schemepack,scheme-gg_set3.scheme,scheme,2026-07-08
gg_tableau,schemepack,scheme-gg_tableau.scheme,scheme,2026-07-08
gg_viridis,schemepack,scheme-gg_viridis.scheme,scheme,2026-07-08
gg_w3d,schemepack,scheme-gg_w3d.scheme,scheme,2026-07-08
neon,schemepack,scheme-neon.scheme,scheme,2026-07-08
rainbow,schemepack,scheme-rainbow.scheme,scheme,2026-07-08
swift_red,schemepack,scheme-swift_red.scheme,scheme,2026-07-08
tab1,schemepack,scheme-tab1.scheme,scheme,2026-07-08
tab2,schemepack,scheme-tab2.scheme,scheme,2026-07-08
tab3,schemepack,scheme-tab3.scheme,scheme,2026-07-08
ukraine,schemepack,scheme-ukraine.scheme,scheme,2026-07-08
white_brbg,schemepack,scheme-white_brbg.scheme,scheme,2026-07-08
white_cividis,schemepack,scheme-white_cividis.scheme,scheme,2026-07-08
white_hue,schemepack,scheme-white_hue.scheme,scheme,2026-07-08
white_jet,schemepack,scheme-white_jet.scheme,scheme,2026-07-08
white_piyg,schemepack,scheme-white_piyg.scheme,scheme,2026-07-08
white_ptol,schemepack,scheme-white_ptol.scheme,scheme,2026-07-08
white_set3,schemepack,scheme-white_set3.scheme,scheme,2026-07-08
white_tableau,schemepack,scheme-white_tableau.scheme,scheme,2026-07-08
white_viridis,schemepack,scheme-white_viridis.scheme,scheme,2026-07-08
white_w3d,schemepack,scheme-white_w3d.scheme,scheme,2026-07-08
sankeyplot,sankeyplot,sankeyplot.ado,ado,2026-07-08
sankeyplot_eg,sankeyplot,sankeyplot_eg.ado,ado,2026-07-08
svarsirf,svarsirf,svarsirf.ado,ado,2026-07-08
suregr,suregr,suregr.ado,ado,2026-07-08
sxpose,sxpose,sxpose.ado,ado,2026-07-08
sfpanel,sfpanel,sfpanel.ado,ado,2026-07-08
sfpanel_p,sfpanel,sfpanel_p.ado,ado,2026-07-08
sampsi_sccs,sampsi_sccs,sampsi_sccs.ado,ado,2026-07-08
spregsdmxt,spregsdmxt,spregsdmxt.ado,ado,2026-07-08
spregsdmxt1,spregsdmxt,spregsdmxt1.ado,ado,2026-07-08
spregsdmxt2,spregsdmxt,spregsdmxt2.ado,ado,2026-07-08
spregsdmxt3,spregsdmxt,spregsdmxt3.ado,ado,2026-07-08
spregsdmxt4,spregsdmxt,spregsdmxt4.ado,ado,2026-07-08
stdbeta,std_beta,stdbeta.ado,ado,2026-07-08
sbri,sbri,sbri.ado,ado,2026-07-08
burd,scheme-burd,scheme-burd.scheme,scheme,2026-07-08
burd3,scheme-burd,scheme-burd3.scheme,scheme,2026-07-08
burd4,scheme-burd,scheme-burd4.scheme,scheme,2026-07-08
burd5,scheme-burd,scheme-burd5.scheme,scheme,2026-07-08
burd6,scheme-burd,scheme-burd6.scheme,scheme,2026-07-08
burd7,scheme-burd,scheme-burd7.scheme,scheme,2026-07-08
burd8,scheme-burd,scheme-burd8.scheme,scheme,2026-07-08
burd9,scheme-burd,scheme-burd9.scheme,scheme,2026-07-08
burd10,scheme-burd,scheme-burd10.scheme,scheme,2026-07-08
burd11,scheme-burd,scheme-burd11.scheme,scheme,2026-07-08
shapley2,shapley2,shapley2.ado,ado,2026-07-08
sfcross,sfcross,sfcross.ado,ado,2026-07-08
sfcross_p,sfcross,sfcross_p.ado,ado,2026-07-08
streamplot,streamplot,streamplot.ado,ado,2026-07-08
subinfile,subinfile,subinfile.ado,ado,2026-07-08
spikeplt,spikeplt,spikeplt.ado,ado,2026-07-08
scandata,scandata,scandata.ado,ado,2026-07-08
ssccount,ssccount,ssccount.ado,ado,2026-07-08
stackscpvals,stackscpvals,stackscpvals.ado,ado,2026-07-08
savesome,savesome,savesome.ado,ado,2026-07-08
spreghetxt,spreghetxt,spreghetxt.ado,ado,2026-07-08
spreghetxt1,spreghetxt,spreghetxt1.ado,ado,2026-07-08
spreghetxt2,spreghetxt,spreghetxt2.ado,ado,2026-07-08
sdid,sdid,sdid.ado,ado,2026-07-08
svysampsi,svysampsi,svysampsi.ado,ado,2026-07-08
scul,scul,scul.ado,ado,2026-07-08
stackedev,stackedev,stackedev.ado,ado,2026-07-08
sumtex,sumtex,sumtex.ado,ado,2026-07-08
ses_forecast,ses_forecast,ses_forecast.ado,ado,2026-07-08
sjive,sjive,sjive.ado,ado,2026-07-08
strip,strip,strip.ado,ado,2026-07-08
simirt,simirt,simirt.ado,ado,2026-07-08
spseudor2,spseudor2,spseudor2.ado,ado,2026-07-08
mrc,scheme-mrc,scheme-mrc.scheme,scheme,2026-07-08
skprobit,skprobit,skprobit.ado,ado,2026-07-08
split,split,split.ado,ado,2026-07-08
sscpax,sscpax,sscpax.ado,ado,2026-07-08
soepren,soepren,soepren.ado,ado,2026-07-08
spregsac,spregsac,spregsac.ado,ado,2026-07-08
spregsac1,spregsac,spregsac1.ado,ado,2026-07-08
spregsac2,spregsac,spregsac2.ado,ado,2026-07-08
spregsac3,spregsac,spregsac3.ado,ado,2026-07-08
sto,sto,sto.ado,ado,2026-07-08
stmt,stmt,stmt.ado,ado,2026-07-08
stmt_pred,stmt,stmt_pred.ado,ado,2026-07-08
shwinters_forecast,shwinters_forecast,shwinters_forecast.ado,ado,2026-07-08
sssplot,sssplot,sssplot.ado,ado,2026-07-08
sctree,sctree,sctree.ado,ado,2026-07-08
stpiece,stpiece,stpiece.ado,ado,2026-07-08
strdate,strdate,strdate.ado,ado,2026-07-08
sdmxuse,sdmxuse,sdmxuse.ado,ado,2026-07-08
sfkk,sfkk,sfkk.ado,ado,2026-07-08
sfkk_ml,sfkk,sfkk_ml.ado,ado,2026-07-08
stpm2illd,stpm2illd,stpm2illd.ado,ado,2026-07-08
illdprep,stpm2illd,../i/illdprep.ado,ado,2026-07-08
stipw,stipw,stipw.ado,ado,2026-07-08
smcvir,smcvir,smcvir.ado,ado,2026-07-08
smcvir_p,smcvir,smcvir_p.ado,ado,2026-07-08
sptobitsacxt,sptobitsacxt,sptobitsacxt.ado,ado,2026-07-08
sptobitsacxt1,sptobitsacxt,sptobitsacxt1.ado,ado,2026-07-08
sptobitsacxt2,sptobitsacxt,sptobitsacxt2.ado,ado,2026-07-08
sptobitsacxt3,sptobitsacxt,sptobitsacxt3.ado,ado,2026-07-08
lint,stata_linter,../l/lint.ado,ado,2026-07-08
strgen,strgen,strgen.ado,ado,2026-07-08
statastates,statastates,statastates.ado,ado,2026-07-08
statastates_data,statastates,statastates_data.ado,ado,2026-07-08
sampsi_gehan,sampsi_gehan,sampsi_gehan.ado,ado,2026-07-08
subset,subset,subset.ado,ado,2026-07-08
strrec,strrec,strrec.ado,ado,2026-07-08
spweightcs,spweightcs,spweightcs.ado,ado,2026-07-08
starjas,starjas,starjas.ado,ado,2026-07-08
arjas_example,starjas,../a/arjas_example.ado,ado,2026-07-08
stute_test,stute_test,stute_test.ado,ado,2026-07-08
spglsxt,spglsxt,spglsxt.ado,ado,2026-07-08
sctoapi,scto,sctoapi.ado,ado,2026-07-08
sctostreamcsv,scto,sctostreamcsv.ado,ado,2026-07-08
sctostreamsum,scto,sctostreamsum.ado,ado,2026-07-08
sctomedia,scto,sctomedia.ado,ado,2026-07-08
sctorezone,scto,sctorezone.ado,ado,2026-07-08
stcascoh,stcascoh,stcascoh.ado,ado,2026-07-08
sequences,sequences,sequences.ado,ado,2026-07-08
strkeep,strkeep,strkeep.ado,ado,2026-07-08
samregc,samregc,samregc.ado,ado,2026-07-08
spearman2,spearman2,spearman2.ado,ado,2026-07-08
sptobitsdmxt,sptobitsdmxt,sptobitsdmxt.ado,ado,2026-07-08
sptobitsdmxt1,sptobitsdmxt,sptobitsdmxt1.ado,ado,2026-07-08
sptobitsdmxt2,sptobitsdmxt,sptobitsdmxt2.ado,ado,2026-07-08
sptobitsdmxt3,sptobitsdmxt,sptobitsdmxt3.ado,ado,2026-07-08
sptobitsdmxt4,sptobitsdmxt,sptobitsdmxt4.ado,ado,2026-07-08
stpm2_standsurv,stpm2_standsurv,stpm2_standsurv.ado,ado,2026-07-08
svylorenz,svylorenz,svylorenz.ado,ado,2026-07-08
survwgt,svr,survwgt.ado,ado,2026-07-08
svrcalc,svr,svrcalc.ado,ado,2026-07-08
svrcorr,svr,svrcorr.ado,ado,2026-07-08
svrest,svr,svrest.ado,ado,2026-07-08
svrlog_p,svr,svrlog_p.ado,ado,2026-07-08
svrmean,svr,svrmean.ado,ado,2026-07-08
svrmlogit_p,svr,svrmlogit_p.ado,ado,2026-07-08
svrmodel,svr,svrmodel.ado,ado,2026-07-08
svrologit_p,svr,svrologit_p.ado,ado,2026-07-08
svrratio,svr,svrratio.ado,ado,2026-07-08
svrset,svr,svrset.ado,ado,2026-07-08
svrtab,svr,svrtab.ado,ado,2026-07-08
svrtotal,svr,svrtotal.ado,ado,2026-07-08
svresttest,svr,svresttest.ado,ado,2026-07-08
svr_disp,svr,svr_disp.ado,ado,2026-07-08
svr_get,svr,svr_get.ado,ado,2026-07-08
svr_x,svr,svr_x.ado,ado,2026-07-08
brr_hadamardmatrixfile,svr,../b/brr_hadamardmatrixfile.ado,ado,2026-07-08
sdecode,sdecode,sdecode.ado,ado,2026-07-08
msdecode,sdecode,../m/msdecode.ado,ado,2026-07-08
styletextab,styletextab,styletextab.ado,ado,2026-07-08
stackdid,stackdid,stackdid.ado,ado,2026-07-08
spmstarxt,spmstarxt,spmstarxt.ado,ado,2026-07-08
spmstarxt01,spmstarxt,spmstarxt01.ado,ado,2026-07-08
spmstarxt02,spmstarxt,spmstarxt02.ado,ado,2026-07-08
spmstarxt03,spmstarxt,spmstarxt03.ado,ado,2026-07-08
spmstarxt04,spmstarxt,spmstarxt04.ado,ado,2026-07-08
spmstarxt05,spmstarxt,spmstarxt05.ado,ado,2026-07-08
spmstarxt06,spmstarxt,spmstarxt06.ado,ado,2026-07-08
spmstarxt07,spmstarxt,spmstarxt07.ado,ado,2026-07-08
spmstarxt08,spmstarxt,spmstarxt08.ado,ado,2026-07-08
spmstarxt09,spmstarxt,spmstarxt09.ado,ado,2026-07-08
spmstarxt10,spmstarxt,spmstarxt10.ado,ado,2026-07-08
spmstarxt11,spmstarxt,spmstarxt11.ado,ado,2026-07-08
spmstarxt12,spmstarxt,spmstarxt12.ado,ado,2026-07-08
synlight,synlight,synlight.ado,ado,2026-07-08
syn,synlight,syn.ado,ado,2026-07-08
synlightlist,synlight,synlightlist.ado,ado,2026-07-08
synlightversion,synlight,synlightversion.ado,ado,2026-07-08
slist,slist,slist.ado,ado,2026-07-08
scenreg,scenreg,scenreg.ado,ado,2026-07-08
scenreg_lf,scenreg,scenreg_lf.ado,ado,2026-07-08
stvarag,stvarag,stvarag.ado,ado,2026-07-08
spgmmxt,spgmmxt,spgmmxt.ado,ado,2026-07-08
stgit,stgit,stgit.ado,ado,2026-07-08
stgit9,stgit,stgit9.ado,ado,2026-07-08
stgit13,stgit,stgit13.ado,ado,2026-07-08
stgit_summary,stgit,stgit_summary.ado,ado,2026-07-08
stgit_error,stgit,stgit_error.ado,ado,2026-07-08
stgit_parse,stgit,stgit_parse.ado,ado,2026-07-08
swblock,swblock,swblock.ado,ado,2026-07-08
spweight,spweight,spweight.ado,ado,2026-07-08
summclust,summclust,summclust.ado,ado,2026-07-08
skilmack,skilmack,skilmack.ado,ado,2026-07-08
spaces,spaces,spaces.ado,ado,2026-07-08
sdlim,sdlim,sdlim.ado,ado,2026-07-08
sdline,sdline,sdline.ado,ado,2026-07-08
sampsi_mcc,sampsi_mcc,sampsi_mcc.ado,ado,2026-07-08
supsmooth,supsmooth,supsmooth.ado,ado,2026-07-08
spmap,spmap,spmap.ado,ado,2026-07-08
spmap_arrow,spmap,spmap_arrow.ado,ado,2026-07-08
spmap_color,spmap,spmap_color.ado,ado,2026-07-08
spmap_diagram,spmap,spmap_diagram.ado,ado,2026-07-08
spmap_examples,spmap,spmap_examples.ado,ado,2026-07-08
spmap_label,spmap,spmap_label.ado,ado,2026-07-08
spmap_line,spmap,spmap_line.ado,ado,2026-07-08
spmap_point,spmap,spmap_point.ado,ado,2026-07-08
spmap_polygon,spmap,spmap_polygon.ado,ado,2026-07-08
spmap_psl,spmap,spmap_psl.ado,ado,2026-07-08
spmap_scalebar,spmap,spmap_scalebar.ado,ado,2026-07-08
sbrowni,sbrowni,sbrowni.ado,ado,2026-07-08
spdir,spdir,spdir.ado,ado,2026-07-08
silvtest1,silvermtest,silvtest1.ado,ado,2026-07-08
bootsamb,silvermtest,../b/bootsamb.ado,ado,2026-07-08
critiband1,silvermtest,../c/critiband1.ado,ado,2026-07-08
nuamodes,silvermtest,../n/nuamodes.ado,ado,2026-07-08
numodes,silvermtest,../n/numodes.ado,ado,2026-07-08
warpdenm1,silvermtest,../w/warpdenm1.ado,ado,2026-07-08
survtime,survtime,survtime.ado,ado,2026-07-08
stan,stan,stan.ado,ado,2026-07-08
sptobitmstar,sptobitmstar,sptobitmstar.ado,ado,2026-07-08
sptobitmstar1,sptobitmstar,sptobitmstar1.ado,ado,2026-07-08
sptobitmstar2,sptobitmstar,sptobitmstar2.ado,ado,2026-07-08
sptobitmstar3,sptobitmstar,sptobitmstar3.ado,ado,2026-07-08
sptobitmstar4,sptobitmstar,sptobitmstar4.ado,ado,2026-07-08
sptobitmstar5,sptobitmstar,sptobitmstar5.ado,ado,2026-07-08
sptobitmstar6,sptobitmstar,sptobitmstar6.ado,ado,2026-07-08
sptobitmstar7,sptobitmstar,sptobitmstar7.ado,ado,2026-07-08
sptobitmstar8,sptobitmstar,sptobitmstar8.ado,ado,2026-07-08
simsum,simsum,simsum.ado,ado,2026-07-08
scls,scls,scls.ado,ado,2026-07-08
shuffle8,shuffle8,shuffle8.ado,ado,2026-07-08
tufte,scheme_tufte,scheme-tufte.scheme,scheme,2026-07-08
swpermute,swpermute,swpermute.ado,ado,2026-07-08
soepdo,soepdo,soepdo.ado,ado,2026-07-08
strparse,strparse,strparse.ado,ado,2026-07-08
stddiff,stddiff,stddiff.ado,ado,2026-07-08
stddiffi,stddiff,stddiffi.ado,ado,2026-07-08
_stddiff,stddiff,../_/_stddiff.ado,ado,2026-07-08
sunflower,sunflower,sunflower.ado,ado,2026-07-08
sphdist,sphdist,sphdist.ado,ado,2026-07-08
deg2rad,sphdist,../d/deg2rad.ado,ado,2026-07-08
sptobitsac,sptobitsac,sptobitsac.ado,ado,2026-07-08
sptobitsac1,sptobitsac,sptobitsac1.ado,ado,2026-07-08
sptobitsac2,sptobitsac,sptobitsac2.ado,ado,2026-07-08
sptobitsac3,sptobitsac,sptobitsac3.ado,ado,2026-07-08
spsurv,spsurv,spsurv.ado,ado,2026-07-08
spsur_ll,spsurv,spsur_ll.ado,ado,2026-07-08
_subsim_inst,subsim,../_/_subsim_inst.ado,ado,2026-07-08
_subsim_vers,subsim,../_/_subsim_vers.ado,ado,2026-07-08
sskapp,sskapp,sskapp.ado,ado,2026-07-08
summdate,summdate,summdate.ado,ado,2026-07-08
spweightxt,spweightxt,spweightxt.ado,ado,2026-07-08
spider,spider,spider.ado,ado,2026-07-08
switchr,switchr,switchr.ado,ado,2026-07-08
_sw_lik,switchr,../_/_sw_lik.ado,ado,2026-07-08
_sw_lik2,switchr,../_/_sw_lik2.ado,ado,2026-07-08
elapse,switchr,../e/elapse.ado,ado,2026-07-08
sicff,sicff,sicff.ado,ado,2026-07-08
sumstats,sumstats,sumstats.ado,ado,2026-07-08
tfl,scheme-tfl,scheme-tfl.scheme,scheme,2026-07-08
samplepps,samplepps,samplepps.ado,ado,2026-07-08
staticfc,staticfc,staticfc.ado,ado,2026-07-08
_staticfc,staticfc,../_/_staticfc.ado,ado,2026-07-08
stop,stop,stop.ado,ado,2026-07-08
spundir,spundir,spundir.ado,ado,2026-07-08
suchowtest,suchowtest,suchowtest.ado,ado,2026-07-08
sptobitmstardhxt,sptobitmstardhxt,sptobitmstardhxt.ado,ado,2026-07-08
sptobitmstardhxt1,sptobitmstardhxt,sptobitmstardhxt1.ado,ado,2026-07-08
sptobitmstardhxt2,sptobitmstardhxt,sptobitmstardhxt2.ado,ado,2026-07-08
sptobitmstardhxt3,sptobitmstardhxt,sptobitmstardhxt3.ado,ado,2026-07-08
sptobitmstardhxt4,sptobitmstardhxt,sptobitmstardhxt4.ado,ado,2026-07-08
stjm11,stjm11,stjm11.ado,ado,2026-07-08
stjm11_pred,stjm11,stjm11_pred.ado,ado,2026-07-08
stjm11_d0_e,stjm11,stjm11_d0_e.ado,ado,2026-07-08
stjm11_d0_e_na,stjm11,stjm11_d0_e_na.ado,ado,2026-07-08
stjm11_d0_fpm,stjm11,stjm11_d0_fpm.ado,ado,2026-07-08
stjm11_d0_fpm_na,stjm11,stjm11_d0_fpm_na.ado,ado,2026-07-08
stjm11_d0_g,stjm11,stjm11_d0_g.ado,ado,2026-07-08
stjm11_d0_g_na,stjm11,stjm11_d0_g_na.ado,ado,2026-07-08
stjm11_d0_w,stjm11,stjm11_d0_w.ado,ado,2026-07-08
stjm11_d0_w_na,stjm11,stjm11_d0_w_na.ado,ado,2026-07-08
sls,sls,sls.ado,ado,2026-07-08
sls_p,sls,sls_p.ado,ado,2026-07-08
_init_options,sls,../_/_init_options.ado,ado,2026-07-08
smileplot,smileplot,smileplot.ado,ado,2026-07-08
smileplot7,smileplot,smileplot7.ado,ado,2026-07-08
multproc,smileplot,../m/multproc.ado,ado,2026-07-08
spsfe,spsfe,spsfe.ado,ado,2026-07-08
spsfe_p,spsfe,spsfe_p.ado,ado,2026-07-08
semipar,semipar,semipar.ado,ado,2026-07-08
spmon,spmon,spmon.ado,ado,2026-07-08
stackedcount,stackedcount,stackedcount.ado,ado,2026-07-08
seqlogit,seqlogit,seqlogit.ado,ado,2026-07-08
seqlogit10,seqlogit,seqlogit10.ado,ado,2026-07-08
seqsens,seqlogit,seqsens.ado,ado,2026-07-08
seqlogit_p,seqlogit,seqlogit_p.ado,ado,2026-07-08
seqlogit10_p,seqlogit,seqlogit10_p.ado,ado,2026-07-08
seqlogit_lf,seqlogit,seqlogit_lf.ado,ado,2026-07-08
seqlogit_uh_lf,seqlogit,seqlogit_uh_lf.ado,ado,2026-07-08
uhdesc,seqlogit,../u/uhdesc.ado,ado,2026-07-08
uhdesc10,seqlogit,../u/uhdesc10.ado,ado,2026-07-08
seqlogitdecomp,seqlogit,seqlogitdecomp.ado,ado,2026-07-08
seqlogitdecomp10,seqlogit,seqlogitdecomp10.ado,ado,2026-07-08
slideplot,slideplot,slideplot.ado,ado,2026-07-08
sampsi_fleming,sampsi_fleming,sampsi_fleming.ado,ado,2026-07-08
spgmm,spgmm,spgmm.ado,ado,2026-07-08
surveycluster,surveycluster,surveycluster.ado,ado,2026-07-08
spregsarxt,spregsarxt,spregsarxt.ado,ado,2026-07-08
spregsarxt1,spregsarxt,spregsarxt1.ado,ado,2026-07-08
spregsarxt2,spregsarxt,spregsarxt2.ado,ado,2026-07-08
spregsarxt3,spregsarxt,spregsarxt3.ado,ado,2026-07-08
surface,surface,surface.ado,ado,2026-07-08
surface7,surface,surface7.ado,ado,2026-07-08
searchr,searchr,searchr.ado,ado,2026-07-08
step3,step3,step3.ado,ado,2026-07-08
sivqr,sivqr,sivqr.ado,ado,2026-07-08
sortl,sortl,sortl.ado,ado,2026-07-08
shp2dta,shp2dta,shp2dta.ado,ado,2026-07-08
scat3,scat3,scat3.ado,ado,2026-07-08
sumdist,sumdist,sumdist.ado,ado,2026-07-08
sttex,sttex,sttex.ado,ado,2026-07-08
shapley,shapley,shapley.ado,ado,2026-07-08
speedergles,speedergles,speedergles.ado,ado,2026-07-08
sptobitmstardh,sptobitmstardh,sptobitmstardh.ado,ado,2026-07-08
sptobitmstardh1,sptobitmstardh,sptobitmstardh1.ado,ado,2026-07-08
sptobitmstardh2,sptobitmstardh,sptobitmstardh2.ado,ado,2026-07-08
sptobitmstardh3,sptobitmstardh,sptobitmstardh3.ado,ado,2026-07-08
sptobitmstardh4,sptobitmstardh,sptobitmstardh4.ado,ado,2026-07-08
srtree,srtree,srtree.ado,ado,2026-07-08
storecmd,storecmd,storecmd.ado,ado,2026-07-08
storecmd6,storecmd,storecmd6.ado,ado,2026-07-08
stowcmd,storecmd,stowcmd.ado,ado,2026-07-08
stowcmd6,storecmd,stowcmd6.ado,ado,2026-07-08
repcmd,storecmd,../r/repcmd.ado,ado,2026-07-08
repcmd6,storecmd,../r/repcmd6.ado,ado,2026-07-08
svycanon,svycanon,svycanon.ado,ado,2026-07-08
srslogit,srslogit,srslogit.ado,ado,2026-07-08
spec_stand,spec_stand,spec_stand.ado,ado,2026-07-08
saveascii,saveascii,saveascii.ado,ado,2026-07-08
ssaggregate,ssaggregate,ssaggregate.ado,ado,2026-07-08
stmix,stmix,stmix.ado,ado,2026-07-08
stmix_pred,stmix,stmix_pred.ado,ado,2026-07-08
stmix_lf_we,stmix,stmix_lf_we.ado,ado,2026-07-08
stmix_lf_ww,stmix,stmix_lf_ww.ado,ado,2026-07-08
switchoprobitsim,switchoprobitsim,switchoprobitsim.ado,ado,2026-07-08
switchoprobitsim_p,switchoprobitsim,switchoprobitsim_p.ado,ado,2026-07-08
switchoprobitsim_work,switchoprobitsim,switchoprobitsim_work.ado,ado,2026-07-08
smcfcs,smcfcs,smcfcs.ado,ado,2026-07-08
spectdens,spectdens,spectdens.ado,ado,2026-07-08
sendtoslack,sendtoslack,sendtoslack.ado,ado,2026-07-08
sknor,sknor,sknor.ado,ado,2026-07-08
sptobitsar,sptobitsar,sptobitsar.ado,ado,2026-07-08
sptobitsar1,sptobitsar,sptobitsar1.ado,ado,2026-07-08
sptobitsar2,sptobitsar,sptobitsar2.ado,ado,2026-07-08
sptobitsar3,sptobitsar,sptobitsar3.ado,ado,2026-07-08
sptobitsar4,sptobitsar,sptobitsar4.ado,ado,2026-07-08
stcumh,stcumh,stcumh.ado,ado,2026-07-08
smgfit,smgfit,smgfit.ado,ado,2026-07-08
smgfit_ll,smgfit,smgfit_ll.ado,ado,2026-07-08
skewreg,skewreg,skewreg.ado,ado,2026-07-08
kurtosisreg,skewreg,../k/kurtosisreg.ado,ado,2026-07-08
spreadreg,skewreg,spreadreg.ado,ado,2026-07-08
stcomlist,stcomlist,stcomlist.ado,ado,2026-07-08
specc,specc,specc.ado,ado,2026-07-08
sslope,sslope,sslope.ado,ado,2026-07-08
spell,spell,spell.ado,ado,2026-07-08
sotable,sotable,sotable.ado,ado,2026-07-08
sotable_getextract,sotable,sotable_getextract.ado,ado,2026-07-08
suso,suso,suso.ado,ado,2026-07-08
sxpose2,sxpose2,sxpose2.ado,ado,2026-07-08
spwmatfill,spwmatfill,spwmatfill.ado,ado,2026-07-08
standsurv,standsurv,standsurv.ado,ado,2026-07-08
silhouette,silhouette,silhouette.ado,ado,2026-07-08
sf12,sf12,sf12.ado,ado,2026-07-08
selectvars,selectvars,selectvars.ado,ado,2026-07-08
seast,seast,seast.ado,ado,2026-07-08
sysport,sysport,sysport.ado,ado,2026-07-08
sptobitsarxt,sptobitsarxt,sptobitsarxt.ado,ado,2026-07-08
sptobitsarxt1,sptobitsarxt,sptobitsarxt1.ado,ado,2026-07-08
sptobitsarxt2,sptobitsarxt,sptobitsarxt2.ado,ado,2026-07-08
sptobitsarxt3,sptobitsarxt,sptobitsarxt3.ado,ado,2026-07-08
sptobitsarxt4,sptobitsarxt,sptobitsarxt4.ado,ado,2026-07-08
spmstar,spmstar,spmstar.ado,ado,2026-07-08
spmstar1_lf,spmstar,spmstar1_lf.ado,ado,2026-07-08
spmstar2_lf,spmstar,spmstar2_lf.ado,ado,2026-07-08
spmstar3_lf,spmstar,spmstar3_lf.ado,ado,2026-07-08
spmstar4_lf,spmstar,spmstar4_lf.ado,ado,2026-07-08
stak,stak,stak.ado,ado,2026-07-08
scientific,scheme_scientific,scheme-scientific.scheme,scheme,2026-07-08
scientific_ex,scheme_scientific,scheme-scientific_ex.ado,ado,2026-07-08
stanrun,stanrun,stanrun.ado,ado,2026-07-08
stanrun_diagnostics,stanrun,stanrun_diagnostics.ado,ado,2026-07-08
stanrun_extract,stanrun,stanrun_extract.ado,ado,2026-07-08
scm,scm,scm.ado,ado,2026-07-08
stratarand,stratarand,stratarand.ado,ado,2026-07-08
stns,stns,stns.ado,ado,2026-07-08
loadratetable,stns,../l/loadratetable.ado,ado,2026-07-08
sae,sae,sae.ado,ado,2026-07-08
sae_closefiles,sae,sae_closefiles.ado,ado,2026-07-08
sae_data_export,sae,sae_data_export.ado,ado,2026-07-08
sae_data_import,sae,sae_data_import.ado,ado,2026-07-08
sae_proc_inds,sae,sae_proc_inds.ado,ado,2026-07-08
sae_proc_stats,sae,sae_proc_stats.ado,ado,2026-07-08
stpm2cif,stpm2cif,stpm2cif.ado,ado,2026-07-08
stat2data,stat2data,stat2data.ado,ado,2026-07-08
spmstarhxt,spmstarhxt,spmstarhxt.ado,ado,2026-07-08
spmstarhxt01,spmstarhxt,spmstarhxt01.ado,ado,2026-07-08
spmstarhxt02,spmstarhxt,spmstarhxt02.ado,ado,2026-07-08
spmstarhxt03,spmstarhxt,spmstarhxt03.ado,ado,2026-07-08
spmstarhxt04,spmstarhxt,spmstarhxt04.ado,ado,2026-07-08
stexpect,stexpect,stexpect.ado,ado,2026-07-08
revlist,stexpect,../r/revlist.ado,ado,2026-07-08
mgus_example,stexpect,../m/mgus_example.ado,ado,2026-07-08
sumbar,sumbar,sumbar.ado,ado,2026-07-08
svmatf,svmatf,svmatf.ado,ado,2026-07-08
sgtreg,sgtreg,sgtreg.ado,ado,2026-07-08
sgtevaluator,sgtreg,sgtevaluator.ado,ado,2026-07-08
svyselmlog,svyselmlog,svyselmlog.ado,ado,2026-07-08
stattotex,stattotex,stattotex.ado,ado,2026-07-08
scatter3d,scatter3d,scatter3d.ado,ado,2026-07-08
solve,solve,solve.ado,ado,2026-07-08
scoregof,scoregof,scoregof.ado,ado,2026-07-08
sptobitsdm,sptobitsdm,sptobitsdm.ado,ado,2026-07-08
sptobitsdm1,sptobitsdm,sptobitsdm1.ado,ado,2026-07-08
sptobitsdm2,sptobitsdm,sptobitsdm2.ado,ado,2026-07-08
sptobitsdm3,sptobitsdm,sptobitsdm3.ado,ado,2026-07-08
sptobitsdm4,sptobitsdm,sptobitsdm4.ado,ado,2026-07-08
smithwelch,smithwelch,smithwelch.ado,ado,2026-07-08
scfcombo,scfcombo,scfcombo.ado,ado,2026-07-08
stpm3,stpm3,stpm3.ado,ado,2026-07-08
stpm3_competing_risks_eg,stpm3,stpm3_competing_risks_eg.ado,ado,2026-07-08
stpm3_fpgen,stpm3,stpm3_fpgen.ado,ado,2026-07-08
stpm3_gensplines,stpm3,stpm3_gensplines.ado,ado,2026-07-08
stpm3_polygen,stpm3,stpm3_polygen.ado,ado,2026-07-08
stpm3_pred,stpm3,stpm3_pred.ado,ado,2026-07-08
stpm3_predictions_eg,stpm3,stpm3_predictions_eg.ado,ado,2026-07-08
stpm3_userfunc,stpm3,stpm3_userfunc.ado,ado,2026-07-08
stpm3aj,stpm3,stpm3aj.ado,ado,2026-07-08
stpm3km,stpm3,stpm3km.ado,ado,2026-07-08
stpm3quadchk,stpm3,stpm3quadchk.ado,ado,2026-07-08
strsrcs,strsrcs,strsrcs.ado,ado,2026-07-08
strsrcs_mlo,strsrcs,strsrcs_mlo.ado,ado,2026-07-08
strsrcs_pred,strsrcs,strsrcs_pred.ado,ado,2026-07-08
strsrcs_mlh,strsrcs,strsrcs_mlh.ado,ado,2026-07-08
rcs,strsrcs,../r/rcs.ado,ado,2026-07-08
sizefx,sizefx,sizefx.ado,ado,2026-07-08
sptobitmstarxt,sptobitmstarxt,sptobitmstarxt.ado,ado,2026-07-08
sptobitmstarxt01,sptobitmstarxt,sptobitmstarxt01.ado,ado,2026-07-08
sptobitmstarxt02,sptobitmstarxt,sptobitmstarxt02.ado,ado,2026-07-08
sptobitmstarxt03,sptobitmstarxt,sptobitmstarxt03.ado,ado,2026-07-08
sptobitmstarxt04,sptobitmstarxt,sptobitmstarxt04.ado,ado,2026-07-08
sptobitmstarxt05,sptobitmstarxt,sptobitmstarxt05.ado,ado,2026-07-08
sptobitmstarxt06,sptobitmstarxt,sptobitmstarxt06.ado,ado,2026-07-08
sptobitmstarxt07,sptobitmstarxt,sptobitmstarxt07.ado,ado,2026-07-08
sptobitmstarxt08,sptobitmstarxt,sptobitmstarxt08.ado,ado,2026-07-08
sptobitmstarxt09,sptobitmstarxt,sptobitmstarxt09.ado,ado,2026-07-08
sptobitmstarxt10,sptobitmstarxt,sptobitmstarxt10.ado,ado,2026-07-08
sptobitmstarxt11,sptobitmstarxt,sptobitmstarxt11.ado,ado,2026-07-08
sptobitmstarxt12,sptobitmstarxt,sptobitmstarxt12.ado,ado,2026-07-08
switchoprobit,switchoprobit,switchoprobit.ado,ado,2026-07-08
switchoprobit_p,switchoprobit,switchoprobit_p.ado,ado,2026-07-08
switchoprobit_work,switchoprobit,switchoprobit_work.ado,ado,2026-07-08
stpm2cr,stpm2cr,stpm2cr.ado,ado,2026-07-08
stpm2cr_pred,stpm2cr,stpm2cr_pred.ado,ado,2026-07-08
stpm2cifgq,stpm2cr,stpm2cifgq.ado,ado,2026-07-08
stpm2_prefix,stpm2cr,stpm2_prefix.ado,ado,2026-07-08
stpm2cr_pred_csh,stpm2cr,stpm2cr_pred_csh.ado,ado,2026-07-08
stpm2cr_ml_lf_hazard,stpm2cr,stpm2cr_ml_lf_hazard.ado,ado,2026-07-08
stpm2cr_ml_lf_multi,stpm2cr,stpm2cr_ml_lf_multi.ado,ado,2026-07-08
stpm2cr_ml_lf_odds,stpm2cr,stpm2cr_ml_lf_odds.ado,ado,2026-07-08
subjob11,subsim_2,../p/subjob11.ado,ado,2026-07-08
subjob21,subsim_2,subjob21.ado,ado,2026-07-08
subjob22,subsim_2,subjob22.ado,ado,2026-07-08
subjob23,subsim_2,subjob23.ado,ado,2026-07-08
subjob24,subsim_2,subjob24.ado,ado,2026-07-08
subjob25,subsim_2,subjob25.ado,ado,2026-07-08
subjob31,subsim_2,subjob31.ado,ado,2026-07-08
subjob32,subsim_2,subjob32.ado,ado,2026-07-08
subjob33,subsim_2,subjob33.ado,ado,2026-07-08
subjob34,subsim_2,subjob34.ado,ado,2026-07-08
subjob35,subsim_2,subjob35.ado,ado,2026-07-08
subjob41,subsim_2,subjob41.ado,ado,2026-07-08
subjob42,subsim_2,subjob42.ado,ado,2026-07-08
subjob43,subsim_2,subjob43.ado,ado,2026-07-08
subjob44,subsim_2,subjob44.ado,ado,2026-07-08
subjob45,subsim_2,subjob45.ado,ado,2026-07-08
subjob46,subsim_2,subjob46.ado,ado,2026-07-08
subjob46b,subsim_2,subjob46b.ado,ado,2026-07-08
subjob47,subsim_2,subjob47.ado,ado,2026-07-08
subjob48,subsim_2,subjob48.ado,ado,2026-07-08
subjob49,subsim_2,subjob49.ado,ado,2026-07-08
subjobgr1,subsim_2,subjobgr1.ado,ado,2026-07-08
subjobgr10,subsim_2,subjobgr10.ado,ado,2026-07-08
subjobgr2,subsim_2,subjobgr2.ado,ado,2026-07-08
subjobgr3,subsim_2,subjobgr3.ado,ado,2026-07-08
subjobgr4,subsim_2,subjobgr4.ado,ado,2026-07-08
subjobgr5,subsim_2,subjobgr5.ado,ado,2026-07-08
subjobgr6,subsim_2,subjobgr6.ado,ado,2026-07-08
subjobgr7,subsim_2,subjobgr7.ado,ado,2026-07-08
subjobgr8,subsim_2,subjobgr8.ado,ado,2026-07-08
subjobgr9,subsim_2,subjobgr9.ado,ado,2026-07-08
subjobinc,subsim_2,subjobinc.ado,ado,2026-07-08
subjobineq,subsim_2,subjobineq.ado,ado,2026-07-08
subjobpov,subsim_2,subjobpov.ado,ado,2026-07-08
tabtit,subsim_2,tabtit.ado,ado,2026-07-08
trexqua,subsim_2,../t/trexqua.ado,ado,2026-07-08
xml_tab,subsim_2,../t/xml_tab.ado,ado,2026-07-08
xml_taba2,subsim_2,../x/xml_taba2.ado,ado,2026-07-08
_nargs,subsim_2,../x/_nargs.ado,ado,2026-07-08
_subsim_menu,subsim_2,../_/_subsim_menu.ado,ado,2026-07-08
addSMenu,subsim_2,../a/addSMenu.ado,ado,2026-07-08
scores,scores,scores.ado,ado,2026-07-08
spautoreg,spautoreg,spautoreg.ado,ado,2026-07-08
spautodurhm,spautoreg,spautodurhm.ado,ado,2026-07-08
spautodurne,spautoreg,spautodurne.ado,ado,2026-07-08
spautodurnn,spautoreg,spautodurnn.ado,ado,2026-07-08
spautodurnw,spautoreg,spautodurnw.ado,ado,2026-07-08
spautoerrne,spautoreg,spautoerrne.ado,ado,2026-07-08
spautoerrnn,spautoreg,spautoerrnn.ado,ado,2026-07-08
spautoerrnw,spautoreg,spautoerrnw.ado,ado,2026-07-08
spautolaghm,spautoreg,spautolaghm.ado,ado,2026-07-08
spautolagne,spautoreg,spautolagne.ado,ado,2026-07-08
spautolagnn,spautoreg,spautolagnn.ado,ado,2026-07-08
spautolagnw,spautoreg,spautolagnw.ado,ado,2026-07-08
spautosacne,spautoreg,spautosacne.ado,ado,2026-07-08
spautosacnn,spautoreg,spautosacnn.ado,ado,2026-07-08
spautosacnw,spautoreg,spautosacnw.ado,ado,2026-07-08
statsbyfast,statsbyfast,statsbyfast.ado,ado,2026-07-08
spechist,spechist,spechist.ado,ado,2026-07-08
spregcs,spregcs,spregcs.ado,ado,2026-07-08
spregcs01,spregcs,spregcs01.ado,ado,2026-07-08
spregcs02,spregcs,spregcs02.ado,ado,2026-07-08
spregcs03,spregcs,spregcs03.ado,ado,2026-07-08
spregcs04,spregcs,spregcs04.ado,ado,2026-07-08
spregcs05,spregcs,spregcs05.ado,ado,2026-07-08
spregcs06,spregcs,spregcs06.ado,ado,2026-07-08
spregcs07,spregcs,spregcs07.ado,ado,2026-07-08
spregcs08,spregcs,spregcs08.ado,ado,2026-07-08
spregcs09,spregcs,spregcs09.ado,ado,2026-07-08
spregcs10,spregcs,spregcs10.ado,ado,2026-07-08
spregcs11,spregcs,spregcs11.ado,ado,2026-07-08
spregcs12,spregcs,spregcs12.ado,ado,2026-07-08
spregcs13,spregcs,spregcs13.ado,ado,2026-07-08
spregcs14,spregcs,spregcs14.ado,ado,2026-07-08
spregcs15,spregcs,spregcs15.ado,ado,2026-07-08
spregcs16,spregcs,spregcs16.ado,ado,2026-07-08
spregcs17,spregcs,spregcs17.ado,ado,2026-07-08
spregcs18,spregcs,spregcs18.ado,ado,2026-07-08
spregcs19,spregcs,spregcs19.ado,ado,2026-07-08
spregcs20,spregcs,spregcs20.ado,ado,2026-07-08
spregcs21,spregcs,spregcs21.ado,ado,2026-07-08
spregcs22,spregcs,spregcs22.ado,ado,2026-07-08
spregcs23,spregcs,spregcs23.ado,ado,2026-07-08
spregcs24,spregcs,spregcs24.ado,ado,2026-07-08
spregcs25,spregcs,spregcs25.ado,ado,2026-07-08
spregcs26,spregcs,spregcs26.ado,ado,2026-07-08
spregcs27,spregcs,spregcs27.ado,ado,2026-07-08
spregcs28,spregcs,spregcs28.ado,ado,2026-07-08
spregcs29,spregcs,spregcs29.ado,ado,2026-07-08
spregcs30,spregcs,spregcs30.ado,ado,2026-07-08
spregcs31,spregcs,spregcs31.ado,ado,2026-07-08
spregcs32,spregcs,spregcs32.ado,ado,2026-07-08
spregcs33,spregcs,spregcs33.ado,ado,2026-07-08
spregcs34,spregcs,spregcs34.ado,ado,2026-07-08
spregcs35,spregcs,spregcs35.ado,ado,2026-07-08
spregcs36,spregcs,spregcs36.ado,ado,2026-07-08
spregcs37,spregcs,spregcs37.ado,ado,2026-07-08
spineplot,spineplot,spineplot.ado,ado,2026-07-08
sum2docx,sum2docx,sum2docx.ado,ado,2026-07-08
sparkta,sparkta,sparkta.ado,ado,2026-07-08
simarwilson,simarwilson,simarwilson.ado,ado,2026-07-08
ftruncreg,simarwilson,../f/ftruncreg.ado,ado,2026-07-08
_ftruncreg_p,simarwilson,../_/_ftruncreg_p.ado,ado,2026-07-08
spregsemxt,spregsemxt,spregsemxt.ado,ado,2026-07-08
spregsemxt1,spregsemxt,spregsemxt1.ado,ado,2026-07-08
spregsemxt2,spregsemxt,spregsemxt2.ado,ado,2026-07-08
spregsemxt3,spregsemxt,spregsemxt3.ado,ado,2026-07-08
sqn,sqn,sqn.ado,ado,2026-07-08
stkap,stkap,stkap.ado,ado,2026-07-08
stcstat,stcstat,stcstat.ado,ado,2026-07-08
stpm2,stpm2,stpm2.ado,ado,2026-07-08
stpm2_centpred,stpm2,stpm2_centpred.ado,ado,2026-07-08
stpm2_ml_hazard_rs,stpm2,stpm2_ml_hazard_rs.ado,ado,2026-07-08
stpm2_ml_hazard,stpm2,stpm2_ml_hazard.ado,ado,2026-07-08
stpm2_ml_lf_hazard_rs,stpm2,stpm2_ml_lf_hazard_rs.ado,ado,2026-07-08
stpm2_ml_lf_hazard,stpm2,stpm2_ml_lf_hazard.ado,ado,2026-07-08
stpm2_ml_lf_log,stpm2,stpm2_ml_lf_log.ado,ado,2026-07-08
stpm2_ml_lf_normal_rs,stpm2,stpm2_ml_lf_normal_rs.ado,ado,2026-07-08
stpm2_ml_lf_theta_rs,stpm2,stpm2_ml_lf_theta_rs.ado,ado,2026-07-08
stpm2_ml_lf_theta,stpm2,stpm2_ml_lf_theta.ado,ado,2026-07-08
stpm2_ml_normal,stpm2,stpm2_ml_normal.ado,ado,2026-07-08
stpm2_ml_odds_rs,stpm2,stpm2_ml_odds_rs.ado,ado,2026-07-08
stpm2_ml_odds,stpm2,stpm2_ml_odds.ado,ado,2026-07-08
stpm2_pred,stpm2,stpm2_pred.ado,ado,2026-07-08
build_stpm2_mlib,stpm2,../b/build_stpm2_mlib.ado,ado,2026-07-08
skbim,skbim,skbim.ado,ado,2026-07-08
sccsdta,sccsdta,sccsdta.ado,ado,2026-07-08
synth,synth,synth.ado,ado,2026-07-08
synth_ll,synth,synth_ll.ado,ado,2026-07-08
spnorm,spnorm,spnorm.ado,ado,2026-07-08
sratio,sratio,sratio.ado,ado,2026-07-08
stcoxplt,stcoxplt,stcoxplt.ado,ado,2026-07-08
sampsi_reg,sampsi_reg,sampsi_reg.ado,ado,2026-07-08
sbmeff,sbmeff,sbmeff.ado,ado,2026-07-08
seqfind,seqfind,seqfind.ado,ado,2026-07-08
st2openbugs,stopenbugs,st2openbugs.ado,ado,2026-07-08
st2openbugsana,stopenbugs,st2openbugsana.ado,ado,2026-07-08
side_histogram,side_histogram,side_histogram.ado,ado,2026-07-08
shorth,shorth,shorth.ado,ado,2026-07-08
spmat,sppack,spmat.ado,ado,2026-07-08
_spreg_gs2sls,sppack,../_/_spreg_gs2sls.ado,ado,2026-07-08
_spreg_ml,sppack,../_/_spreg_ml.ado,ado,2026-07-08
spivreg,sppack,spivreg.ado,ado,2026-07-08
spreg_estat,sppack,spreg_estat.ado,ado,2026-07-08
spreg_p,sppack,spreg_p.ado,ado,2026-07-08
spreg,sppack,spreg.ado,ado,2026-07-08
stackreg,stackreg,stackreg.ado,ado,2026-07-08
xtstackreg,stackreg,../x/xtstackreg.ado,ado,2026-07-08
spmstarh,spmstarh,spmstarh.ado,ado,2026-07-08
spmstarh1,spmstarh,spmstarh1.ado,ado,2026-07-08
spmstarh2,spmstarh,spmstarh2.ado,ado,2026-07-08
spmstarh3,spmstarh,spmstarh3.ado,ado,2026-07-08
spmstarh4,spmstarh,spmstarh4.ado,ado,2026-07-08
surveyspan,surveyspan,surveyspan.ado,ado,2026-07-08
subjobstat,subsim_1,subjobstat.ado,ado,2026-07-08
aggrvar,subsim_1,../a/aggrvar.ado,ado,2026-07-08
asdbsave,subsim_1,../a/asdbsave.ado,ado,2026-07-08
asubini,subsim_1,../a/asubini.ado,ado,2026-07-08
asubini2,subsim_1,../a/asubini2.ado,ado,2026-07-08
asubsim,subsim_1,../a/asubsim.ado,ado,2026-07-08
basicstats,subsim_1,../a/basicstats.ado,ado,2026-07-08
clore,subsim_1,../c/clore.ado,ado,2026-07-08
curvnpe,subsim_1,../c/curvnpe.ado,ado,2026-07-08
distable,subsim_1,../c/distable.ado,ado,2026-07-08
extend_opt_graph,subsim_1,../e/extend_opt_graph.ado,ado,2026-07-08
extend_opt_price,subsim_1,../e/extend_opt_price.ado,ado,2026-07-08
gropt,subsim_1,../g/gropt.ado,ado,2026-07-08
imq0sub,subsim_1,../g/imq0sub.ado,ado,2026-07-08
imqsub,subsim_1,../i/imqsub.ado,ado,2026-07-08
imqsub_cob_doug,subsim_1,../i/imqsub_cob_doug.ado,ado,2026-07-08
imrsub,subsim_1,../i/imrsub.ado,ado,2026-07-08
imsref,subsim_1,../i/imsref.ado,ado,2026-07-08
imwegsub,subsim_1,../i/imwegsub.ado,ado,2026-07-08
imwsub,subsim_1,../i/imwsub.ado,ado,2026-07-08
imwsub_cob_doug,subsim_1,../i/imwsub_cob_doug.ado,ado,2026-07-08
incsub,subsim_1,../i/incsub.ado,ado,2026-07-08
mk_xtab_m2,subsim_1,../m/mk_xtab_m2.ado,ado,2026-07-08
nargs,subsim_1,../n/nargs.ado,ado,2026-07-08
pschdb,subsim_1,../p/pschdb.ado,ado,2026-07-08
pschdes,subsim_1,../p/pschdes.ado,ado,2026-07-08
pschini,subsim_1,../p/pschini.ado,ado,2026-07-08
pschini2,subsim_1,../p/pschini2.ado,ado,2026-07-08
pschinis,subsim_1,../p/pschinis.ado,ado,2026-07-08
pschset,subsim_1,../p/pschset.ado,ado,2026-07-08
pschsetn,subsim_1,../p/pschsetn.ado,ado,2026-07-08
pschsetv,subsim_1,../p/pschsetv.ado,ado,2026-07-08
stockquote,stockquote,stockquote.ado,ado,2026-07-08
sdtest,sdtest,sdtest.ado,ado,2026-07-08
sdtesti,sdtest,sdtesti.ado,ado,2026-07-08
_ttest,sdtest,../_/_ttest.ado,ado,2026-07-08
subsetbyvif,subsetbyvif,subsetbyvif.ado,ado,2026-07-08
sptobitmstard,sptobitmstard,sptobitmstard.ado,ado,2026-07-08
sptobitmstard2,sptobitmstard,sptobitmstard2.ado,ado,2026-07-08
sptobitmstard3,sptobitmstard,sptobitmstard3.ado,ado,2026-07-08
sptobitmstard4,sptobitmstard,sptobitmstard4.ado,ado,2026-07-08
sptobitmstard5,sptobitmstard,sptobitmstard5.ado,ado,2026-07-08
sptobitmstard6,sptobitmstard,sptobitmstard6.ado,ado,2026-07-08
sptobitmstard7,sptobitmstard,sptobitmstard7.ado,ado,2026-07-08
sptobitmstard8,sptobitmstard,sptobitmstard8.ado,ado,2026-07-08
sj1,sj1,sj1.ado,ado,2026-07-08
sdid_event,sdid_event,sdid_event.ado,ado,2026-07-08
stackbar,stackbar,stackbar.ado,ado,2026-07-08
splagvar,splagvar,splagvar.ado,ado,2026-07-08
splagvar_randper,splagvar,splagvar_randper.ado,ado,2026-07-08
stpp,stpp,stpp.ado,ado,2026-07-08
genindweights,stpp,../g/genindweights.ado,ado,2026-07-08
stpp_example,stpp,stpp_example.ado,ado,2026-07-08
svygei,svygei_svyatk,svygei.ado,ado,2026-07-08
svyatk,svygei_svyatk,svyatk.ado,ado,2026-07-08
spmlreg,spmlreg,spmlreg.ado,ado,2026-07-08
spmlreg_sac,spmlreg,spmlreg_sac.ado,ado,2026-07-08
spmlreg_lag,spmlreg,spmlreg_lag.ado,ado,2026-07-08
spmlreg_error,spmlreg,spmlreg_error.ado,ado,2026-07-08
spmlreg_estat,spmlreg,spmlreg_estat.ado,ado,2026-07-08
strbee,strbee,strbee.ado,ado,2026-07-08
sumdocx,sumdocx,sumdocx.ado,ado,2026-07-08
stockcapit,stockcapit,stockcapit.ado,ado,2026-07-08
splitvarlabels,splitvarlabels,splitvarlabels.ado,ado,2026-07-08
svtxt,svtxt,svtxt.ado,ado,2026-07-08
svtxt_run,svtxt,svtxt_run.ado,ado,2026-07-08
sensimatch,sensimatch,sensimatch.ado,ado,2026-07-08
combreg,sensimatch,../c/combreg.ado,ado,2026-07-08
stkerhaz,stkerhaz,stkerhaz.ado,ado,2026-07-08
levels7,stkerhaz,../l/levels7.ado,ado,2026-07-08
surloads,surloads,surloads.ado,ado,2026-07-08
sptobitsemxt,sptobitsemxt,sptobitsemxt.ado,ado,2026-07-08
sptobitsemxt1,sptobitsemxt,sptobitsemxt1.ado,ado,2026-07-08
sptobitsemxt2,sptobitsemxt,sptobitsemxt2.ado,ado,2026-07-08
sptobitsemxt3,sptobitsemxt,sptobitsemxt3.ado,ado,2026-07-08
spike,spike,spike.ado,ado,2026-07-08
ml_spike,spike,../m/ml_spike.ado,ado,2026-07-08
strdist,strdist,strdist.ado,ado,2026-07-08
ustrdist,strdist,../u/ustrdist.ado,ado,2026-07-08
stphcoxrcs,stphcoxrcs,stphcoxrcs.ado,ado,2026-07-08
splithalf,splithalf,splithalf.ado,ado,2026-07-08
ssizebi,ssizebi,ssizebi.ado,ado,2026-07-08
subsetplot,subsetplot,subsetplot.ado,ado,2026-07-08
ari,sadi,../a/ari.ado,ado,2026-07-08
cal2spell,sadi,../c/cal2spell.ado,ado,2026-07-08
combinadd,sadi,../c/combinadd.ado,ado,2026-07-08
combinprep,sadi,../c/combinprep.ado,ado,2026-07-08
corrsqm,sadi,../c/corrsqm.ado,ado,2026-07-08
cumuldur,sadi,../c/cumuldur.ado,ado,2026-07-08
dynhamming,sadi,../d/dynhamming.ado,ado,2026-07-08
maketrpr,sadi,../m/maketrpr.ado,ado,2026-07-08
metricp,sadi,../m/metricp.ado,ado,2026-07-08
ndsub,sadi,../n/ndsub.ado,ado,2026-07-08
nspells,sadi,../n/nspells.ado,ado,2026-07-08
oma,sadi,../o/oma.ado,ado,2026-07-08
omav,sadi,../o/omav.ado,ado,2026-07-08
permtab,sadi,../p/permtab.ado,ado,2026-07-08
permtabga,sadi,../p/permtabga.ado,ado,2026-07-08
sdchronogram,sadi,sdchronogram.ado,ado,2026-07-08
sdchronoplot,sadi,sdchronoplot.ado,ado,2026-07-08
sddiscrep,sadi,sddiscrep.ado,ado,2026-07-08
sdentropy,sadi,sdentropy.ado,ado,2026-07-08
sdhamming,sadi,sdhamming.ado,ado,2026-07-08
sdhollister,sadi,sdhollister.ado,ado,2026-07-08
sdindexplot,sadi,sdindexplot.ado,ado,2026-07-08
sdplot,sadi,sdplot.ado,ado,2026-07-08
sdstripe,sadi,sdstripe.ado,ado,2026-07-08
trans2subs,sadi,../t/trans2subs.ado,ado,2026-07-08
trprgr,sadi,../t/trprgr.ado,ado,2026-07-08
turbulence,sadi,../t/turbulence.ado,ado,2026-07-08
twed,sadi,../t/twed.ado,ado,2026-07-08
symbionet,symbionet,symbionet.ado,ado,2026-07-08
survsim,survsim,survsim.ado,ado,2026-07-08
survsim_model,survsim,survsim_model.ado,ado,2026-07-08
survsim_msm,survsim,survsim_msm.ado,ado,2026-07-08
survsim_user,survsim,survsim_user.ado,ado,2026-07-08
survsim_user_core,survsim,survsim_user_core.ado,ado,2026-07-08
stjm,stjm,stjm.ado,ado,2026-07-08
stjm_gaussquad,stjm,stjm_gaussquad.ado,ado,2026-07-08
stjm_pred,stjm,stjm_pred.ado,ado,2026-07-08
surveybias,surveybias,surveybias.ado,ado,2026-07-08
surveybiasi,surveybias,surveybiasi.ado,ado,2026-07-08
surveybiasseries,surveybias,surveybiasseries.ado,ado,2026-07-08
_gsqallpos,sq,../_/_gsqallpos.ado,ado,2026-07-08
_gsqelemcount,sq,../_/_gsqelemcount.ado,ado,2026-07-08
_gsqepicount,sq,../_/_gsqepicount.ado,ado,2026-07-08
_gsqfirstpos,sq,../_/_gsqfirstpos.ado,ado,2026-07-08
_gsqfreq,sq,../_/_gsqfreq.ado,ado,2026-07-08
_gsqgapcount,sq,../_/_gsqgapcount.ado,ado,2026-07-08
_gsqgaplength,sq,../_/_gsqgaplength.ado,ado,2026-07-08
_gsqitemcount,sq,../_/_gsqitemcount.ado,ado,2026-07-08
_gsqlength,sq,../_/_gsqlength.ado,ado,2026-07-08
_gsqmarkpattern,sq,../_/_gsqmarkpattern.ado,ado,2026-07-08
_gsqranks,sq,../_/_gsqranks.ado,ado,2026-07-08
_gsqtostring,sq,../_/_gsqtostring.ado,ado,2026-07-08
_gsqstrnn,sq,../_/_gsqstrnn.ado,ado,2026-07-08
sqclusterdat,sq,sqclusterdat.ado,ado,2026-07-08
sqclustermat,sq,sqclustermat.ado,ado,2026-07-08
sqdes,sq,sqdes.ado,ado,2026-07-08
sqdt,sq,sqdt.ado,ado,2026-07-08
sqindexplot,sq,sqindexplot.ado,ado,2026-07-08
sqom,sq,sqom.ado,ado,2026-07-08
sqparcoord,sq,sqparcoord.ado,ado,2026-07-08
sqset,sq,sqset.ado,ado,2026-07-08
sqstatlist,sq,sqstatlist.ado,ado,2026-07-08
sqstatsum,sq,sqstatsum.ado,ado,2026-07-08
sqstattab1,sq,sqstattab1.ado,ado,2026-07-08
sqstattab2,sq,sqstattab2.ado,ado,2026-07-08
sqstattabsum,sq,sqstattabsum.ado,ado,2026-07-08
sqtab,sq,sqtab.ado,ado,2026-07-08
sqomplug,sq,sqomplug.ado,ado,2026-07-08
sqmdsadd,sq,sqmdsadd.ado,ado,2026-07-08
sqmodalplot,sq,sqmodalplot.ado,ado,2026-07-08
sqpercentageplot,sq,sqpercentageplot.ado,ado,2026-07-08
sqstrlev,sq,sqstrlev.ado,ado,2026-07-08
sqstrmerge,sq,sqstrmerge.ado,ado,2026-07-08
stripplot,stripplot,stripplot.ado,ado,2026-07-08
strip,stripplot,strip.ado,ado,2026-07-08
savasas,savasas,savasas.ado,ado,2026-07-08
sasexe,savasas,sasexe.ado,ado,2026-07-08
adoedit,savasas,../a/adoedit.ado,ado,2026-07-08
tmpdir,savasas,../t/tmpdir.ado,ado,2026-07-08
shortdir,savasas,shortdir.ado,ado,2026-07-08
confirmdir,savasas,../c/confirmdir.ado,ado,2026-07-08
usesasdel,savasas,../u/usesasdel.ado,ado,2026-07-08
survcollapse,survcollapse,survcollapse.ado,ado,2026-07-08
synth2,synth2,synth2.ado,ado,2026-07-08
summarizeby,summarizeby,summarizeby.ado,ado,2026-07-08
sdist,sdist,sdist.ado,ado,2026-07-08
dicseg,segregation,../d/dicseg.ado,ado,2026-07-08
localseg,segregation,../l/localseg.ado,ado,2026-07-08
sblsf,sblsf,sblsf.ado,ado,2026-07-08
soreg,soreg,soreg.ado,ado,2026-07-08
semean,semean,semean.ado,ado,2026-07-08
stcoxgof,stcoxgof,stcoxgof.ado,ado,2026-07-08
scoretest_cox,stcoxgof,scoretest_cox.ado,ado,2026-07-08
stcoxgof_example,stcoxgof,stcoxgof_example.ado,ado,2026-07-08
sf36fr,sf36fr,sf36fr.ado,ado,2026-07-08
svvarlbl,svvarlbl,svvarlbl.ado,ado,2026-07-08
sbldo,sbldo,sbldo.ado,ado,2026-07-08
sortrows,sortrows,sortrows.ado,ado,2026-07-08
decompress,sortrows,../d/decompress.ado,ado,2026-07-08
stgenreg,stgenreg,stgenreg.ado,ado,2026-07-08
stgenreg_gaussquad,stgenreg,stgenreg_gaussquad.ado,ado,2026-07-08
stgenreg_d0,stgenreg,stgenreg_d0.ado,ado,2026-07-08
stgenreg_pred,stgenreg,stgenreg_pred.ado,ado,2026-07-08
survwgt,survwgt,survwgt.ado,ado,2026-07-08
brr_hadamardmatrixfile,survwgt,../b/brr_hadamardmatrixfile.ado,ado,2026-07-08
splitvallabels,splitvallabels,splitvallabels.ado,ado,2026-07-08
switch_oprobit,switch_oprobit,switch_oprobit.ado,ado,2026-07-08
switch_oprobit_p,switch_oprobit,switch_oprobit_p.ado,ado,2026-07-08
switchoprobit_work,switch_oprobit,switchoprobit_work.ado,ado,2026-07-08
stcompet,stcompet,stcompet.ado,ado,2026-07-08
statax,statax,statax.ado,ado,2026-07-08
stataxsyn,statax,stataxsyn.ado,ado,2026-07-08
stataxstyle,statax,stataxstyle.ado,ado,2026-07-08
stataxmain,statax,stataxmain.ado,ado,2026-07-08
stataxversion,statax,stataxversion.ado,ado,2026-07-08
stvarcom,stvarcom,stvarcom.ado,ado,2026-07-08
sptobitmstardxt,sptobitmstardxt,sptobitmstardxt.ado,ado,2026-07-08
sptobitmstardxt01,sptobitmstardxt,sptobitmstardxt01.ado,ado,2026-07-08
sptobitmstardxt02,sptobitmstardxt,sptobitmstardxt02.ado,ado,2026-07-08
sptobitmstardxt03,sptobitmstardxt,sptobitmstardxt03.ado,ado,2026-07-08
sptobitmstardxt04,sptobitmstardxt,sptobitmstardxt04.ado,ado,2026-07-08
sptobitmstardxt05,sptobitmstardxt,sptobitmstardxt05.ado,ado,2026-07-08
sptobitmstardxt06,sptobitmstardxt,sptobitmstardxt06.ado,ado,2026-07-08
sptobitmstardxt07,sptobitmstardxt,sptobitmstardxt07.ado,ado,2026-07-08
sptobitmstardxt08,sptobitmstardxt,sptobitmstardxt08.ado,ado,2026-07-08
sptobitmstardxt09,sptobitmstardxt,sptobitmstardxt09.ado,ado,2026-07-08
sptobitmstardxt10,sptobitmstardxt,sptobitmstardxt10.ado,ado,2026-07-08
sptobitmstardxt11,sptobitmstardxt,sptobitmstardxt11.ado,ado,2026-07-08
sptobitmstardxt12,sptobitmstardxt,sptobitmstardxt12.ado,ado,2026-07-08
sunburst,sunburst,sunburst.ado,ado,2026-07-08
songbl,songbl,songbl.ado,ado,2026-07-08
statapush,statapush,statapush.ado,ado,2026-07-08
statapushpref,statapush,statapushpref.ado,ado,2026-07-08
statapushconfig,statapush,statapushconfig.ado,ado,2026-07-08
sixplot,sixplot,sixplot.ado,ado,2026-07-08
scatterfit,scatterfit,scatterfit.ado,ado,2026-07-08
slopefit,scatterfit,slopefit.ado,ado,2026-07-08
sortlistby,sortlistby,sortlistby.ado,ado,2026-07-08
sortlistby2,sortlistby,sortlistby2.ado,ado,2026-07-08
sortobs,sortobs,sortobs.ado,ado,2026-07-08
skewplot,skewplot,skewplot.ado,ado,2026-07-08
skewplot6,skewplot,skewplot6.ado,ado,2026-07-08
scrash,scrash,scrash.ado,ado,2026-07-08
swain,swain,swain.ado,ado,2026-07-08
swaini,swain,swaini.ado,ado,2026-07-08
ukri,scheme_ukri,scheme-ukri.scheme,scheme,2026-07-08
ukripres,scheme_ukri,scheme-ukripres.scheme,scheme,2026-07-08
stgtcalc,stgtcalc,stgtcalc.ado,ado,2026-07-08
stgtplot,stgtcalc,stgtplot.ado,ado,2026-07-08
mkname1,stgtcalc,../m/mkname1.ado,ado,2026-07-08
sankey,sankey,sankey.ado,ado,2026-07-08
stbget,stbget,stbget.ado,ado,2026-07-08
sparl,sparl,sparl.ado,ado,2026-07-08
safedrop,safedrop,safedrop.ado,ado,2026-07-08
sliceplot,sliceplot,sliceplot.ado,ado,2026-07-08
somersd,somersd,somersd.ado,ado,2026-07-08
somers_p,somersd,somers_p.ado,ado,2026-07-08
cendif,somersd,../c/cendif.ado,ado,2026-07-08
censlope,somersd,../c/censlope.ado,ado,2026-07-08
stocdom,stocdom,stocdom.ado,ado,2026-07-08
shufflevar,shufflevar,shufflevar.ado,ado,2026-07-08
sreweight,sreweight,sreweight.ado,ado,2026-07-08
staggered,staggered,staggered.ado,ado,2026-07-08
sptobitsem,sptobitsem,sptobitsem.ado,ado,2026-07-08
sptobitsem1,sptobitsem,sptobitsem1.ado,ado,2026-07-08
sptobitsem2,sptobitsem,sptobitsem2.ado,ado,2026-07-08
sptobitsem3,sptobitsem,sptobitsem3.ado,ado,2026-07-08
syndatakit,syndatakit,syndatakit.ado,ado,2026-07-08
stbrier,stbrier,stbrier.ado,ado,2026-07-08
dupneigh5,spautoc,../d/dupneigh5.ado,ado,2026-07-08
numids5,spautoc,../n/numids5.ado,ado,2026-07-08
spautoc5,spautoc,spautoc5.ado,ado,2026-07-08
neigh5,spautoc,../n/neigh5.ado,ado,2026-07-08
spautoc,spautoc,spautoc.ado,ado,2026-07-08
dupneigh,spautoc,../d/dupneigh.ado,ado,2026-07-08
neigh,spautoc,../n/neigh.ado,ado,2026-07-08
numids,spautoc,../n/numids.ado,ado,2026-07-08
subsave,subsave,subsave.ado,ado,2026-07-08
aic_model_selection,aic_model_selection,aic_model_selection.ado,ado,2026-07-08
autolog,autolog,autolog.ado,ado,2026-07-08
autosum,autosum,autosum.ado,ado,2026-07-08
actest,actest,actest.ado,ado,2026-07-08
actest9,actest,actest9.ado,ado,2026-07-08
aaniv,aaniv,aaniv.ado,ado,2026-07-08
allcatplot,allcatplot,allcatplot.ado,ado,2026-07-08
apch,apch,apch.ado,ado,2026-07-08
ameta,ameta,ameta.ado,ado,2026-07-08
asreg,asreg,asreg.ado,ado,2026-07-08
art2tex,art2tex,art2tex.ado,ado,2026-07-08
alignedsets,alignedsets,alignedsets.ado,ado,2026-07-08
avar,avar,avar.ado,ado,2026-07-08
avar9,avar,avar9.ado,ado,2026-07-08
autofill,autofill,autofill.ado,ado,2026-07-08
ad_update,adodown,ad_update.ado,ado,2026-07-08
ad_pkg_meta,adodown,ad_pkg_meta.ado,ado,2026-07-08
adodown,adodown,adodown.ado,ado,2026-07-08
ad_publish,adodown,ad_publish.ado,ado,2026-07-08
ad_setup,adodown,ad_setup.ado,ado,2026-07-08
ad_command,adodown,ad_command.ado,ado,2026-07-08
ad_sthlp,adodown,ad_sthlp.ado,ado,2026-07-08
ad-cmd-command,adodown,ad-cmd-command.ado,ado,2026-07-08
admetan,admetan,admetan.ado,ado,2026-07-08
admetani,admetan,admetani.ado,ado,2026-07-08
admetan_hlp_run,admetan,admetan_hlp_run.ado,ado,2026-07-08
adjacent,adjacent,adjacent.ado,ado,2026-07-08
avplots4,avplots4,avplots4.ado,ado,2026-07-08
avplots4_7,avplots4,avplots4_7.ado,ado,2026-07-08
aaplot,aaplot,aaplot.ado,ado,2026-07-08
addtex,addtex,addtex.ado,ado,2026-07-08
hlTex,addtex,../h/hlTex.ado,ado,2026-07-08
autofmt,autofmt,autofmt.ado,ado,2026-07-08
adjprop,adjprop,adjprop.ado,ado,2026-07-08
adjmean,adjmean,adjmean.ado,ado,2026-07-08
ascii,ascii,ascii.ado,ado,2026-07-08
adolist,adolist,adolist.ado,ado,2026-07-08
asgen,asgen,asgen.ado,ado,2026-07-08
ashell,ashell,ashell.ado,ado,2026-07-08
apcbound,apcbound,apcbound.ado,ado,2026-07-08
apcest,apcbound,apcest.ado,ado,2026-07-08
apcplot,apcbound,apcplot.ado,ado,2026-07-08
ab2022,ab2022,ab2022.ado,ado,2026-07-08
archqq,archqq,archqq.ado,ado,2026-07-08
alphawgt,alphawgt,alphawgt.ado,ado,2026-07-08
ardl,ardl,ardl.ado,ado,2026-07-08
ardl_p,ardl,ardl_p.ado,ado,2026-07-08
ardlbounds,ardl,ardlbounds.ado,ado,2026-07-08
ardl_estat,ardl,ardl_estat.ado,ado,2026-07-08
asciiplot,asciiplot,asciiplot.ado,ado,2026-07-08
adjust,adjust,adjust.ado,ado,2026-07-08
alignedpairs,alignedpairs,alignedpairs.ado,ado,2026-07-08
acplot,acplot,acplot.ado,ado,2026-07-08
assertky,assertky,assertky.ado,ado,2026-07-08
almon1,almon1,almon1.ado,ado,2026-07-08
alignedranks,alignedranks,alignedranks.ado,ado,2026-07-08
aivreg,aivreg,aivreg.ado,ado,2026-07-08
avplot3,avplot3,avplot3.ado,ado,2026-07-08
keyplot,avplot3,../k/keyplot.ado,ado,2026-07-08
agrm,agrm,agrm.ado,ado,2026-07-08
aevolcano,aevolcano,aevolcano.ado,ado,2026-07-08
aevolcs,aevolcano,aevolcs.ado,ado,2026-07-08
alorenz,alorenz,alorenz.ado,ado,2026-07-08
_matchval,alorenz,../_/_matchval.ado,ado,2026-07-08
_pecatsal,alorenz,../_/_pecatsal.ado,ado,2026-07-08
_ebin,alorenz,../_/_ebin.ado,ado,2026-07-08
ascol,ascol,ascol.ado,ado,2026-07-08
artbin,art,artbin.ado,ado,2026-07-08
art2bin,art,art2bin.ado,ado,2026-07-08
artformatnos,art,artformatnos.ado,ado,2026-07-08
artmenu,art,artmenu.ado,ado,2026-07-08
artpep,art,artpep.ado,ado,2026-07-08
artsurv,art,artsurv.ado,ado,2026-07-08
aggind,aggind,aggind.ado,ado,2026-07-08
asl_norm,asl_norm,asl_norm.ado,ado,2026-07-08
asl_norm_ex,asl_norm,asl_norm_ex.ado,ado,2026-07-08
adfmaxur,adfmaxur,adfmaxur.ado,ado,2026-07-08
arrowplot,arrowplot,arrowplot.ado,ado,2026-07-08
allcross,allcross,allcross.ado,ado,2026-07-08
addtxt,addtxt,addtxt.ado,ado,2026-07-08
allsubsets,allsubsets,allsubsets.ado,ado,2026-07-08
autorename,autorename,autorename.ado,ado,2026-07-08
avplot2,avplot2,avplot2.ado,ado,2026-07-08
avplots2,avplot2,avplots2.ado,ado,2026-07-08
absdid,absdid,absdid.ado,ado,2026-07-08
almon,almon,almon.ado,ado,2026-07-08
apcgo,apcgo,apcgo.ado,ado,2026-07-08
apctlag,apcgo,apctlag.ado,ado,2026-07-08
apctlagb,apcgo,apctlagb.ado,ado,2026-07-08
adotype,adotype,adotype.ado,ado,2026-07-08
armadiag,armadiag,armadiag.ado,ado,2026-07-08
archlm,archlm,archlm.ado,ado,2026-07-08
avg_effect,avg_effect,avg_effect.ado,ado,2026-07-08
apoverty,apoverty,apoverty.ado,ado,2026-07-08
armaroots,armaroots,armaroots.ado,ado,2026-07-08
astile,astile,astile.ado,ado,2026-07-08
airnet,airnet,airnet.ado,ado,2026-07-08
acreg,acreg,acreg.ado,ado,2026-07-08
acregpackcheck,acreg,acregpackcheck.ado,ado,2026-07-08
allpossible,allpossible,allpossible.ado,ado,2026-07-08
ascvd,ascvd,ascvd.ado,ado,2026-07-08
ascvdi,ascvd,ascvdi.ado,ado,2026-07-08
area,area,area.ado,ado,2026-07-08
adoedit,adoedit,adoedit.ado,ado,2026-07-08
addbefore,addbefore,addbefore.ado,ado,2026-07-08
ate_pct,ate_pct,ate_pct.ado,ado,2026-07-08
acelong,acelong,acelong.ado,ado,2026-07-08
adelong,acelong,adelong.ado,ado,2026-07-08
aelong,acelong,aelong.ado,ado,2026-07-08
asrol,asrol,asrol.ado,ado,2026-07-08
adostore,adostore,adostore.ado,ado,2026-07-08
adorestore,adostore,adorestore.ado,ado,2026-07-08
artcat,artcat,artcat.ado,ado,2026-07-08
adodev,adodev,adodev.ado,ado,2026-07-08
adofac,adodev,adofac.ado,ado,2026-07-08
adoind,adodev,adoind.ado,ado,2026-07-08
adoins,adodev,adoins.ado,ado,2026-07-08
anythingtodate,anythingtodate,anythingtodate.ado,ado,2026-07-08
apc_cglim,apc,apc_cglim.ado,ado,2026-07-08
apc_ie,apc,apc_ie.ado,ado,2026-07-08
adtest,adtest,adtest.ado,ado,2026-07-08
auto_factor,auto_factor,auto_factor.ado,ado,2026-07-08
menger,auto_factor,../m/menger.ado,ado,2026-07-08
menger_estat,auto_factor,../m/menger_estat.ado,ado,2026-07-08
avciplot,avciplot,avciplot.ado,ado,2026-07-08
avciplots,avciplot,avciplots.ado,ado,2026-07-08
aardl,aardl,aardl.ado,ado,2026-07-08
_aardl_advanced,aardl,../_/_aardl_advanced.ado,ado,2026-07-08
_aardl_bootstrap,aardl,../_/_aardl_bootstrap.ado,ado,2026-07-08
_aardl_diagtest,aardl,../_/_aardl_diagtest.ado,ado,2026-07-08
_aardl_dynmult,aardl,../_/_aardl_dynmult.ado,ado,2026-07-08
_aardl_ndynmult,aardl,../_/_aardl_ndynmult.ado,ado,2026-07-08
_aardl_stars,aardl,../_/_aardl_stars.ado,ado,2026-07-08
audit_cc,audit_cc,audit_cc.ado,ado,2026-07-08
arimafit,arimafit,arimafit.ado,ado,2026-07-08
addinby,addinby,addinby.ado,ado,2026-07-08
fraddinby,addinby,../f/fraddinby.ado,ado,2026-07-08
allsynth,allsynth,allsynth.ado,ado,2026-07-08
abrsqol,abrsqol,abrsqol.ado,ado,2026-07-08
artbin,artbin,artbin.ado,ado,2026-07-08
art2bin,artbin,art2bin.ado,ado,2026-07-08
artformatnos,artbin,artformatnos.ado,ado,2026-07-08
astx,astx,astx.ado,ado,2026-07-08
arimaauto,arimaauto,arimaauto.ado,ado,2026-07-08
attcic,attcic,attcic.ado,ado,2026-07-08
abar,abar,abar.ado,ado,2026-07-08
appendfile,appendfile,appendfile.ado,ado,2026-07-08
adecomp,adecomp,adecomp.ado,ado,2026-07-08
_ex_adecomp,adecomp,../_/_ex_adecomp.ado,ado,2026-07-08
attregtest,attregtest,attregtest.ado,ado,2026-07-08
anketest,anketest,anketest.ado,ado,2026-07-08
arima_forecast,arima_forecast,arima_forecast.ado,ado,2026-07-08
adoinstall,adoinstall,adoinstall.ado,ado,2026-07-08
arimasel,arimasel,arimasel.ado,ado,2026-07-08
aefdr,aefdr,aefdr.ado,ado,2026-07-08
addlegend,addlegend,addlegend.ado,ado,2026-07-08
_mklegend,addlegend,../_/_mklegend.ado,ado,2026-07-08
adjksm,adjksm,adjksm.ado,ado,2026-07-08
lorobwei,adjksm,../l/lorobwei.ado,ado,2026-07-08
robksm,adjksm,../r/robksm.ado,ado,2026-07-08
_adjksm,adjksm,../_/_adjksm.ado,ado,2026-07-08
_robksm,adjksm,../_/_robksm.ado,ado,2026-07-08
asdoc,asdoc,asdoc.ado,ado,2026-07-08
a2reg,a2reg,a2reg.ado,ado,2026-07-08
a2group,a2reg,a2group.ado,ado,2026-07-08
albatross,albatross,albatross.ado,ado,2026-07-08
albatross_examples,albatross,albatross_examples.ado,ado,2026-07-08
abg,abg,abg.ado,ado,2026-07-08
logitrank,abg,../l/logitrank.ado,ado,2026-07-08
addnotes,addnotes,addnotes.ado,ado,2026-07-08
appendall,appendall,appendall.ado,ado,2026-07-08
alsmle,alsmle,alsmle.ado,ado,2026-07-08
adftest,adftest,adftest.ado,ado,2026-07-08
affiliationexposure,affiliationexposure,affiliationexposure.ado,ado,2026-07-08
aextlogit,aextlogit,aextlogit.ado,ado,2026-07-08
anymatch,anymatch,anymatch.ado,ado,2026-07-08
alignmicro,alignmicro,alignmicro.ado,ado,2026-07-08
anogi,anogi,anogi.ado,ado,2026-07-08
alphaplot,alphaplot,alphaplot.ado,ado,2026-07-08
alogit,alogit,alogit.ado,ado,2026-07-08
alogit_sim,alogit,alogit_sim.ado,ado,2026-07-08
alogit_p_fast,alogit,alogit_p_fast.ado,ado,2026-07-08
alogit_p,alogit,alogit_p.ado,ado,2026-07-08
asycaus,asycaus,asycaus.ado,ado,2026-07-08
asycaus_all,asycaus,asycaus_all.ado,ado,2026-07-08
asycaus_dynamic,asycaus,asycaus_dynamic.ado,ado,2026-07-08
asycaus_efficient,asycaus,asycaus_efficient.ado,ado,2026-07-08
asycaus_fourier,asycaus,asycaus_fourier.ado,ado,2026-07-08
asycaus_quantile,asycaus,asycaus_quantile.ado,ado,2026-07-08
asycaus_spectral,asycaus,asycaus_spectral.ado,ado,2026-07-08
asycaus_static,asycaus,asycaus_static.ado,ado,2026-07-08
_asycaus_check_tsset,asycaus,../_/_asycaus_check_tsset.ado,ado,2026-07-08
_asycaus_footer,asycaus,../_/_asycaus_footer.ado,ado,2026-07-08
_asycaus_header,asycaus,../_/_asycaus_header.ado,ado,2026-07-08
_asycaus_iccode,asycaus,../_/_asycaus_iccode.ado,ado,2026-07-08
alluvial,alluvial,alluvial.ado,ado,2026-07-08
arcplot,arcplot,arcplot.ado,ado,2026-07-08
addplot,addplot,addplot.ado,ado,2026-07-08
arhomme,arhomme,arhomme.ado,ado,2026-07-08
ainequal,ainequal,ainequal.ado,ado,2026-07-08
apcd,apcd,apcd.ado,ado,2026-07-08
abrs,abrs,abrs.ado,ado,2026-07-08
akdensity,akdensity,akdensity.ado,ado,2026-07-08
akdensity0,akdensity,akdensity0.ado,ado,2026-07-08
aedot,aedot,aedot.ado,ado,2026-07-08
aedots,aedot,aedots.ado,ado,2026-07-08
aedots2,aedot,aedots2.ado,ado,2026-07-08
appmlhdfe,appmlhdfe,appmlhdfe.ado,ado,2026-07-08
_gwtmean,_gwtmean,_gwtmean.ado,ado,2026-07-08
_gpeers,_peers,_gpeers.ado,ado,2026-07-08
_gwmean,_gwmean,_gwmean.ado,ado,2026-07-08
_grmax,_grminmax,_grmax.ado,ado,2026-07-08
_grmin,_grminmax,_grmin.ado,ado,2026-07-08
_gsoundex,_gsoundex,_gsoundex.ado,ado,2026-07-08
_gslope,_gslope,_gslope.ado,ado,2026-07-08
_grndraw,_grndraw,_grndraw.ado,ado,2026-07-08
_grpos,_grpos,_grpos.ado,ado,2026-07-08
_grprod,_grprod,_grprod.ado,ado,2026-07-08
_gprod,_gprod,_gprod.ado,ado,2026-07-08
_gclsort,_gclsort,_gclsort.ado,ado,2026-07-08
_gapport,_gapport,_gapport.ado,ado,2026-07-08
_gdistinct,_gdistinct,_gdistinct.ado,ado,2026-07-08
_gcut,_gcut,_gcut.ado,ado,2026-07-08
_gcut5,_gcut,_gcut5.ado,ado,2026-07-08
_grmedf,_grmedf,_grmedf.ado,ado,2026-07-08
_gprop,_gprop-_gpc,_gprop.ado,ado,2026-07-08
_gpc,_gprop-_gpc,_gpc.ado,ado,2026-07-08
_gvreldif,_gvreldif,_gvreldif.ado,ado,2026-07-08
full_palette,full_palette,full_palette.ado,ado,2026-07-08
f_able,f_able,f_able.ado,ado,2026-07-08
f_able_epilog,f_able,f_able_epilog.ado,ado,2026-07-08
f_able_prolog,f_able,f_able_prolog.ado,ado,2026-07-08
f_able_reset,f_able,f_able_reset.ado,ado,2026-07-08
f_able_p,f_able,f_able_p.ado,ado,2026-07-08
fgen,f_able,fgen.ado,ado,2026-07-08
fmargins,f_able,fmargins.ado,ado,2026-07-08
frep,f_able,frep.ado,ado,2026-07-08
f_reg,f_able,f_reg.ado,ado,2026-07-08
f_symev,f_able,f_symev.ado,ado,2026-07-08
f_symrv,f_able,f_symrv.ado,ado,2026-07-08
f_spline,f_able,f_spline.ado,ado,2026-07-08
f_rcspline,f_able,f_rcspline.ado,ado,2026-07-08
fencode,fencode,fencode.ado,ado,2026-07-08
fre,fre,fre.ado,ado,2026-07-08
findsysmis,findsysmis,findsysmis.ado,ado,2026-07-08
fodstr,fodstr,fodstr.ado,ado,2026-07-08
fod2str,fodstr,fod2str.ado,ado,2026-07-08
mkfrac,fodstr,../m/mkfrac.ado,ado,2026-07-08
find,find,find.ado,ado,2026-07-08
fmlogit,fmlogit,fmlogit.ado,ado,2026-07-08
fmlogit_lf,fmlogit,fmlogit_lf.ado,ado,2026-07-08
fmlogit_p,fmlogit,fmlogit_p.ado,ado,2026-07-08
fmlogit_d2,fmlogit,fmlogit_d2.ado,ado,2026-07-08
dfmlogit,fmlogit,../d/dfmlogit.ado,ado,2026-07-08
fmlogit_ex,fmlogit,fmlogit_ex.ado,ado,2026-07-08
go,fileutils,../g/go.ado,ado,2026-07-08
opendir,fileutils,../o/opendir.ado,ado,2026-07-08
popd,fileutils,../p/popd.ado,ado,2026-07-08
pushd,fileutils,../p/pushd.ado,ado,2026-07-08
freplace,freplace,freplace.ado,ado,2026-07-08
flowchart,flowchart,flowchart.ado,ado,2026-07-08
findname,findname,findname.ado,ado,2026-07-08
fvfix,fvfix,fvfix.ado,ado,2026-07-08
fbardl,fbardl,fbardl.ado,ado,2026-07-08
_fbardl_advanced,fbardl,../_/_fbardl_advanced.ado,ado,2026-07-08
_fbardl_bootstrap,fbardl,../_/_fbardl_bootstrap.ado,ado,2026-07-08
_fbardl_diagtest,fbardl,../_/_fbardl_diagtest.ado,ado,2026-07-08
_fbardl_dynmult,fbardl,../_/_fbardl_dynmult.ado,ado,2026-07-08
_fbardl_stars,fbardl,../_/_fbardl_stars.ado,ado,2026-07-08
fragtextab,fragtextab,fragtextab.ado,ado,2026-07-08
ftools,ftools,ftools.ado,ado,2026-07-08
fcollapse,ftools,fcollapse.ado,ado,2026-07-08
fegen,ftools,fegen.ado,ado,2026-07-08
fegen_group,ftools,fegen_group.ado,ado,2026-07-08
fisid,ftools,fisid.ado,ado,2026-07-08
flevelsof,ftools,flevelsof.ado,ado,2026-07-08
fmerge,ftools,fmerge.ado,ado,2026-07-08
freshape,ftools,freshape.ado,ado,2026-07-08
fsort,ftools,fsort.ado,ado,2026-07-08
ftab,ftools,ftab.ado,ado,2026-07-08
join,ftools,../j/join.ado,ado,2026-07-08
local_inlist,ftools,../l/local_inlist.ado,ado,2026-07-08
ms_compile_mata,ftools,../m/ms_compile_mata.ado,ado,2026-07-08
ms_expand_varlist,ftools,../m/ms_expand_varlist.ado,ado,2026-07-08
ms_fvstrip,ftools,../m/ms_fvstrip.ado,ado,2026-07-08
ms_fvunab,ftools,../m/ms_fvunab.ado,ado,2026-07-08
ms_get_version,ftools,../m/ms_get_version.ado,ado,2026-07-08
ms_parse_absvars,ftools,../m/ms_parse_absvars.ado,ado,2026-07-08
ms_parse_depvar,ftools,../m/ms_parse_depvar.ado,ado,2026-07-08
ms_parse_varlist,ftools,../m/ms_parse_varlist.ado,ado,2026-07-08
ms_parse_vce,ftools,../m/ms_parse_vce.ado,ado,2026-07-08
ms_add_comma,ftools,../m/ms_add_comma.ado,ado,2026-07-08
parallel_map_template.do,ftools,../p/parallel_map_template.do.ado,ado,2026-07-08
parallel_map,ftools,../p/parallel_map.ado,ado,2026-07-08
fsdet,fsdet,fsdet.ado,ado,2026-07-08
fvregen,fvregen,fvregen.ado,ado,2026-07-08
fdfilter,fdfilter,fdfilter.ado,ado,2026-07-08
frontier_teci,frontier_teci,frontier_teci.ado,ado,2026-07-08
fvprevar,fvprevar,fvprevar.ado,ado,2026-07-08
fpref,fpref,fpref.ado,ado,2026-07-08
funnelinst,funnelinst,funnelinst.ado,ado,2026-07-08
feldti,feldti,feldti.ado,ado,2026-07-08
fitstat,fitstat,fitstat.ado,ado,2026-07-08
rosssekh,forec_instab,../r/rosssekh.ado,ado,2026-07-08
giacross,forec_instab,../g/giacross.ado,ado,2026-07-08
flower,flower,flower.ado,ado,2026-07-08
for211,for211,for211.ado,ado,2026-07-08
fmiss,fmiss,fmiss.ado,ado,2026-07-08
filelist,filelist,filelist.ado,ado,2026-07-08
fedit,fedit,fedit.ado,ado,2026-07-08
filei,filei,filei.ado,ado,2026-07-08
fm,fm,fm.ado,ado,2026-07-08
fiscal_impoverishment,fiscal_impoverishment,fiscal_impoverishment.ado,ado,2026-07-08
fi_fgp,fiscal_impoverishment,fi_fgp.ado,ado,2026-07-08
fi_fgp_graph,fiscal_impoverishment,fi_fgp_graph.ado,ado,2026-07-08
fframeappend,fframeappend,fframeappend.ado,ado,2026-07-08
firstdigit,firstdigit,firstdigit.ado,ado,2026-07-08
freqindex,freqindex,freqindex.ado,ado,2026-07-08
fractal,fractal,fractal.ado,ado,2026-07-08
floattolong,floattolong,floattolong.ado,ado,2026-07-08
fsum,fsum,fsum.ado,ado,2026-07-08
nlabel,fsum,../n/nlabel.ado,ado,2026-07-08
favplots,favplots,favplots.ado,ado,2026-07-08
favplot,favplots,favplot.ado,ado,2026-07-08
frameappend,frameappend,frameappend.ado,ado,2026-07-08
fview,fview,fview.ado,ado,2026-07-08
biprobit_fixedrho_lf,fixedrho,../b/biprobit_fixedrho_lf.ado,ado,2026-07-08
biprobit_fixedrho,fixedrho,../b/biprobit_fixedrho.ado,ado,2026-07-08
etregress_fixedrho_lf,fixedrho,../e/etregress_fixedrho_lf.ado,ado,2026-07-08
etregress_fixedrho_po_lf,fixedrho,../e/etregress_fixedrho_po_lf.ado,ado,2026-07-08
etregress_fixedrho,fixedrho,../e/etregress_fixedrho.ado,ado,2026-07-08
heckman_fixedrho_lf,fixedrho,../h/heckman_fixedrho_lf.ado,ado,2026-07-08
heckman_fixedrho,fixedrho,../h/heckman_fixedrho.ado,ado,2026-07-08
heckman_scanrho,fixedrho,../h/heckman_scanrho.ado,ado,2026-07-08
heckprobit_fixedrho_lf,fixedrho,../h/heckprobit_fixedrho_lf.ado,ado,2026-07-08
heckprobit_fixedrho,fixedrho,../h/heckprobit_fixedrho.ado,ado,2026-07-08
heckprobit_scanrho,fixedrho,../h/heckprobit_scanrho.ado,ado,2026-07-08
flexpaneldid,flexpaneldid,flexpaneldid.ado,ado,2026-07-08
flexpaneldid_preprocessing,flexpaneldid,flexpaneldid_preprocessing.ado,ado,2026-07-08
ftree,ftree,ftree.ado,ado,2026-07-08
fitint,fitint,fitint.ado,ado,2026-07-08
far5,far5,far5.ado,ado,2026-07-08
forfile,forfile,forfile.ado,ado,2026-07-08
fjcoint,fjcoint,fjcoint.ado,ado,2026-07-08
_fjcoint_scvecm,fjcoint,../_/_fjcoint_scvecm.ado,ado,2026-07-08
_fjcoint_sbc,fjcoint,../_/_fjcoint_sbc.ado,ado,2026-07-08
_fjcoint_johansen,fjcoint,../_/_fjcoint_johansen.ado,ado,2026-07-08
_fjcoint_graph,fjcoint,../_/_fjcoint_graph.ado,ado,2026-07-08
_fjcoint_fourier,fjcoint,../_/_fjcoint_fourier.ado,ado,2026-07-08
_fjcoint_cv_trace,fjcoint,../_/_fjcoint_cv_trace.ado,ado,2026-07-08
_fjcoint_cv_sbc,fjcoint,../_/_fjcoint_cv_sbc.ado,ado,2026-07-08
_fjcoint_cv_lambda,fjcoint,../_/_fjcoint_cv_lambda.ado,ado,2026-07-08
_fjcoint_cv_johansen,fjcoint,../_/_fjcoint_cv_johansen.ado,ado,2026-07-08
fraclogit,fraclogit,fraclogit.ado,ado,2026-07-08
fagan,fagan,fagan.ado,ado,2026-07-08
fagani,fagan,fagani.ado,ado,2026-07-08
factortest,factortest,factortest.ado,ado,2026-07-08
fmmlc,fmmlc,fmmlc.ado,ado,2026-07-08
findregex,findregex,findregex.ado,ado,2026-07-08
fracdiff,fracdiff,fracdiff.ado,ado,2026-07-08
fbar,fbar,fbar.ado,ado,2026-07-08
find_index,find_index,find_index.ado,ado,2026-07-08
fpcata,fpro,fpcata.ado,ado,2026-07-08
fpimpov,fpro,fpimpov.ado,ado,2026-07-08
frcount,frcount,frcount.ado,ado,2026-07-08
frcount_bs,frcount,frcount_bs.ado,ado,2026-07-08
ftest,ftest,ftest.ado,ado,2026-07-08
fastxtile,fastxtile,fastxtile.ado,ado,2026-07-08
fragility,fragility,fragility.ado,ado,2026-07-08
fdta,fdta,fdta.ado,ado,2026-07-08
fese,fese,fese.ado,ado,2026-07-08
fmm,fmm,fmm.ado,ado,2026-07-08
fmm_gamma_lf,fmm,fmm_gamma_lf.ado,ado,2026-07-08
fmm_gamma_p,fmm,fmm_gamma_p.ado,ado,2026-07-08
fmm_lognormal_lf,fmm,fmm_lognormal_lf.ado,ado,2026-07-08
fmm_lognormal_p,fmm,fmm_lognormal_p.ado,ado,2026-07-08
fmm_negbin1_lf,fmm,fmm_negbin1_lf.ado,ado,2026-07-08
fmm_negbin1_p,fmm,fmm_negbin1_p.ado,ado,2026-07-08
fmm_negbin2_lf,fmm,fmm_negbin2_lf.ado,ado,2026-07-08
fmm_negbin2_p,fmm,fmm_negbin2_p.ado,ado,2026-07-08
fmm_normal_lf,fmm,fmm_normal_lf.ado,ado,2026-07-08
fmm_normal_p,fmm,fmm_normal_p.ado,ado,2026-07-08
fmm_poisson_lf,fmm,fmm_poisson_lf.ado,ado,2026-07-08
fmm_poisson_p,fmm,fmm_poisson_p.ado,ado,2026-07-08
fmm_studentt_lf,fmm,fmm_studentt_lf.ado,ado,2026-07-08
fmm_studentt_p,fmm,fmm_studentt_p.ado,ado,2026-07-08
gammareg_lf,fmm,../g/gammareg_lf.ado,ado,2026-07-08
lognormalreg_lf,fmm,../l/lognormalreg_lf.ado,ado,2026-07-08
normalreg_lf,fmm,../n/normalreg_lf.ado,ado,2026-07-08
studenttreg_lf,fmm,../s/studenttreg_lf.ado,ado,2026-07-08
frapply,frapply,frapply.ado,ado,2026-07-08
factorn,factorn,factorn.ado,ado,2026-07-08
findsj,findsj,findsj.ado,ado,2026-07-08
fxbcr,fxbcr,fxbcr.ado,ado,2026-07-08
framed_bar,framed_bar,framed_bar.ado,ado,2026-07-08
funnelperform,funnelperform,funnelperform.ado,ado,2026-07-08
frause,frause,frause.ado,ado,2026-07-08
fgt_ci,fgt_ci,fgt_ci.ado,ado,2026-07-08
c,fastcd,../c/c.ado,ado,2026-07-08
fixsort,fixsort,fixsort.ado,ado,2026-07-08
fractileplot,fractileplot,fractileplot.ado,ado,2026-07-08
fractileplot1,fractileplot,fractileplot1.ado,ado,2026-07-08
fastreshape,fastreshape,fastreshape.ado,ado,2026-07-08
WIN64 fren,fren,WIN64 fren.ado,ado,2026-07-08
fourierall,ffroot,fourierall.ado,ado,2026-07-08
fourierdf,ffroot,fourierdf.ado,ado,2026-07-08
fourierdfdf,ffroot,fourierdfdf.ado,ado,2026-07-08
fourierfffff,ffroot,fourierfffff.ado,ado,2026-07-08
fouriergls,ffroot,fouriergls.ado,ado,2026-07-08
fourierkpss,ffroot,fourierkpss.ado,ado,2026-07-08
fourierlm,ffroot,fourierlm.ado,ado,2026-07-08
factref,factref,factref.ado,ado,2026-07-08
fiskfit,fiskfit,fiskfit.ado,ado,2026-07-08
fiskfit_lf,fiskfit,fiskfit_lf.ado,ado,2026-07-08
fastgini,fastgini,fastgini.ado,ado,2026-07-08
fcstats,fcstats,fcstats.ado,ado,2026-07-08
fcstats2,fcstats,fcstats2.ado,ado,2026-07-08
savestats,fcstats,../s/savestats.ado,ado,2026-07-08
fuzzydid,fuzzydid,fuzzydid.ado,ado,2026-07-08
build_cond_expectation_1,fuzzydid,../b/build_cond_expectation_1.ado,ado,2026-07-08
build_cond_expectation_2,fuzzydid,../b/build_cond_expectation_2.ado,ado,2026-07-08
estim_wrapper,fuzzydid,../e/estim_wrapper.ado,ado,2026-07-08
five_fold_cv,fuzzydid,five_fold_cv.ado,ado,2026-07-08
legendrisation,fuzzydid,../l/legendrisation.ado,ado,2026-07-08
lqte_estim_noX,fuzzydid,../l/lqte_estim_noX.ado,ado,2026-07-08
late_estim_noX,fuzzydid,../l/late_estim_noX.ado,ado,2026-07-08
late_estim_X,fuzzydid,../l/late_estim_X.ado,ado,2026-07-08
special_cases,fuzzydid,../s/special_cases.ado,ado,2026-07-08
factmerg,factmerg,factmerg.ado,ado,2026-07-08
florindjp,florindjp,florindjp.ado,ado,2026-07-08
fgtest,fgtest,fgtest.ado,ado,2026-07-08
fbnardl,fbnardl,fbnardl.ado,ado,2026-07-08
_fbnardl_advanced,fbnardl,../_/_fbnardl_advanced.ado,ado,2026-07-08
_fbnardl_bootstrap,fbnardl,../_/_fbnardl_bootstrap.ado,ado,2026-07-08
_fbnardl_diagtest,fbnardl,../_/_fbnardl_diagtest.ado,ado,2026-07-08
_fbnardl_dynmult,fbnardl,../_/_fbnardl_dynmult.ado,ado,2026-07-08
_fbnardl_stars,fbnardl,../_/_fbnardl_stars.ado,ado,2026-07-08
fqardl,fqardl,fqardl.ado,ado,2026-07-08
_fqardl_bootstrap,fqardl,../_/_fqardl_bootstrap.ado,ado,2026-07-08
_fqardl_ecm,fqardl,../_/_fqardl_ecm.ado,ado,2026-07-08
_fqardl_estimate,fqardl,../_/_fqardl_estimate.ado,ado,2026-07-08
_fqardl_qcoint,fqardl,../_/_fqardl_qcoint.ado,ado,2026-07-08
_fqardl_waldtest,fqardl,../_/_fqardl_waldtest.ado,ado,2026-07-08
fqardl_graph,fqardl,fqardl_graph.ado,ado,2026-07-08
finddup,finddup,finddup.ado,ado,2026-07-08
freduse,freduse,freduse.ado,ado,2026-07-08
_freduse,freduse,../_/_freduse.ado,ado,2026-07-08
_freduse2,freduse,../_/_freduse2.ado,ado,2026-07-08
_fredweb,freduse,../_/_fredweb.ado,ado,2026-07-08
fcoint,fcoint,fcoint.ado,ado,2026-07-08
_fcoint_critvals,fcoint,../_/_fcoint_critvals.ado,ado,2026-07-08
_fcoint_cv_fadl_cumul,fcoint,../_/_fcoint_cv_fadl_cumul.ado,ado,2026-07-08
_fcoint_cv_fadl_single,fcoint,../_/_fcoint_cv_fadl_single.ado,ado,2026-07-08
_fcoint_cv_fadl,fcoint,../_/_fcoint_cv_fadl.ado,ado,2026-07-08
_fcoint_cv_feg2,fcoint,../_/_fcoint_cv_feg2.ado,ado,2026-07-08
_fcoint_cv_tsong_ftest,fcoint,../_/_fcoint_cv_tsong_ftest.ado,ado,2026-07-08
_fcoint_cv_tsong,fcoint,../_/_fcoint_cv_tsong.ado,ado,2026-07-08
_fcoint_fadl,fcoint,../_/_fcoint_fadl.ado,ado,2026-07-08
_fcoint_feg,fcoint,../_/_fcoint_feg.ado,ado,2026-07-08
_fcoint_feg2,fcoint,../_/_fcoint_feg2.ado,ado,2026-07-08
_fcoint_tsong,fcoint,../_/_fcoint_tsong.ado,ado,2026-07-08
fqreg,fqreg,fqreg.ado,ado,2026-07-08
fqreg_ml0,fqreg,fqreg_ml0.ado,ado,2026-07-08
fulltab,fulltab,fulltab.ado,ado,2026-07-08
fedistr,fedistr,fedistr.ado,ado,2026-07-08
flex,flex,flex.ado,ado,2026-07-08
flex_ml,flex,flex_ml.ado,ado,2026-07-08
flex_ml1,flex,flex_ml1.ado,ado,2026-07-08
framingham,framingham,framingham.ado,ado,2026-07-08
framinghami,framingham,framinghami.ado,ado,2026-07-08
flagout,flagout,flagout.ado,ado,2026-07-08
fitmacro,fitmacro,fitmacro.ado,ado,2026-07-08
fvvar,fvvar,fvvar.ado,ado,2026-07-08
fieldarea,fieldarea,fieldarea.ado,ado,2026-07-08
frm,frm,frm.ado,ado,2026-07-08
frm_pe,frm,frm_pe.ado,ado,2026-07-08
frm_ptest,frm,frm_ptest.ado,ado,2026-07-08
frm_reset,frm,frm_reset.ado,ado,2026-07-08
frm_ggoff,frm,frm_ggoff.ado,ado,2026-07-08
frm_cauchit,frm,frm_cauchit.ado,ado,2026-07-08
ftrans,ftrans,ftrans.ado,ado,2026-07-08
findval,findval,findval.ado,ado,2026-07-08
floatplot,floatplot,floatplot.ado,ado,2026-07-08
fejiv,fejiv,fejiv.ado,ado,2026-07-08
filesearch,filesearch,filesearch.ado,ado,2026-07-08
framingham30,framingham30,framingham30.ado,ado,2026-07-08
forest,forest,forest.ado,ado,2026-07-08
filtertrace,filtertrace,filtertrace.ado,ado,2026-07-08
fairlie,fairlie,fairlie.ado,ado,2026-07-08
finegray,finegray,finegray.ado,ado,2026-07-08
finegray_phtest,finegray,finegray_phtest.ado,ado,2026-07-08
finegray_predict,finegray,finegray_predict.ado,ado,2026-07-08
_finegray_mata,finegray,../_/_finegray_mata.ado,ado,2026-07-08
fieller,fieller,fieller.ado,ado,2026-07-08
fielleri,fieller,fielleri.ado,ado,2026-07-08
firthlogit,firthlogit,firthlogit.ado,ado,2026-07-08
firthlogit_ll,firthlogit,firthlogit_ll.ado,ado,2026-07-08
flexdid,flexdid,flexdid.ado,ado,2026-07-08
flexdid_atet,flexdid,flexdid_atet.ado,ado,2026-07-08
flexdid_estat,flexdid,flexdid_estat.ado,ado,2026-07-08
fvstrip,fvstrip,fvstrip.ado,ado,2026-07-08
finn,finn,finn.ado,ado,2026-07-08
fshare,fshare,fshare.ado,ado,2026-07-08
fabplot,fabplot,fabplot.ado,ado,2026-07-08
funnelcompar,funnelcompar,funnelcompar.ado,ado,2026-07-08
fprank,fprank,fprank.ado,ado,2026-07-08
fsx,fsx,fsx.ado,ado,2026-07-08
fourierur,fourierur,fourierur.ado,ado,2026-07-08
fourierdf,fourierur,fourierdf.ado,ado,2026-07-08
fourierdfdf,fourierur,fourierdfdf.ado,ado,2026-07-08
fourierfffff,fourierur,fourierfffff.ado,ado,2026-07-08
fouriergls,fourierur,fouriergls.ado,ado,2026-07-08
fourierkpss,fourierur,fourierkpss.ado,ado,2026-07-08
fourierlm,fourierur,fourierlm.ado,ado,2026-07-08
fillmissing,fillmissing,fillmissing.ado,ado,2026-07-08
faam,faam,faam.ado,ado,2026-07-08
flexmat,flexmat,flexmat.ado,ado,2026-07-08
fracdydx,fracdydx,fracdydx.ado,ado,2026-07-08
factext,factext,factext.ado,ado,2026-07-08
fracirf,fracirf,fracirf.ado,ado,2026-07-08
fbep,fbep,fbep.ado,ado,2026-07-08
findunique,findunique,findunique.ado,ado,2026-07-08
firthfit,firthfit,firthfit.ado,ado,2026-07-08
fmmhist,fmmhist,fmmhist.ado,ado,2026-07-08
find_denom,find_denom,find_denom.ado,ado,2026-07-08
fs,fs,fs.ado,ado,2026-07-08
folders,fs,folders.ado,ado,2026-07-08
fitstat_ers,fitstat_ers,fitstat_ers.ado,ado,2026-07-08
fndmtch2,fndmtch2,fndmtch2.ado,ado,2026-07-08
fndmtch,fndmtch,fndmtch.ado,ado,2026-07-08
frontierhtail,frontierhtail,frontierhtail.ado,ado,2026-07-08
frontierhtail_lf,frontierhtail,frontierhtail_lf.ado,ado,2026-07-08
frontierhtail_lf1,frontierhtail,frontierhtail_lf1.ado,ado,2026-07-08
frontierhtail_p,frontierhtail,frontierhtail_p.ado,ado,2026-07-08
ftocci,ftocci,ftocci.ado,ado,2026-07-08
fhsae,fhsae,fhsae.ado,ado,2026-07-08
outreg5,outreg5,outreg5.ado,ado,2026-07-08
overid,overid,overid.ado,ado,2026-07-08
overid9,overid,overid9.ado,ado,2026-07-08
underid,overid,../u/underid.ado,ado,2026-07-08
xtoverid,overid,../x/xtoverid.ado,ado,2026-07-08
ocratio,ocratio,ocratio.ado,ado,2026-07-08
ocrpred,ocratio,ocrpred.ado,ado,2026-07-08
oglm,oglm,oglm.ado,ado,2026-07-08
oglm_ll,oglm,oglm_ll.ado,ado,2026-07-08
oglm_p,oglm,oglm_p.ado,ado,2026-07-08
oglm_svy_check,oglm,oglm_svy_check.ado,ado,2026-07-08
oprobpr,oprobpr,oprobpr.ado,ado,2026-07-08
oprobpr7,oprobpr,oprobpr7.ado,ado,2026-07-08
onespell,onespell,onespell.ado,ado,2026-07-08
tsspell,onespell,../t/tsspell.ado,ado,2026-07-08
orth_out,orth_out,orth_out.ado,ado,2026-07-08
orthog,orthog,orthog.ado,ado,2026-07-08
obsofint,obsofint,obsofint.ado,ado,2026-07-08
obsofint_ex,obsofint,obsofint_ex.ado,ado,2026-07-08
opplot,opplot,opplot.ado,ado,2026-07-08
outreg2,outreg2,outreg2.ado,ado,2026-07-08
outreg2_prf,outreg2,outreg2_prf.ado,ado,2026-07-08
shellout,outreg2,../s/shellout.ado,ado,2026-07-08
seeout,outreg2,../s/seeout.ado,ado,2026-07-08
oaxaca,oaxaca,oaxaca.ado,ado,2026-07-08
odk_validate,odk_validate,odk_validate.ado,ado,2026-07-08
odkmeta,odkmeta,odkmeta.ado,ado,2026-07-08
onetext,onetext,onetext.ado,ado,2026-07-08
osort,osort,osort.ado,ado,2026-07-08
outtex,outtex,outtex.ado,ado,2026-07-08
outtex6,outtex,outtex6.ado,ado,2026-07-08
oesch,oesch,oesch.ado,ado,2026-07-08
iscooesch,oesch,../i/iscooesch.ado,ado,2026-07-08
iskooesch,oesch,../i/iskooesch.ado,ado,2026-07-08
overlay,overlay,overlay.ado,ado,2026-07-08
overdisp,overdisp,overdisp.ado,ado,2026-07-08
WIN64 oda,oda,WIN64 oda.ado,ado,2026-07-08
optaspect,optaspect,optaspect.ado,ado,2026-07-08
onewplot,onewplot,onewplot.ado,ado,2026-07-08
ordcatsampsi,ordcatsampsi,ordcatsampsi.ado,ado,2026-07-08
optifact,optifact,optifact.ado,ado,2026-07-08
oeratio,oeratio,oeratio.ado,ado,2026-07-08
onewayplot,onewayplot,onewayplot.ado,ado,2026-07-08
oplabdata,oplabdata,oplabdata.ado,ado,2026-07-08
opacity,opacity,opacity.ado,ado,2026-07-08
orse,orse,orse.ado,ado,2026-07-08
ordaxaca,ordaxaca,ordaxaca.ado,ado,2026-07-08
odksplit,odksplit,odksplit.ado,ado,2026-07-08
ocsb,ocsb,ocsb.ado,ado,2026-07-08
ocsb_ndiff,ocsb,ocsb_ndiff.ado,ado,2026-07-08
outsum,outsum,outsum.ado,ado,2026-07-08
oaxaca8,oaxaca8,oaxaca8.ado,ado,2026-07-08
oaxaca2,oaxaca8,oaxaca2.ado,ado,2026-07-08
oaxaca9,oaxaca9,oaxaca9.ado,ado,2026-07-08
_oaxaca9,oaxaca9,../_/_oaxaca9.ado,ado,2026-07-08
omninorm,omninorm,omninorm.ado,ado,2026-07-08
omninorm7,omninorm,omninorm7.ado,ado,2026-07-08
_gstdn,omninorm,../_/_gstdn.ado,ado,2026-07-08
matmap,omninorm,../m/matmap.ado,ado,2026-07-08
outdetect,outdetect,outdetect.ado,ado,2026-07-08
outfix2,outfix2,outfix2.ado,ado,2026-07-08
omegacoef,omegacoef,omegacoef.ado,ado,2026-07-08
make_cate,opl,../m/make_cate.ado,ado,2026-07-08
opl_best_treat,opl,opl_best_treat.ado,ado,2026-07-08
opl_budget,opl,opl_budget.ado,ado,2026-07-08
opl_dt_c,opl,opl_dt_c.ado,ado,2026-07-08
opl_dt,opl,opl_dt.ado,ado,2026-07-08
opl_lc_c,opl,opl_lc_c.ado,ado,2026-07-08
opl_lc,opl,opl_lc.ado,ado,2026-07-08
opl_ma_fb,opl,opl_ma_fb.ado,ado,2026-07-08
opl_ma_vf,opl,opl_ma_vf.ado,ado,2026-07-08
opl_overlap,opl,opl_overlap.ado,ado,2026-07-08
opl_plot_best,opl,opl_plot_best.ado,ado,2026-07-08
opl_tb_c,opl,opl_tb_c.ado,ado,2026-07-08
opl_tb,opl,opl_tb.ado,ado,2026-07-08
onedrive,onedrive,onedrive.ado,ado,2026-07-08
odi,odi,odi.ado,ado,2026-07-08
omodel,omodel,omodel.ado,ado,2026-07-08
outdat,outdat,outdat.ado,ado,2026-07-08
outdat_limdep,outdat,outdat_limdep.ado,ado,2026-07-08
outdat_rats,outdat,outdat_rats.ado,ado,2026-07-08
outdat_spss,outdat,outdat_spss.ado,ado,2026-07-08
outdat_sql,outdat,outdat_sql.ado,ado,2026-07-08
outdat_stata,outdat,outdat_stata.ado,ado,2026-07-08
oga,oga,oga.ado,ado,2026-07-08
outreg,outreg,outreg.ado,ado,2026-07-08
frmttable,outreg,../f/frmttable.ado,ado,2026-07-08
odk2doc,odkexport,odk2doc.ado,ado,2026-07-08
odk2xls,odkexport,odk2xls.ado,ado,2026-07-08
ordplot,ordplot,ordplot.ado,ado,2026-07-08
keyplot,ordplot,../k/keyplot.ado,ado,2026-07-08
oneclick,oneclick,oneclick.ado,ado,2026-07-08
oglm9,oglm9,oglm9.ado,ado,2026-07-08
oglm9_ll,oglm9,oglm9_ll.ado,ado,2026-07-08
oglm9_p,oglm9,oglm9_p.ado,ado,2026-07-08
outfixt,outfixt,outfixt.ado,ado,2026-07-08
osgen,osgen,osgen.ado,ado,2026-07-08
outfix,outfix,outfix.ado,ado,2026-07-08
oparallel,oparallel,oparallel.ado,ado,2026-07-08
oparallel_ex,oparallel,oparallel_ex.ado,ado,2026-07-08
gologit3_lf2,oparallel,../g/gologit3_lf2.ado,ado,2026-07-08
outseries,outseries,outseries.ado,ado,2026-07-08
oddsrisk,oddsrisk,oddsrisk.ado,ado,2026-07-08
obsdiff,obsdiff,obsdiff.ado,ado,2026-07-08
ovbd,ovbd,ovbd.ado,ado,2026-07-08
ovbdc,ovbd,ovbdc.ado,ado,2026-07-08
ovbdr,ovbd,ovbdr.ado,ado,2026-07-08
outwrite,outwrite,outwrite.ado,ado,2026-07-08
openall,openall,openall.ado,ado,2026-07-08
opencagegeo,opencagegeo,opencagegeo.ado,ado,2026-07-08
opencagegeoi,opencagegeo,opencagegeoi.ado,ado,2026-07-08
outtable,outtable,outtable.ado,ado,2026-07-08
outtable2,outtable,outtable2.ado,ado,2026-07-08
outtable7,outtable,outtable7.ado,ado,2026-07-08
outreg2e,outreg2e,outreg2e.ado,ado,2026-07-08
opendf,opendf,opendf.ado,ado,2026-07-08
csv2dta,opendf,../_/csv2dta.ado,ado,2026-07-08
csv2zip,opendf,../_/csv2zip.ado,ado,2026-07-08
opendf_docu,opendf,opendf_docu.ado,ado,2026-07-08
opendf_dta2csv,opendf,opendf_dta2csv.ado,ado,2026-07-08
opendf_installpython,opendf,opendf_installpython.ado,ado,2026-07-08
opendf_read,opendf,opendf_read.ado,ado,2026-07-08
opendf_removepython,opendf,opendf_removepython.ado,ado,2026-07-08
opendf_write,opendf,opendf_write.ado,ado,2026-07-08
opendf_zip2csv,opendf,opendf_zip2csv.ado,ado,2026-07-08
overfit,overfit,overfit.ado,ado,2026-07-08
ordvar,ordvar,ordvar.ado,ado,2026-07-08
ocmt,ocmt,ocmt.ado,ado,2026-07-08
htmltab2stata,htmltab2stata,htmltab2stata.ado,ado,2026-07-08
hoishapley,hoishapley,hoishapley.ado,ado,2026-07-08
heart,heart,heart.ado,ado,2026-07-08
hpc,hpc,hpc.ado,ado,2026-07-08
hlist,hlist,hlist.ado,ado,2026-07-08
heckroc,heckroc,heckroc.ado,ado,2026-07-08
himatrix,himatrix,himatrix.ado,ado,2026-07-08
hnbclg,hnbclg,hnbclg.ado,ado,2026-07-08
jhnb_cln_ll,hnbclg,../j/jhnb_cln_ll.ado,ado,2026-07-08
hdfe,hdfe,hdfe.ado,ado,2026-07-08
hmindex,hmindex,hmindex.ado,ado,2026-07-08
hshaz,hshaz,hshaz.ado,ado,2026-07-08
hshaz_ll,hshaz,hshaz_ll.ado,ado,2026-07-08
honestdid,honestdid,honestdid.ado,ado,2026-07-08
honestwork,honestdid,honestwork.ado,ado,2026-07-08
hummels,hummels,hummels.ado,ado,2026-07-08
hkstock,hkstock,hkstock.ado,ado,2026-07-08
head,head,head.ado,ado,2026-07-08
hcnbreg,hcnbreg,hcnbreg.ado,ado,2026-07-08
jcnb_ll,hcnbreg,../j/jcnb_ll.ado,ado,2026-07-08
healthequal,healthequal,healthequal.ado,ado,2026-07-08
hetred,hetred,hetred.ado,ado,2026-07-08
hoishapely,hoishapely,hoishapely.ado,ado,2026-07-08
hangroot,hangroot,hangroot.ado,ado,2026-07-08
hangr_beta,hangroot,hangr_beta.ado,ado,2026-07-08
hangr_chi2,hangroot,hangr_chi2.ado,ado,2026-07-08
hangr_dagum,hangroot,hangr_dagum.ado,ado,2026-07-08
hangr_exponential,hangroot,hangr_exponential.ado,ado,2026-07-08
hangr_fisk,hangroot,hangr_fisk.ado,ado,2026-07-08
hangr_gamma,hangroot,hangr_gamma.ado,ado,2026-07-08
hangr_gb2,hangroot,hangr_gb2.ado,ado,2026-07-08
hangr_geometric,hangroot,hangr_geometric.ado,ado,2026-07-08
hangr_gev,hangroot,hangr_gev.ado,ado,2026-07-08
hangr_gumbel,hangroot,hangr_gumbel.ado,ado,2026-07-08
hangr_invgamma,hangroot,hangr_invgamma.ado,ado,2026-07-08
hangr_laplace,hangroot,hangr_laplace.ado,ado,2026-07-08
hangr_logistic,hangroot,hangr_logistic.ado,ado,2026-07-08
hangr_lognormal,hangroot,hangr_lognormal.ado,ado,2026-07-08
hangr_nb1,hangroot,hangr_nb1.ado,ado,2026-07-08
hangr_nb2,hangroot,hangr_nb2.ado,ado,2026-07-08
hangr_normal,hangroot,hangr_normal.ado,ado,2026-07-08
hangr_pareto,hangroot,hangr_pareto.ado,ado,2026-07-08
hangr_poisson,hangroot,hangr_poisson.ado,ado,2026-07-08
hangr_sm,hangroot,hangr_sm.ado,ado,2026-07-08
hangr_theoretical,hangroot,hangr_theoretical.ado,ado,2026-07-08
hangr_uniform,hangroot,hangr_uniform.ado,ado,2026-07-08
hangr_wald,hangroot,hangr_wald.ado,ado,2026-07-08
hangr_weibull,hangroot,hangr_weibull.ado,ado,2026-07-08
hangr_zinb,hangroot,hangr_zinb.ado,ado,2026-07-08
hangr_zip,hangroot,hangr_zip.ado,ado,2026-07-08
hangr_parsedist,hangroot,hangr_parsedist.ado,ado,2026-07-08
hangr_parseopts,hangroot,hangr_parseopts.ado,ado,2026-07-08
hangr_parsesample,hangroot,hangr_parsesample.ado,ado,2026-07-08
hangr_histgen,hangroot,hangr_histgen.ado,ado,2026-07-08
hangr_histgensims,hangroot,hangr_histgensims.ado,ado,2026-07-08
hangr_sims,hangroot,hangr_sims.ado,ado,2026-07-08
hangr_ci,hangroot,hangr_ci.ado,ado,2026-07-08
hangr_graph,hangroot,hangr_graph.ado,ado,2026-07-08
hangroot_ex,hangroot,hangroot_ex.ado,ado,2026-07-08
histbox,histbox,histbox.ado,ado,2026-07-08
hhi5,hhi5,hhi5.ado,ado,2026-07-08
hanoitower,hanoitower,hanoitower.ado,ado,2026-07-08
historaj,historaj,historaj.ado,ado,2026-07-08
harmby,harmby,harmby.ado,ado,2026-07-08
hlp2winpdf,hlp2winpdf,hlp2winpdf.ado,ado,2026-07-08
hatemij,hatemij,hatemij.ado,ado,2026-07-08
hireg,hireg,hireg.ado,ado,2026-07-08
hodgesl,hodgesl,hodgesl.ado,ado,2026-07-08
hkwarrant,hkwarrant,hkwarrant.ado,ado,2026-07-08
hrimvol,hrimvol,hrimvol.ado,ado,2026-07-08
hbox,hbox,hbox.ado,ado,2026-07-08
univstat,hbox,../u/univstat.ado,ado,2026-07-08
hegy4,hegy4,hegy4.ado,ado,2026-07-08
heterogi,heterogi,heterogi.ado,ado,2026-07-08
holsti,holsti,holsti.ado,ado,2026-07-08
hplogit,hplogit,hplogit.ado,ado,2026-07-08
jhpoi_logit_ll,hplogit,../j/jhpoi_logit_ll.ado,ado,2026-07-08
hetop,hetop,hetop.ado,ado,2026-07-08
hetop_lf,hetop,hetop_lf.ado,ado,2026-07-08
heckprob2,heckprob2,heckprob2.ado,ado,2026-07-08
heckp_d2,heckprob2,heckp_d2.ado,ado,2026-07-08
svyheckprob2,heckprob2,../s/svyheckprob2.ado,ado,2026-07-08
hlm,hlm,hlm.ado,ado,2026-07-08
hlm2,hlm,hlm2.ado,ado,2026-07-08
hlm3,hlm,hlm3.ado,ado,2026-07-08
hlmmkmdm2,hlm,hlmmkmdm2.ado,ado,2026-07-08
hlmmkmdm3,hlm,hlmmkmdm3.ado,ado,2026-07-08
hlmrun,hlm,hlmrun.ado,ado,2026-07-08
hlmstore,hlm,hlmstore.ado,ado,2026-07-08
hlmtest,hlm,hlmtest.ado,ado,2026-07-08
hdquantile,hdquantile,hdquantile.ado,ado,2026-07-08
hbar,hbar,hbar.ado,ado,2026-07-08
hgclg,hgclg,hgclg.ado,ado,2026-07-08
jhgeo_cln_ll,hgclg,../j/jhgeo_cln_ll.ado,ado,2026-07-08
htmlcb,htmlcb,htmlcb.ado,ado,2026-07-08
hapblock,hapblock,hapblock.ado,ado,2026-07-08
hildasetup,hildasetup,hildasetup.ado,ado,2026-07-08
hallt,hallt-skewt,hallt.ado,ado,2026-07-08
skewt,hallt-skewt,../s/skewt.ado,ado,2026-07-08
heabs,heabs,heabs.ado,ado,2026-07-08
heapbs,heabs,heapbs.ado,ado,2026-07-08
hausman,hausman,hausman.ado,ado,2026-07-08
hue,hue,hue.ado,ado,2026-07-08
haif,haif,haif.ado,ado,2026-07-08
haifcomp,haif,haifcomp.ado,ado,2026-07-08
hprescott,hprescott,hprescott.ado,ado,2026-07-08
hprescott8,hprescott,hprescott8.ado,ado,2026-07-08
histplot,histplot,histplot.ado,ado,2026-07-08
hlp2pdf,hlp2pdf,hlp2pdf.ado,ado,2026-07-08
hotvalue,hotvalue,hotvalue.ado,ado,2026-07-08
hapipf,hapipf,hapipf.ado,ado,2026-07-08
ipf,hapipf,../i/ipf.ado,ado,2026-07-08
hapupdate,hapipf,hapupdate.ado,ado,2026-07-08
hoi,hoi,hoi.ado,ado,2026-07-08
_pecats2,hoi,../_/_pecats2.ado,ado,2026-07-08
indeplist,hoi,../i/indeplist.ado,ado,2026-07-08
heatplot,heatplot,heatplot.ado,ado,2026-07-08
hexplot,heatplot,hexplot.ado,ado,2026-07-08
hpfilter,hpfilter,hpfilter.ado,ado,2026-07-08
himap,himap,himap.ado,ado,2026-07-08
htmlopen,htmlutil,htmlopen.ado,ado,2026-07-08
htmlclose,htmlutil,htmlclose.ado,ado,2026-07-08
htmlimg,htmlutil,htmlimg.ado,ado,2026-07-08
htmllink,htmlutil,htmllink.ado,ado,2026-07-08
hful,hful_hlim,hful.ado,ado,2026-07-08
hlim,hful_hlim,hlim.ado,ado,2026-07-08
harreg,harreg,harreg.ado,ado,2026-07-08
harreg_p,harreg,harreg_p.ado,ado,2026-07-08
harwald,harreg,harwald.ado,ado,2026-07-08
hamiltonfilter,hamiltonfilter,hamiltonfilter.ado,ado,2026-07-08
hazdcmp,hazdcmp,hazdcmp.ado,ado,2026-07-08
halfnorm,halfnorm_dist,halfnorm.ado,ado,2026-07-08
halfinvnorm,halfnorm_dist,halfinvnorm.ado,ado,2026-07-08
halfinvnormi,halfnorm_dist,halfinvnormi.ado,ado,2026-07-08
halfnormden,halfnorm_dist,halfnormden.ado,ado,2026-07-08
halfnormdeni,halfnorm_dist,halfnormdeni.ado,ado,2026-07-08
halfnormi,halfnorm_dist,halfnormi.ado,ado,2026-07-08
how_many_imputations,how_many_imputations,how_many_imputations.ado,ado,2026-07-08
hte,hte,hte.ado,ado,2026-07-08
hcavar,hcavar,hcavar.ado,ado,2026-07-08
detect,hcavar,../d/detect.ado,ado,2026-07-08
genscore,hcavar,../g/genscore.ado,ado,2026-07-08
heatmapgraph,heatmapgraph,heatmapgraph.ado,ado,2026-07-08
hktrade,hktrade,hktrade.ado,ado,2026-07-08
hutchens,hutchens,hutchens.ado,ado,2026-07-08
haiku,haiku,haiku.ado,ado,2026-07-08
hplot,hplot,hplot.ado,ado,2026-07-08
hettreatreg,hettreatreg,hettreatreg.ado,ado,2026-07-08
hpclg,hpclg,hpclg.ado,ado,2026-07-08
jhpoi_cln_ll,hpclg,../j/jhpoi_cln_ll.ado,ado,2026-07-08
hotdeckvar,hotdeckvar,hotdeckvar.ado,ado,2026-07-08
hglogit,hglogit,hglogit.ado,ado,2026-07-08
jhgeo_logit_ll,hglogit,../j/jhgeo_logit_ll.ado,ado,2026-07-08
hkar,hkar,hkar.ado,ado,2026-07-08
htmltit,htmltit,htmltit.ado,ado,2026-07-08
hibi,hibi,hibi.ado,ado,2026-07-08
hnblogit,hnblogit,hnblogit.ado,ado,2026-07-08
jhnb_logit_ll,hnblogit,../j/jhnb_logit_ll.ado,ado,2026-07-08
hlpedit,hlpedit,hlpedit.ado,ado,2026-07-08
hadrilm,hadrilm,hadrilm.ado,ado,2026-07-08
hatemicoint,hatemicoint,hatemicoint.ado,ado,2026-07-08
hetprob,hetprob,hetprob.ado,ado,2026-07-08
hetpr_lf,hetprob,hetpr_lf.ado,ado,2026-07-08
hist3,hist3,hist3.ado,ado,2026-07-08
hcaccprox,hcaccprox,hcaccprox.ado,ado,2026-07-08
detect,hcaccprox,../d/detect.ado,ado,2026-07-08
hetsar,hetsar,hetsar.ado,ado,2026-07-08
hetsar_p,hetsar,hetsar_p.ado,ado,2026-07-08
hl,hl,hl.ado,ado,2026-07-08
hkprlink,hkprlink,hkprlink.ado,ado,2026-07-08
hammock,hammock,hammock.ado,ado,2026-07-08
hammock_examples,hammock,hammock_examples.ado,ado,2026-07-08
hlp2html,hlp2html,hlp2html.ado,ado,2026-07-08
hlpdir,hlpdir,hlpdir.ado,ado,2026-07-08
hotdeck,hotdeck,hotdeck.ado,ado,2026-07-08
hotdeck6,hotdeck,hotdeck6.ado,ado,2026-07-08
hnbreg1,hnbreg1,hnbreg1.ado,ado,2026-07-08
jhhnb1_ll,hnbreg1,../j/jhhnb1_ll.ado,ado,2026-07-08
hsmode,hsmode,hsmode.ado,ado,2026-07-08
hmap,hmap,hmap.ado,ado,2026-07-08
hhi,hhi,hhi.ado,ado,2026-07-08
hansen2,hansen2,hansen2.ado,ado,2026-07-08
mac_unab,mac_unab,mac_unab.ado,ado,2026-07-08
medsem,medsem,medsem.ado,ado,2026-07-08
mlcoint,mlcoint,mlcoint.ado,ado,2026-07-08
mcwr,mcwr,mcwr.ado,ado,2026-07-08
mundlak,mundlak,mundlak.ado,ado,2026-07-08
mapch,mapch,mapch.ado,ado,2026-07-08
mimstack,mimstack,mimstack.ado,ado,2026-07-08
merlin,merlin,merlin.ado,ado,2026-07-08
merlin_p,merlin,merlin_p.ado,ado,2026-07-08
merlin_parse,merlin,merlin_parse.ado,ado,2026-07-08
exptorcs,merlin,../e/exptorcs.ado,ado,2026-07-08
stmerlin,merlin,../s/stmerlin.ado,ado,2026-07-08
maxsum,maxsum,maxsum.ado,ado,2026-07-08
matchi2,matchi2,matchi2.ado,ado,2026-07-08
marglmean,marglmean,marglmean.ado,ado,2026-07-08
marglmean_p,marglmean,marglmean_p.ado,ado,2026-07-08
mkern,mkern,mkern.ado,ado,2026-07-08
min_cv_mkern,mkern,min_cv_mkern.ado,ado,2026-07-08
margdistfit,margdistfit,margdistfit.ado,ado,2026-07-08
marg_betacumul_prep,margdistfit,marg_betacumul_prep.ado,ado,2026-07-08
marg_betapp_prep,margdistfit,marg_betapp_prep.ado,ado,2026-07-08
marg_betaqq_prep,margdistfit,marg_betaqq_prep.ado,ado,2026-07-08
marg_normcumul_prep,margdistfit,marg_normcumul_prep.ado,ado,2026-07-08
marg_normpp_prep,margdistfit,marg_normpp_prep.ado,ado,2026-07-08
marg_normqq_prep,margdistfit,marg_normqq_prep.ado,ado,2026-07-08
margdistfit_ex,margdistfit,margdistfit_ex.ado,ado,2026-07-08
marg_poissonpp_prep,margdistfit,marg_poissonpp_prep.ado,ado,2026-07-08
marg_poissonqq_prep,margdistfit,marg_poissonqq_prep.ado,ado,2026-07-08
marg_poissoncumul_prep,margdistfit,marg_poissoncumul_prep.ado,ado,2026-07-08
marg_poissonhangroot_prep,margdistfit,marg_poissonhangroot_prep.ado,ado,2026-07-08
marg_nb1pp_prep,margdistfit,marg_nb1pp_prep.ado,ado,2026-07-08
marg_nb1qq_prep,margdistfit,marg_nb1qq_prep.ado,ado,2026-07-08
marg_nb1cumul_prep,margdistfit,marg_nb1cumul_prep.ado,ado,2026-07-08
marg_nb1hangroot_prep,margdistfit,marg_nb1hangroot_prep.ado,ado,2026-07-08
marg_nb2pp_prep,margdistfit,marg_nb2pp_prep.ado,ado,2026-07-08
marg_nb2qq_prep,margdistfit,marg_nb2qq_prep.ado,ado,2026-07-08
marg_nb2cumul_prep,margdistfit,marg_nb2cumul_prep.ado,ado,2026-07-08
marg_nb2hangroot_prep,margdistfit,marg_nb2hangroot_prep.ado,ado,2026-07-08
marg_zippp_prep,margdistfit,marg_zippp_prep.ado,ado,2026-07-08
marg_zipqq_prep,margdistfit,marg_zipqq_prep.ado,ado,2026-07-08
marg_zipcumul_prep,margdistfit,marg_zipcumul_prep.ado,ado,2026-07-08
marg_ziphangroot_prep,margdistfit,marg_ziphangroot_prep.ado,ado,2026-07-08
marg_zinbpp_prep,margdistfit,marg_zinbpp_prep.ado,ado,2026-07-08
marg_zinbqq_prep,margdistfit,marg_zinbqq_prep.ado,ado,2026-07-08
marg_zinbcumul_prep,margdistfit,marg_zinbcumul_prep.ado,ado,2026-07-08
marg_zinbhangroot_prep,margdistfit,marg_zinbhangroot_prep.ado,ado,2026-07-08
marg_betahangroot_prep,margdistfit,marg_betahangroot_prep.ado,ado,2026-07-08
marg_normhangroot_prep,margdistfit,marg_normhangroot_prep.ado,ado,2026-07-08
marg_parsamp,margdistfit,marg_parsamp.ado,ado,2026-07-08
mgof,mgof,mgof.ado,ado,2026-07-08
mgofi,mgof,mgofi.ado,ado,2026-07-08
movavg,movavg,movavg.ado,ado,2026-07-08
miesize,miesize,miesize.ado,ado,2026-07-08
mequate,mequate,mequate.ado,ado,2026-07-08
mrprobit,mrprobit,mrprobit.ado,ado,2026-07-08
mrprlik,mrprobit,mrprlik.ado,ado,2026-07-08
mrprjlik,mrprobit,mrprjlik.ado,ado,2026-07-08
markov,markov,markov.ado,ado,2026-07-08
mtad,mtad,mtad.ado,ado,2026-07-08
missings,missings,missings.ado,ado,2026-07-08
mplotoffset,mplotoffset,mplotoffset.ado,ado,2026-07-08
mycd10,mycd10,mycd10.ado,ado,2026-07-08
myicd10,mycd10,myicd10.ado,ado,2026-07-08
mycd10_ff,mycd10,mycd10_ff.ado,ado,2026-07-08
mycd10p,mycd10,mycd10p.ado,ado,2026-07-08
myicd10p,mycd10,myicd10p.ado,ado,2026-07-08
mixlogitwtp,mixlogitwtp,mixlogitwtp.ado,ado,2026-07-08
mixlbeta,mixlogitwtp,mixlbeta.ado,ado,2026-07-08
mixlcov,mixlogitwtp,mixlcov.ado,ado,2026-07-08
mixlpred,mixlogitwtp,mixlpred.ado,ado,2026-07-08
metacum,metacum,metacum.ado,ado,2026-07-08
metacum_examples,metacum,metacum_examples.ado,ado,2026-07-08
mvardlurt,mvardlurt,mvardlurt.ado,ado,2026-07-08
_mvardlurt_bootstrap,mvardlurt,../_/_mvardlurt_bootstrap.ado,ado,2026-07-08
_mvardlurt_diagtest,mvardlurt,../_/_mvardlurt_diagtest.ado,ado,2026-07-08
_mvardlurt_graph,mvardlurt,../_/_mvardlurt_graph.ado,ado,2026-07-08
_mvardlurt_stars,mvardlurt,../_/_mvardlurt_stars.ado,ado,2026-07-08
mahapick,mahapick,mahapick.ado,ado,2026-07-08
mahascore,mahapick,mahascore.ado,ado,2026-07-08
mahaselectunique,mahapick,mahaselectunique.ado,ado,2026-07-08
mahascore2,mahapick,mahascore2.ado,ado,2026-07-08
mahascores,mahapick,mahascores.ado,ado,2026-07-08
covariancemat,mahapick,../c/covariancemat.ado,ado,2026-07-08
screenmatches,mahapick,../s/screenmatches.ado,ado,2026-07-08
stackids,mahapick,../s/stackids.ado,ado,2026-07-08
variancemat,mahapick,../v/variancemat.ado,ado,2026-07-08
mbitobit,mbitobit,mbitobit.ado,ado,2026-07-08
mbitobit_lf,mbitobit,mbitobit_lf.ado,ado,2026-07-08
mbitobit_p,mbitobit,mbitobit_p.ado,ado,2026-07-08
mtnardl,mtnardl,mtnardl.ado,ado,2026-07-08
_mtnardl_advanced,mtnardl,../_/_mtnardl_advanced.ado,ado,2026-07-08
_mtnardl_bootstrap,mtnardl,../_/_mtnardl_bootstrap.ado,ado,2026-07-08
_mtnardl_decompose,mtnardl,../_/_mtnardl_decompose.ado,ado,2026-07-08
_mtnardl_diagtest,mtnardl,../_/_mtnardl_diagtest.ado,ado,2026-07-08
_mtnardl_dynmult,mtnardl,../_/_mtnardl_dynmult.ado,ado,2026-07-08
_mtnardl_stars,mtnardl,../_/_mtnardl_stars.ado,ado,2026-07-08
mvcorr,mvcorr,mvcorr.ado,ado,2026-07-08
metandi,metandi,metandi.ado,ado,2026-07-08
metandi_p,metandi,metandi_p.ado,ado,2026-07-08
metandiplot,metandi,metandiplot.ado,ado,2026-07-08
mfpmi,mfpmi,mfpmi.ado,ado,2026-07-08
mfpmi_wald,mfpmi,mfpmi_wald.ado,ado,2026-07-08
mfpmi_10,mfpmi,mfpmi_10.ado,ado,2026-07-08
mfpmi_wald_10,mfpmi,mfpmi_wald_10.ado,ado,2026-07-08
frac_154_wald,mfpmi,../f/frac_154_wald.ado,ado,2026-07-08
frac_wald,mfpmi,../f/frac_wald.ado,ado,2026-07-08
mog,mog,mog.ado,ado,2026-07-08
multicoefplot,multicoefplot,multicoefplot.ado,ado,2026-07-08
makeid,makeid,makeid.ado,ado,2026-07-08
multimport,multimport,multimport.ado,ado,2026-07-08
mpovline,mpovline,mpovline.ado,ado,2026-07-08
mktex,mktex,mktex.ado,ado,2026-07-08
marginscontplot2,marginscontplot2,marginscontplot2.ado,ado,2026-07-08
mcp2,marginscontplot2,mcp2.ado,ado,2026-07-08
margins_dynxteprobit,margins_dynxteprobit,margins_dynxteprobit.ado,ado,2026-07-08
maanova,meta_analysis,maanova.ado,ado,2026-07-08
maforest,meta_analysis,maforest.ado,ado,2026-07-08
mareg,meta_analysis,mareg.ado,ado,2026-07-08
masum,meta_analysis,masum.ado,ado,2026-07-08
_matau2,meta_analysis,../_/_matau2.ado,ado,2026-07-08
metastrong,metastrong,metastrong.ado,ado,2026-07-08
metastrong_nonpar,metastrong,metastrong_nonpar.ado,ado,2026-07-08
matcfa,matodd,matcfa.ado,ado,2026-07-08
matcfm,matodd,matcfm.ado,ado,2026-07-08
matchk,matodd,matchk.ado,ado,2026-07-08
matcname,matodd,matcname.ado,ado,2026-07-08
matdelrc,matodd,matdelrc.ado,ado,2026-07-08
matewd,matodd,matewd.ado,ado,2026-07-08
matewm,matodd,matewm.ado,ado,2026-07-08
matewop,matodd,matewop.ado,ado,2026-07-08
matgop,matodd,matgop.ado,ado,2026-07-08
matmad,matodd,matmad.ado,ado,2026-07-08
matmps,matodd,matmps.ado,ado,2026-07-08
matpow,matodd,matpow.ado,ado,2026-07-08
mstdizem,matodd,mstdizem.ado,ado,2026-07-08
psbayesm,matodd,../p/psbayesm.ado,ado,2026-07-08
maxwell,maxwell,maxwell.ado,ado,2026-07-08
maxwelli,maxwell,maxwelli.ado,ado,2026-07-08
mimix,mimix,mimix.ado,ado,2026-07-08
marhis,marhis,marhis.ado,ado,2026-07-08
msdirb,msdirb,msdirb.ado,ado,2026-07-08
lmsdirb,msdirb,../l/lmsdirb.ado,ado,2026-07-08
mmsel,mmsel,mmsel.ado,ado,2026-07-08
adjtest,mmsel,../a/adjtest.ado,ado,2026-07-08
bilgen,mmsel,../b/bilgen.ado,ado,2026-07-08
buchinsky,mmsel,../b/buchinsky.ado,ado,2026-07-08
cext,mmsel,../c/cext.ado,ado,2026-07-08
cnsprobit,mmsel,../c/cnsprobit.ado,ado,2026-07-08
drawwage,mmsel,../d/drawwage.ado,ado,2026-07-08
gengap,mmsel,../g/gengap.ado,ado,2026-07-08
gengapp,mmsel,../g/gengapp.ado,ado,2026-07-08
mynormal1,mmsel,mynormal1.ado,ado,2026-07-08
qregb,mmsel,../q/qregb.ado,ado,2026-07-08
single,mmsel,../s/single.ado,ado,2026-07-08
single1,mmsel,../s/single1.ado,ado,2026-07-08
mysuite,mysuite,mysuite.ado,ado,2026-07-08
menger,menger,menger.ado,ado,2026-07-08
menger_estat,menger,menger_estat.ado,ado,2026-07-08
mca,mca,mca.ado,ado,2026-07-08
multif,multif,multif.ado,ado,2026-07-08
multishell,multishell,multishell.ado,ado,2026-07-08
matchit,matchit,matchit.ado,ado,2026-07-08
mht_cost_estimate,mhtopt,mht_cost_estimate.ado,ado,2026-07-08
mht_critical,mhtopt,mht_critical.ado,ado,2026-07-08
mht_est,mhtopt,mht_est.ado,ado,2026-07-08
mht_table,mhtopt,mht_table.ado,ado,2026-07-08
mht_test,mhtopt,mht_test.ado,ado,2026-07-08
markovsteadystate,markovsteadystate,markovsteadystate.ado,ado,2026-07-08
mtefe,mtefe,mtefe.ado,ado,2026-07-08
mtefeplot,mtefe,mtefeplot.ado,ado,2026-07-08
locpoly3,mtefe,../l/locpoly3.ado,ado,2026-07-08
mtefe_gendata,mtefe,mtefe_gendata.ado,ado,2026-07-08
mtefe_movestay_lf2,mtefe,mtefe_movestay_lf2.ado,ado,2026-07-08
mtefe_secondstage,mtefe,mtefe_secondstage.ado,ado,2026-07-08
matvsort,matvsort,matvsort.ado,ado,2026-07-08
matcsort,matvsort,matcsort.ado,ado,2026-07-08
matrsort,matvsort,matrsort.ado,ado,2026-07-08
matvsort6,matvsort,matvsort6.ado,ado,2026-07-08
matsusort,matvsort,matsusort.ado,ado,2026-07-08
multencode,multencode,multencode.ado,ado,2026-07-08
mvsampsi,mvsampsi,mvsampsi.ado,ado,2026-07-08
mbsens,mbsens,mbsens.ado,ado,2026-07-08
mibmi,mibmi,mibmi.ado,ado,2026-07-08
mipllest,miparallel,mipllest.ado,ado,2026-07-08
mirubin,miparallel,mirubin.ado,ado,2026-07-08
minap,minap,minap.ado,ado,2026-07-08
mest,mtab,mest.ado,ado,2026-07-08
mexcel,mtab,mexcel.ado,ado,2026-07-08
mmat,mtab,mmat.ado,ado,2026-07-08
mobs,mtab,mobs.ado,ado,2026-07-08
msum,mtab,msum.ado,ado,2026-07-08
mtab1,mtab,mtab1.ado,ado,2026-07-08
mtab2,mtab,mtab2.ado,ado,2026-07-08
mfcurve,mfcurve,mfcurve.ado,ado,2026-07-08
mivcausal,mivcausal,mivcausal.ado,ado,2026-07-08
mivbon,mivcausal,mivbon.ado,ado,2026-07-08
mivchecks,mivcausal,mivchecks.ado,ado,2026-07-08
mivcs,mivcausal,mivcs.ado,ado,2026-07-08
miviut,mivcausal,miviut.ado,ado,2026-07-08
mivmint,mivcausal,mivmint.ado,ado,2026-07-08
mivreg,mivcausal,mivreg.ado,ado,2026-07-08
mivrsw,mivcausal,mivrsw.ado,ado,2026-07-08
mivvars,mivcausal,mivvars.ado,ado,2026-07-08
mvsamp1i,mvsamp1i,mvsamp1i.ado,ado,2026-07-08
mmqreg,mmqreg,mmqreg.ado,ado,2026-07-08
mmqregplot,mmqreg,mmqregplot.ado,ado,2026-07-08
markstat,markstat,markstat.ado,ado,2026-07-08
mi_cmd_mvncat,mi_mvncat,mi_cmd_mvncat.ado,ado,2026-07-08
multipurt,multipurt,multipurt.ado,ado,2026-07-08
mswtable,mswtable,mswtable.ado,ado,2026-07-08
myweeks,myweeks,myweeks.ado,ado,2026-07-08
marimekko,marimekko,marimekko.ado,ado,2026-07-08
mgbe,mgbe,mgbe.ado,ado,2026-07-08
mgbe_ll,mgbe,mgbe_ll.ado,ado,2026-07-08
mgbe_cdf,mgbe,mgbe_cdf.ado,ado,2026-07-08
mkcorr,mkcorr,mkcorr.ado,ado,2026-07-08
mi_impute_cmd_from_init,mi_impute_from,mi_impute_cmd_from_init.ado,ado,2026-07-08
mi_impute_cmd_from_parse,mi_impute_from,mi_impute_cmd_from_parse.ado,ado,2026-07-08
mi_impute_cmd_from_return,mi_impute_from,mi_impute_cmd_from_return.ado,ado,2026-07-08
mi_impute_from_get,mi_impute_from,mi_impute_from_get.ado,ado,2026-07-08
mi_impute_cmd_from,mi_impute_from,mi_impute_cmd_from.ado,ado,2026-07-08
metatrim,metatrim,metatrim.ado,ado,2026-07-08
meta,metatrim,meta.ado,ado,2026-07-08
makeddi,makeddi,makeddi.ado,ado,2026-07-08
mvplot,mvplot,mvplot.ado,ado,2026-07-08
moreobs,moreobs,moreobs.ado,ado,2026-07-08
metafrag,metafrag,metafrag.ado,ado,2026-07-08
mrgtbl2,mrgtbl2,mrgtbl2.ado,ado,2026-07-08
malmq2,malmq2,malmq2.ado,ado,2026-07-08
_get_version,malmq2,../_/_get_version.ado,ado,2026-07-08
_compile_mata,malmq2,../_/_compile_mata.ado,ado,2026-07-08
mhtreg,mhtreg,mhtreg.ado,ado,2026-07-08
markovpredict,markovpredict,markovpredict.ado,ado,2026-07-08
mchs,mchs,mchs.ado,ado,2026-07-08
margin,margin,margin.ado,ado,2026-07-08
margin6,margin,margin6.ado,ado,2026-07-08
margin_e,margin,margin_e.ado,ado,2026-07-08
mkstrsn,mkstrsn,mkstrsn.ado,ado,2026-07-08
mkdashsn,mkstrsn,mkdashsn.ado,ado,2026-07-08
mhtexp,mhtexp,mhtexp.ado,ado,2026-07-08
mmqrtest,mmqrtest,mmqrtest.ado,ado,2026-07-08
mpr,mpr,mpr.ado,ado,2026-07-08
multisynth,multisynth,multisynth.ado,ado,2026-07-08
mauchly,mauchly,mauchly.ado,ado,2026-07-08
mehetprob,mehetprob,mehetprob.ado,ado,2026-07-08
makematrix,makematrix,makematrix.ado,ado,2026-07-08
mlad,mlad,mlad.ado,ado,2026-07-08
mlad_ll,mlad,mlad_ll.ado,ado,2026-07-08
mmregress,mm_regress,mmregress.ado,ado,2026-07-08
mcd,mm_regress,mcd.ado,ado,2026-07-08
mregress,mm_regress,mregress.ado,ado,2026-07-08
msregress,mm_regress,msregress.ado,ado,2026-07-08
sregress,mm_regress,../s/sregress.ado,ado,2026-07-08
mira,mira,mira.ado,ado,2026-07-08
metabias,metabias,metabias.ado,ado,2026-07-08
metabias6,metabias,metabias6.ado,ado,2026-07-08
mizrachl2,mizrachl2,mizrachl2.ado,ado,2026-07-08
anovaplot,modeldiag,../a/anovaplot.ado,ado,2026-07-08
anovaplot7,modeldiag,../a/anovaplot7.ado,ado,2026-07-08
indexplot,modeldiag,../i/indexplot.ado,ado,2026-07-08
indexplot7,modeldiag,../i/indexplot7.ado,ado,2026-07-08
ofrtplot,modeldiag,../o/ofrtplot.ado,ado,2026-07-08
ofrtplot7,modeldiag,../o/ofrtplot7.ado,ado,2026-07-08
ovfplot,modeldiag,../o/ovfplot.ado,ado,2026-07-08
ovfplot7,modeldiag,../o/ovfplot7.ado,ado,2026-07-08
qfrplot,modeldiag,../q/qfrplot.ado,ado,2026-07-08
qfrplot7,modeldiag,../q/qfrplot7.ado,ado,2026-07-08
racplot,modeldiag,../r/racplot.ado,ado,2026-07-08
rdplot,modeldiag,../r/rdplot.ado,ado,2026-07-08
rdplot7,modeldiag,../r/rdplot7.ado,ado,2026-07-08
regplot,modeldiag,../r/regplot.ado,ado,2026-07-08
regplot7,modeldiag,../r/regplot7.ado,ado,2026-07-08
rhetplot,modeldiag,../r/rhetplot.ado,ado,2026-07-08
rvfplot2,modeldiag,../r/rvfplot2.ado,ado,2026-07-08
rvfplot27,modeldiag,../r/rvfplot27.ado,ado,2026-07-08
rvlrplot,modeldiag,../r/rvlrplot.ado,ado,2026-07-08
rvlrplot7,modeldiag,../r/rvlrplot7.ado,ado,2026-07-08
rvpplot2,modeldiag,../r/rvpplot2.ado,ado,2026-07-08
rvpplot27,modeldiag,../r/rvpplot27.ado,ado,2026-07-08
mrsprep,mrsprep,mrsprep.ado,ado,2026-07-08
mrsprep_example,mrsprep,mrsprep_example.ado,ado,2026-07-08
movestay,movestay,movestay.ado,ado,2026-07-08
movestay_d2,movestay,movestay_d2.ado,ado,2026-07-08
movestay_p,movestay,movestay_p.ado,ado,2026-07-08
mstore,mstore,mstore.ado,ado,2026-07-08
muxplot,muxplot,muxplot.ado,ado,2026-07-08
mads,mads,mads.ado,ado,2026-07-08
metaparm,metaparm,metaparm.ado,ado,2026-07-08
parmcip,metaparm,../p/parmcip.ado,ado,2026-07-08
_gmarktop,matrixtools,../_/_gmarktop.ado,ado,2026-07-08
confmat,matrixtools,../c/confmat.ado,ado,2026-07-08
crossmat,matrixtools,../c/crossmat.ado,ado,2026-07-08
dummynizer,matrixtools,../d/dummynizer.ado,ado,2026-07-08
filaby,matrixtools,../f/filaby.ado,ado,2026-07-08
mat2xl,matrixtools,mat2xl.ado,ado,2026-07-08
matprint,matrixtools,matprint.ado,ado,2026-07-08
matrix2stata,matrixtools,matrix2stata.ado,ado,2026-07-08
matslct,matrixtools,matslct.ado,ado,2026-07-08
metadata,matrixtools,metadata.ado,ado,2026-07-08
onewai,matrixtools,../o/onewai.ado,ado,2026-07-08
regmat,matrixtools,../r/regmat.ado,ado,2026-07-08
stregmat,matrixtools,../s/stregmat.ado,ado,2026-07-08
strofnum,matrixtools,../s/strofnum.ado,ado,2026-07-08
strtonum,matrixtools,../s/strtonum.ado,ado,2026-07-08
subselect,matrixtools,../s/subselect.ado,ado,2026-07-08
sumat,matrixtools,../s/sumat.ado,ado,2026-07-08
which_edit,matrixtools,../w/which_edit.ado,ado,2026-07-08
matamatrix,matamatrix,matamatrix.ado,ado,2026-07-08
manybars,manybars,manybars.ado,ado,2026-07-08
markovci,markovci,markovci.ado,ado,2026-07-08
randmarkovseq,markovci,../r/randmarkovseq.ado,ado,2026-07-08
maki,maki,maki.ado,ado,2026-07-08
funnel,metaaggr,../f/funnel.ado,ado,2026-07-08
labbe,metaaggr,../l/labbe.ado,ado,2026-07-08
metan,metaaggr,metan.ado,ado,2026-07-08
metannt,metaaggr,metannt.ado,ado,2026-07-08
matpwcorr,matpwcorr,matpwcorr.ado,ado,2026-07-08
multivrs,multivrs,multivrs.ado,ado,2026-07-08
multivrs_calc_summary_stats,multivrs,multivrs_calc_summary_stats.ado,ado,2026-07-08
multivrs_dependencies,multivrs,multivrs_dependencies.ado,ado,2026-07-08
multivrs_display_results,multivrs,multivrs_display_results.ado,ado,2026-07-08
multivrs_estimate,multivrs,multivrs_estimate.ado,ado,2026-07-08
multivrs_marginsplot,multivrs,multivrs_marginsplot.ado,ado,2026-07-08
multivrs_parse_est_options,multivrs,multivrs_parse_est_options.ado,ado,2026-07-08
multivrs_parse_models,multivrs,multivrs_parse_models.ado,ado,2026-07-08
multivrs_parse_multivrs_options,multivrs,multivrs_parse_multivrs_options.ado,ado,2026-07-08
multivrs_parse_varlist,multivrs,multivrs_parse_varlist.ado,ado,2026-07-08
multivrs_plot,multivrs,multivrs_plot.ado,ado,2026-07-08
mkprofile,mkprofile,mkprofile.ado,ado,2026-07-08
confirmdir,mkprofile,../c/confirmdir.ado,ado,2026-07-08
matnames,matnames,matnames.ado,ado,2026-07-08
mergemany,mergemany,mergemany.ado,ado,2026-07-08
maxdrawdown,maxdrawdown,maxdrawdown.ado,ado,2026-07-08
multisite_varitt,multisite_varitt,multisite_varitt.ado,ado,2026-07-08
motivatedolly,motivatedolly,motivatedolly.ado,ado,2026-07-08
mlogitroc,mlogitroc,mlogitroc.ado,ado,2026-07-08
mstat,m_stats,mstat.ado,ado,2026-07-08
mtest,m_stats,mtest.ado,ado,2026-07-08
dbins,m_stats,../d/dbins.ado,ado,2026-07-08
difF_iter,m_stats,../d/difF_iter.ado,ado,2026-07-08
_diff,m_stats,../_/_diff.ado,ado,2026-07-08
eucldist,m_stats,../e/eucldist.ado,ado,2026-07-08
Fhat,m_stats,../f/Fhat.ado,ado,2026-07-08
Mst_iter,m_stats,Mst_iter.ado,ado,2026-07-08
Smat,m_stats,../s/Smat.ado,ado,2026-07-08
meloreg2,meloreg2,meloreg2.ado,ado,2026-07-08
mcib,mcib,mcib.ado,ado,2026-07-08
postsim,more_clarify,../p/postsim.ado,ado,2026-07-08
simqoi,more_clarify,../s/simqoi.ado,ado,2026-07-08
sumqoi,more_clarify,../s/sumqoi.ado,ado,2026-07-08
mmeiv,mmeiv,mmeiv.ado,ado,2026-07-08
mtpi,mtpi,mtpi.ado,ado,2026-07-08
madfuller,madfuller,madfuller.ado,ado,2026-07-08
mdesc,mdesc,mdesc.ado,ado,2026-07-08
mixlelast,mixlelast,mixlelast.ado,ado,2026-07-08
mdensity,mdensity,mdensity.ado,ado,2026-07-08
mixlogit,mixlogit,mixlogit.ado,ado,2026-07-08
mixlog_d1,mixlogit,mixlog_d1.ado,ado,2026-07-08
mixlpred,mixlogit,mixlpred.ado,ado,2026-07-08
mixlcov,mixlogit,mixlcov.ado,ado,2026-07-08
mixlbeta,mixlogit,mixlbeta.ado,ado,2026-07-08
meaning,meaning,meaning.ado,ado,2026-07-08
mypkg,mypkg,mypkg.ado,ado,2026-07-08
mvnormalden,mvtnorm,mvnormalden.ado,ado,2026-07-08
invmvnormal,mvtnorm,../i/invmvnormal.ado,ado,2026-07-08
invmvt,mvtnorm,../i/invmvt.ado,ado,2026-07-08
invtmvnormal,mvtnorm,../i/invtmvnormal.ado,ado,2026-07-08
invtmvt,mvtnorm,../i/invtmvt.ado,ado,2026-07-08
mvt,mvtnorm,mvt.ado,ado,2026-07-08
mvtden,mvtnorm,mvtden.ado,ado,2026-07-08
pmvnormal,mvtnorm,../p/pmvnormal.ado,ado,2026-07-08
rmvnormal,mvtnorm,../r/rmvnormal.ado,ado,2026-07-08
rmvt,mvtnorm,../r/rmvt.ado,ado,2026-07-08
rtmvnormal,mvtnorm,../r/rtmvnormal.ado,ado,2026-07-08
rtmvt,mvtnorm,../r/rtmvt.ado,ado,2026-07-08
tmvnormal,mvtnorm,../t/tmvnormal.ado,ado,2026-07-08
tmvnormalden,mvtnorm,../t/tmvnormalden.ado,ado,2026-07-08
tmvt,mvtnorm,../t/tmvt.ado,ado,2026-07-08
tmvtden,mvtnorm,../t/tmvtden.ado,ado,2026-07-08
multidot,multidot,multidot.ado,ado,2026-07-08
mvtobit,mvtobit,mvtobit.ado,ado,2026-07-08
mvtobit_ll,mvtobit,mvtobit_ll.ado,ado,2026-07-08
mvtobit_2ll,mvtobit,mvtobit_2ll.ado,ado,2026-07-08
mimrgns,mimrgns,mimrgns.ado,ado,2026-07-08
mimrgns_estimate,mimrgns,mimrgns_estimate.ado,ado,2026-07-08
mkproject,mkproject,mkproject.ado,ado,2026-07-08
boilerplate,mkproject,../b/boilerplate.ado,ado,2026-07-08
mkproject_work,mkproject,mkproject_work.ado,ado,2026-07-08
mergeall,mergeall,mergeall.ado,ado,2026-07-08
mulogit,mulogit,mulogit.ado,ado,2026-07-08
mlmcenter,mlmoderator,mlmcenter.ado,ado,2026-07-08
mlmjn,mlmoderator,mlmjn.ado,ado,2026-07-08
mlmplot,mlmoderator,mlmplot.ado,ado,2026-07-08
mlmprobe,mlmoderator,mlmprobe.ado,ado,2026-07-08
mlmsens,mlmoderator,mlmsens.ado,ado,2026-07-08
mlmsummary,mlmoderator,mlmsummary.ado,ado,2026-07-08
mlmvdecomp,mlmoderator,mlmvdecomp.ado,ado,2026-07-08
moss,moss,moss.ado,ado,2026-07-08
mean2,mean2,mean2.ado,ado,2026-07-08
mces,mces,mces.ado,ado,2026-07-08
svysd,mces,../s/svysd.ado,ado,2026-07-08
moransi,moransi,moransi.ado,ado,2026-07-08
marker,marker,marker.ado,ado,2026-07-08
missing,missing,missing.ado,ado,2026-07-08
mfelogit,mfelogit,mfelogit.ado,ado,2026-07-08
mvtest,mvtest,mvtest.ado,ado,2026-07-08
mylabels,mylabels,mylabels.ado,ado,2026-07-08
myticks,mylabels,myticks.ado,ado,2026-07-08
mydays,mylabels,mydays.ado,ado,2026-07-08
mvfiles,mvfiles,mvfiles.ado,ado,2026-07-08
_mi_ESTIMATE,mitools,../_/_mi_ESTIMATE.ado,ado,2026-07-08
_mi_RUBIN,mitools,../_/_mi_RUBIN.ado,ado,2026-07-08
_mi_unique,mitools,../_/_mi_unique.ado,ado,2026-07-08
_mici_bin,mitools,../_/_mici_bin.ado,ado,2026-07-08
_parmest,mitools,../_/_parmest.ado,ado,2026-07-08
miappend,mitools,miappend.ado,ado,2026-07-08
mici,mitools,mici.ado,ado,2026-07-08
mido,mitools,mido.ado,ado,2026-07-08
mifit,mitools,mifit.ado,ado,2026-07-08
milincom,mitools,milincom.ado,ado,2026-07-08
mimerge,mitools,mimerge.ado,ado,2026-07-08
mireset,mitools,mireset.ado,ado,2026-07-08
misave,mitools,misave.ado,ado,2026-07-08
miset,mitools,miset.ado,ado,2026-07-08
mitestparm,mitools,mitestparm.ado,ado,2026-07-08
metaxl,metaxl,metaxl.ado,ado,2026-07-08
metaxl_apply,metaxl,metaxl_apply.ado,ado,2026-07-08
metaxl_check,metaxl,metaxl_check.ado,ado,2026-07-08
metaxl_clear,metaxl,metaxl_clear.ado,ado,2026-07-08
metaxl_cmp,metaxl,metaxl_cmp.ado,ado,2026-07-08
metaxl_combine,metaxl,metaxl_combine.ado,ado,2026-07-08
metaxl_diff,metaxl,metaxl_diff.ado,ado,2026-07-08
metaxl_extract,metaxl,metaxl_extract.ado,ado,2026-07-08
metaxl_morph,metaxl,metaxl_morph.ado,ado,2026-07-08
metaxl_setdefaultfmt,metaxl,metaxl_setdefaultfmt.ado,ado,2026-07-08
metaxl_stats,metaxl,metaxl_stats.ado,ado,2026-07-08
metaxl_truncate,metaxl,metaxl_truncate.ado,ado,2026-07-08
metaxl_uniform,metaxl,metaxl_uniform.ado,ado,2026-07-08
bpencode,metaxl,../b/bpencode.ado,ado,2026-07-08
bp_get_type,metaxl,../b/bp_get_type.ado,ado,2026-07-08
metaan,metaan,metaan.ado,ado,2026-07-08
metaan_reml,metaan,metaan_reml.ado,ado,2026-07-08
mtemore,mtemore,mtemore.ado,ado,2026-07-08
mvdcmp,mvdcmp,mvdcmp.ado,ado,2026-07-08
mvdcmpgroup,mvdcmp,mvdcmpgroup.ado,ado,2026-07-08
mktab,mktab,mktab.ado,ado,2026-07-08
mlogpred,mlogpred,mlogpred.ado,ado,2026-07-08
madot,madot,madot.ado,ado,2026-07-08
markovtheotrans,markovtheotrans,markovtheotrans.ado,ado,2026-07-08
mat2txt,mat2txt,mat2txt.ado,ado,2026-07-08
mlm_gof,mlm_gof,mlm_gof.ado,ado,2026-07-08
miinc,miinc,miinc.ado,ado,2026-07-08
mfx2,mfx2,mfx2.ado,ado,2026-07-08
mfpigen,mfpigen,mfpigen.ado,ado,2026-07-08
xfrac_154,mfpigen,../x/xfrac_154.ado,ado,2026-07-08
xfrac_adj,mfpigen,../x/xfrac_adj.ado,ado,2026-07-08
xfrac_chk,mfpigen,../x/xfrac_chk.ado,ado,2026-07-08
xfrac_dis,mfpigen,../x/xfrac_dis.ado,ado,2026-07-08
xfracplot,mfpigen,../x/xfracplot.ado,ado,2026-07-08
xfracpoly,mfpigen,../x/xfracpoly.ado,ado,2026-07-08
xfracpred,mfpigen,../x/xfracpred.ado,ado,2026-07-08
xmfp,mfpigen,../x/xmfp.ado,ado,2026-07-08
xpredict,mfpigen,../x/xpredict.ado,ado,2026-07-08
mgen,mgen,mgen.ado,ado,2026-07-08
meresc,meresc,meresc.ado,ado,2026-07-08
mvfilter,mvfilter,mvfilter.ado,ado,2026-07-08
manyweakivtest,manyweakiv,manyweakivtest.ado,ado,2026-07-08
manyweakivpretest,manyweakiv,manyweakivpretest.ado,ado,2026-07-08
mcenter,mcenter,mcenter.ado,ado,2026-07-08
medsurv,medsurv,medsurv.ado,ado,2026-07-08
myedit,myedit,myedit.ado,ado,2026-07-08
myreg2,myreg2,myreg2.ado,ado,2026-07-08
mi_twoway,mi_twoway,mi_twoway.ado,ado,2026-07-08
metaplot,metaplot,metaplot.ado,ado,2026-07-08
metapred,metapred,metapred.ado,ado,2026-07-08
mergepoly,mergepoly,mergepoly.ado,ado,2026-07-08
matmap,matmap,matmap.ado,ado,2026-07-08
mstdize,mstdize,mstdize.ado,ado,2026-07-08
mstdize6,mstdize,mstdize6.ado,ado,2026-07-08
metamiss,metamiss,metamiss.ado,ado,2026-07-08
mseffect,mseffect,mseffect.ado,ado,2026-07-08
mvmeta,mvmeta,mvmeta.ado,ado,2026-07-08
mvmeta_bscov_correlation,mvmeta,mvmeta_bscov_correlation.ado,ado,2026-07-08
mvmeta_bscov_equals,mvmeta,mvmeta_bscov_equals.ado,ado,2026-07-08
mvmeta_bscov_exchangeable,mvmeta,mvmeta_bscov_exchangeable.ado,ado,2026-07-08
mvmeta_bscov_proportional,mvmeta,mvmeta_bscov_proportional.ado,ado,2026-07-08
mvmeta_bscov_unstructured,mvmeta,mvmeta_bscov_unstructured.ado,ado,2026-07-08
mvmeta_mufromsigma,mvmeta,mvmeta_mufromsigma.ado,ado,2026-07-08
mvmeta_lmata,mvmeta,mvmeta_lmata.ado,ado,2026-07-08
mvmeta_make,mvmeta,mvmeta_make.ado,ado,2026-07-08
mvmeta_mufromsigma,mvmeta,mvmeta_mufromsigma.ado,ado,2026-07-08
margeff,margeff,margeff.ado,ado,2026-07-08
margeff8,margeff,margeff8.ado,ado,2026-07-08
freq_total,multistate,../f/freq_total.ado,ado,2026-07-08
graphms,multistate,../g/graphms.ado,ado,2026-07-08
msaj,multistate,msaj.ado,ado,2026-07-08
msboxes_examples,multistate,msboxes_examples.ado,ado,2026-07-08
msboxes,multistate,msboxes.ado,ado,2026-07-08
msset,multistate,msset.ado,ado,2026-07-08
predictms,multistate,../p/predictms.ado,ado,2026-07-08
matrixof,matrixof,matrixof.ado,ado,2026-07-08
vectorof,matrixof,../v/vectorof.ado,ado,2026-07-08
markovfutureprob,markovfutureprob,markovfutureprob.ado,ado,2026-07-08
markovfutureprob_ind,markovfutureprob,markovfutureprob_ind.ado,ado,2026-07-08
markovfutureprob_all,markovfutureprob,markovfutureprob_all.ado,ado,2026-07-08
maptile,maptile,maptile.ado,ado,2026-07-08
maptile_geohelp,maptile,maptile_geohelp.ado,ado,2026-07-08
maptile_geolist,maptile,maptile_geolist.ado,ado,2026-07-08
maptile_install,maptile,maptile_install.ado,ado,2026-07-08
medage,medage,medage.ado,ado,2026-07-08
mixedpower,mixedpower,mixedpower.ado,ado,2026-07-08
mvmixedpower,mixedpower,mvmixedpower.ado,ado,2026-07-08
dmmixedpower,mixedpower,../d/dmmixedpower.ado,ado,2026-07-08
mcmccqreg,mcmccqreg,mcmccqreg.ado,ado,2026-07-08
metagen,metagen,metagen.ado,ado,2026-07-08
multisite_reglate,multisite_reglate,multisite_reglate.ado,ado,2026-07-08
mlboolean,mlboolean,mlboolean.ado,ado,2026-07-08
mlboolfirst,mlboolean,mlboolfirst.ado,ado,2026-07-08
mlboollog,mlboolean,mlboollog.ado,ado,2026-07-08
mlboolpred,mlboolean,mlboolpred.ado,ado,2026-07-08
mlboolprep,mlboolean,mlboolprep.ado,ado,2026-07-08
mlboolprob,mlboolean,mlboolprob.ado,ado,2026-07-08
mfilegr,mfilegr,mfilegr.ado,ado,2026-07-08
mim,mim,mim.ado,ado,2026-07-08
mimstack,mim,mimstack.ado,ado,2026-07-08
mimstepwise,mim,mimstepwise.ado,ado,2026-07-08
byvar,mim,../b/byvar.ado,ado,2026-07-08
mscatter,mscatter,mscatter.ado,ado,2026-07-08
mapsm,mapsm,mapsm.ado,ado,2026-07-08
metapreg,metapreg,metapreg.ado,ado,2026-07-08
metapreg_examples,metapreg,metapreg_examples.ado,ado,2026-07-08
metamiss2,metamiss2,metamiss2.ado,ado,2026-07-08
metamiss2_corr_example,metamiss2,metamiss2_corr_example.ado,ado,2026-07-08
mtreatreg,mtreatreg,mtreatreg.ado,ado,2026-07-08
gammareg_lf,mtreatreg,../g/gammareg_lf.ado,ado,2026-07-08
mtreatreg_gamma_lf,mtreatreg,mtreatreg_gamma_lf.ado,ado,2026-07-08
mtreatreg_gamma_p,mtreatreg,mtreatreg_gamma_p.ado,ado,2026-07-08
mtreatreg_logit_lf,mtreatreg,mtreatreg_logit_lf.ado,ado,2026-07-08
mtreatreg_logit_p,mtreatreg,mtreatreg_logit_p.ado,ado,2026-07-08
mtreatreg_mmlogit_lf,mtreatreg,mtreatreg_mmlogit_lf.ado,ado,2026-07-08
mtreatreg_negbin1_lf,mtreatreg,mtreatreg_negbin1_lf.ado,ado,2026-07-08
mtreatreg_negbin1_p,mtreatreg,mtreatreg_negbin1_p.ado,ado,2026-07-08
mtreatreg_negbin2_lf,mtreatreg,mtreatreg_negbin2_lf.ado,ado,2026-07-08
mtreatreg_negbin2_p,mtreatreg,mtreatreg_negbin2_p.ado,ado,2026-07-08
mtreatreg_normal_lf,mtreatreg,mtreatreg_normal_lf.ado,ado,2026-07-08
mtreatreg_normal_p,mtreatreg,mtreatreg_normal_p.ado,ado,2026-07-08
normalreg_lf,mtreatreg,../n/normalreg_lf.ado,ado,2026-07-08
multisite,multisite,multisite.ado,ado,2026-07-08
metatef,metatef,metatef.ado,ado,2026-07-08
ml_benchmark,metalong,ml_benchmark.ado,ado,2026-07-08
ml_fragility,metalong,ml_fragility.ado,ado,2026-07-08
ml_meta,metalong,ml_meta.ado,ado,2026-07-08
metalong_plot,metalong,metalong_plot.ado,ado,2026-07-08
ml_sens,metalong,ml_sens.ado,ado,2026-07-08
ml_spline,metalong,ml_spline.ado,ado,2026-07-08
sim_longmeta,metalong,../s/sim_longmeta.ado,ado,2026-07-08
myinterval,myinterval,myinterval.ado,ado,2026-07-08
mode,mode,mode.ado,ado,2026-07-08
medoid,medoid,medoid.ado,ado,2026-07-08
mnthplot,mnthplot,mnthplot.ado,ado,2026-07-08
mvsumm,mvsumm,mvsumm.ado,ado,2026-07-08
mvsumm7,mvsumm,mvsumm7.ado,ado,2026-07-08
mc,mc,mc.ado,ado,2026-07-08
mqgamma,mqgamma,mqgamma.ado,ado,2026-07-08
mqgamma_p,mqgamma,mqgamma_p.ado,ado,2026-07-08
gmm_mqg,mqgamma,../g/gmm_mqg.ado,ado,2026-07-08
mhl,mhl,mhl.ado,ado,2026-07-08
mtebinary,mtebinary,mtebinary.ado,ado,2026-07-08
maketex,maketex,maketex.ado,ado,2026-07-08
momentsets,momentsets,momentsets.ado,ado,2026-07-08
makehlp,makehlp,makehlp.ado,ado,2026-07-08
metafunnel,metafunnel,metafunnel.ado,ado,2026-07-08
msp,msp,msp.ado,ado,2026-07-08
loevh,msp,../l/loevh.ado,ado,2026-07-08
metadta,metadta,metadta.ado,ado,2026-07-08
metadta_examples,metadta,metadta_examples.ado,ado,2026-07-08
marktouse,marktouse,marktouse.ado,ado,2026-07-08
svymarktouse,marktouse,../s/svymarktouse.ado,ado,2026-07-08
meta_lr,meta_lr,meta_lr.ado,ado,2026-07-08
mail,mail,mail.ado,ado,2026-07-08
mvprobit,mvprobit,mvprobit.ado,ado,2026-07-08
mvprob_ll,mvprobit,mvprob_ll.ado,ado,2026-07-08
mvppred,mvprobit,mvppred.ado,ado,2026-07-08
modplot,modplot,modplot.ado,ado,2026-07-08
multibar,multibar,multibar.ado,ado,2026-07-08
moranplot,moranplot,moranplot.ado,ado,2026-07-08
matload,matsave,matload.ado,ado,2026-07-08
matsave,matsave,matsave.ado,ado,2026-07-08
mixmcm,mixmcm,mixmcm.ado,ado,2026-07-08
margintegrate,margintegrate,margintegrate.ado,ado,2026-07-08
matstat,matstat,matstat.ado,ado,2026-07-08
mlowess,mlowess,mlowess.ado,ado,2026-07-08
mdepriv,mdepriv,mdepriv.ado,ado,2026-07-08
mpi,mpi,mpi.ado,ado,2026-07-08
mkbilogn,mkbilogn,mkbilogn.ado,ado,2026-07-08
msdeco,msdeco,msdeco.ado,ado,2026-07-08
metareg,metareg,metareg.ado,ado,2026-07-08
metareg_ll,metareg,metareg_ll.ado,ado,2026-07-08
metareg_p,metareg,metareg_p.ado,ado,2026-07-08
metareg_pm,metareg,metareg_pm.ado,ado,2026-07-08
metaeff,metaeff,metaeff.ado,ado,2026-07-08
meoprobit,meoprobit,meoprobit.ado,ado,2026-07-08
mrdum,mrdum,mrdum.ado,ado,2026-07-08
modlpr,modlpr,modlpr.ado,ado,2026-07-08
mrobust,mrobust,mrobust.ado,ado,2026-07-08
myaxis,myaxis,myaxis.ado,ado,2026-07-08
mss,mss,mss.ado,ado,2026-07-08
multispline,multispline,multispline.ado,ado,2026-07-08
multispline_plot,multispline,multispline_plot.ado,ado,2026-07-08
multiline,multiline,multiline.ado,ado,2026-07-08
mipolate,mipolate,mipolate.ado,ado,2026-07-08
stripolate,mipolate,../s/stripolate.ado,ado,2026-07-08
metan,metan,metan.ado,ado,2026-07-08
metan_analysis,metan,metan_analysis.ado,ado,2026-07-08
metan_output,metan,metan_output.ado,ado,2026-07-08
metan_pooling,metan,metan_pooling.ado,ado,2026-07-08
metan_hlp_run,metan,metan_hlp_run.ado,ado,2026-07-08
forestplot,metan,../f/forestplot.ado,ado,2026-07-08
labbe,metan,../l/labbe.ado,ado,2026-07-08
metan7,metan,metan7.ado,ado,2026-07-08
metan9,metan,metan9.ado,ado,2026-07-08
metani,metan,metani.ado,ado,2026-07-08
metannt,metan,metannt.ado,ado,2026-07-08
metan_examples,metan,metan_examples.ado,ado,2026-07-08
mark_changes,mark_changes,mark_changes.ado,ado,2026-07-08
metaninf,metaninf,metaninf.ado,ado,2026-07-08
mhplot,metaninf,mhplot.ado,ado,2026-07-08
mif2dta,mif2dta,mif2dta.ado,ado,2026-07-08
macrof,macrof,macrof.ado,ado,2026-07-08
metaprop_one,metaprop_one,metaprop_one.ado,ado,2026-07-08
metaprop_one_examples,metaprop_one,metaprop_one_examples.ado,ado,2026-07-08
metapow,metapow,metapow.ado,ado,2026-07-08
metapow_eg1,metapow,metapow_eg1.ado,ado,2026-07-08
metapow_ploteg1,metapow,metapow_ploteg1.ado,ado,2026-07-08
metapowplot,metapow,metapowplot.ado,ado,2026-07-08
metasim,metapow,metasim.ado,ado,2026-07-08
markovfirstorder,markovfirstorder,markovfirstorder.ado,ado,2026-07-08
matchi2,markovfirstorder,matchi2.ado,ado,2026-07-08
multicoint_cv,multicoint,multicoint_cv.ado,ado,2026-07-08
multicoint_graph,multicoint,multicoint_graph.ado,ado,2026-07-08
multicoint_sim,multicoint,multicoint_sim.ado,ado,2026-07-08
multicoint,multicoint,multicoint.ado,ado,2026-07-08
_mc_est_imols,multicoint,../_/_mc_est_imols.ado,ado,2026-07-08
_mc_est_ols,multicoint,../_/_mc_est_ols.ado,ado,2026-07-08
_mc_est_taols,multicoint,../_/_mc_est_taols.ado,ado,2026-07-08
_mc_mata,multicoint,../_/_mc_mata.ado,ado,2026-07-08
_mc_pick_adf_lag,multicoint,../_/_mc_pick_adf_lag.ado,ado,2026-07-08
_mc_resid_from_b,multicoint,../_/_mc_resid_from_b.ado,ado,2026-07-08
_mc_test_egh,multicoint,../_/_mc_test_egh.ado,ado,2026-07-08
_mc_test_gl,multicoint,../_/_mc_test_gl.ado,ado,2026-07-08
_mc_test_taols,multicoint,../_/_mc_test_taols.ado,ado,2026-07-08
map,map,map.ado,ado,2026-07-08
mkest,mkest,mkest.ado,ado,2026-07-08
mcqscore,mcqscore,mcqscore.ado,ado,2026-07-08
mcq_lik,mcqscore,mcq_lik.ado,ado,2026-07-08
mcq2long,mcqscore,mcq2long.ado,ado,2026-07-08
muxyplot,muxyplot,muxyplot.ado,ado,2026-07-08
mol,mol,mol.ado,ado,2026-07-08
mimpt,mimpt,mimpt.ado,ado,2026-07-08
mlr2sls,mlr2sls,mlr2sls.ado,ado,2026-07-08
manski_ci,manski_ci,manski_ci.ado,ado,2026-07-08
mvsktest,mvsktest,mvsktest.ado,ado,2026-07-08
medcouple,medcouple,medcouple.ado,ado,2026-07-08
markovmeanrecurrence,markovmeanrecurrence,markovmeanrecurrence.ado,ado,2026-07-08
mict_impute,mict,mict_impute.ado,ado,2026-07-08
mict_model_gap,mict,mict_model_gap.ado,ado,2026-07-08
mict_model_initial,mict,mict_model_initial.ado,ado,2026-07-08
mict_model_terminal,mict,mict_model_terminal.ado,ado,2026-07-08
mict_prep,mict,mict_prep.ado,ado,2026-07-08
mcmcreg,mcmclinear,mcmcreg.ado,ado,2026-07-08
mcmcmixed,mcmclinear,mcmcmixed.ado,ado,2026-07-08
markobs,markobs,markobs.ado,ado,2026-07-08
mixmixlogit,mixmixlogit,mixmixlogit.ado,ado,2026-07-08
mixmixlogit_d1,mixmixlogit,mixmixlogit_d1.ado,ado,2026-07-08
msplot,msplot,msplot.ado,ado,2026-07-08
mod11,mod11,mod11.ado,ado,2026-07-08
mod11i,mod11,mod11i.ado,ado,2026-07-08
multisite_regitt,multisite_regitt,multisite_regitt.ado,ado,2026-07-08
motivate,motivate,motivate.ado,ado,2026-07-08
mmat2tex,mmat2tex,mmat2tex.ado,ado,2026-07-08
matdrop,matdrop,matdrop.ado,ado,2026-07-08
matwrite,matwrite,matwrite.ado,ado,2026-07-08
margprev,margprev,margprev.ado,ado,2026-07-08
margprev_p,margprev,margprev_p.ado,ado,2026-07-08
moments,moments,moments.ado,ado,2026-07-08
matin4,matin4-matout4,matin4.ado,ado,2026-07-08
matout4,matin4-matout4,matout4.ado,ado,2026-07-08
melt,melt,melt.ado,ado,2026-07-08
mixi01,mixi01,mixi01.ado,ado,2026-07-08
mixi01_acl,mixi01,mixi01_acl.ado,ado,2026-07-08
mixi01_fmiv,mixi01,mixi01_fmiv.ado,ado,2026-07-08
mixi01_fmols,mixi01,mixi01_fmols.ado,ado,2026-07-08
mixi01_fmvar,mixi01,mixi01_fmvar.ado,ado,2026-07-08
mixi01_graph,mixi01,mixi01_graph.ado,ado,2026-07-08
mixi01_irf,mixi01,mixi01_irf.ado,ado,2026-07-08
mixi01_lrcov,mixi01,mixi01_lrcov.ado,ado,2026-07-08
mixi01_svar,mixi01,mixi01_svar.ado,ado,2026-07-08
mixi01_table,mixi01,mixi01_table.ado,ado,2026-07-08
mixi01_test,mixi01,mixi01_test.ado,ado,2026-07-08
mixi01_vecm,mixi01,mixi01_vecm.ado,ado,2026-07-08
_mixi01_mata,mixi01,../_/_mixi01_mata.ado,ado,2026-07-08
mclest,mcl,mclest.ado,ado,2026-07-08
mclgen,mcl,mclgen.ado,ado,2026-07-08
mlt2stage,mlt,mlt2stage.ado,ado,2026-07-08
mltcooksd,mlt,mltcooksd.ado,ado,2026-07-08
mltl2scatter,mlt,mltl2scatter.ado,ado,2026-07-08
mltrsq,mlt,mltrsq.ado,ado,2026-07-08
mltshowm,mlt,mltshowm.ado,ado,2026-07-08
mkdensity,mkdensity,mkdensity.ado,ado,2026-07-08
metaprop,metaprop,metaprop.ado,ado,2026-07-08
metaprop_Examples,metaprop,metaprop_Examples.ado,ado,2026-07-08
median,median,median.ado,ado,2026-07-08
mmodes,mmodes,mmodes.ado,ado,2026-07-08
mcmcconverge,mcmcstats,mcmcconverge.ado,ado,2026-07-08
mcmcsummarize,mcmcstats,mcmcsummarize.ado,ado,2026-07-08
multisite_varlate,multisite_varlate,multisite_varlate.ado,ado,2026-07-08
magreg,magreg,magreg.ado,ado,2026-07-08
magreg_est,magreg,magreg_est.ado,ado,2026-07-08
myrank,myrank,myrank.ado,ado,2026-07-08
midas,midas,midas.ado,ado,2026-07-08
midas_assess,midas,midas_assess.ado,ado,2026-07-08
midas_bayesplot,midas,midas_bayesplot.ado,ado,2026-07-08
midas_bclust2bin,midas,midas_bclust2bin.ado,ado,2026-07-08
midas_binsse,midas,midas_binsse.ado,ado,2026-07-08
midas_bivbox,midas,midas_bivbox.ado,ado,2026-07-08
midas_bvsroc,midas,midas_bvsroc.ado,ado,2026-07-08
midas_chiplot,midas,midas_chiplot.ado,ado,2026-07-08
midas_cii,midas,midas_cii.ado,ado,2026-07-08
midas_con2bin,midas,midas_con2bin.ado,ado,2026-07-08
midas_condiplot,midas,midas_condiplot.ado,ado,2026-07-08
midas_eforest,midas,midas_eforest.ado,ado,2026-07-08
midas_fagan,midas,midas_fagan.ado,ado,2026-07-08
midas_het,midas,midas_het.ado,ado,2026-07-08
midas_hmc,midas,midas_hmc.ado,ado,2026-07-08
midas_hsruc,midas,midas_hsruc.ado,ado,2026-07-08
midas_inla,midas,midas_inla.ado,ado,2026-07-08
midas_ipd2ad,midas,midas_ipd2ad.ado,ado,2026-07-08
midas_kendall,midas,midas_kendall.ado,ado,2026-07-08
midas_lrmat,midas,midas_lrmat.ado,ado,2026-07-08
midas_metareg,midas,midas_metareg.ado,ado,2026-07-08
midas_mh,midas,midas_mh.ado,ado,2026-07-08
midas_mle,midas,midas_mle.ado,ado,2026-07-08
midas_ord2bin,midas,midas_ord2bin.ado,ado,2026-07-08
midas_pubbias,midas,midas_pubbias.ado,ado,2026-07-08
midas_qrsim,midas,midas_qrsim.ado,ado,2026-07-08
midas_quadas,midas,midas_quadas.ado,ado,2026-07-08
midas_quadas2,midas,midas_quadas2.ado,ado,2026-07-08
midas_rgsroc,midas,midas_rgsroc.ado,ado,2026-07-08
midas_sforest,midas,midas_sforest.ado,ado,2026-07-08
midas_simdata,midas,midas_simdata.ado,ado,2026-07-08
midas_subgroup,midas,midas_subgroup.ado,ado,2026-07-08
mint,mint,mint.ado,ado,2026-07-08
metadata,metadata,metadata.ado,ado,2026-07-08
mivif,mivif,mivif.ado,ado,2026-07-08
mycolours,mycolours,mycolours.ado,ado,2026-07-08
mycolors,mycolours,mycolors.ado,ado,2026-07-08
missingplot,missingplot,missingplot.ado,ado,2026-07-08
misum,misum,misum.ado,ado,2026-07-08
moments2,moments2,moments2.ado,ado,2026-07-08
multiauc,multiauc,multiauc.ado,ado,2026-07-08
mmsrm,mmsrm,mmsrm.ado,ado,2026-07-08
metagraph,metagraph,metagraph.ado,ado,2026-07-08
mydatelabels,mydatelabels,mydatelabels.ado,ado,2026-07-08
mmerge,mmerge,mmerge.ado,ado,2026-07-08
mrtab,mrtab,mrtab.ado,ado,2026-07-08
mrgraph,mrtab,mrgraph.ado,ado,2026-07-08
_mrsvmat,mrtab,../_/_mrsvmat.ado,ado,2026-07-08
_mvis,mice,../_/_mvis.ado,ado,2026-07-08
cmdchk,mice,../c/cmdchk.ado,ado,2026-07-08
micombine,mice,micombine.ado,ado,2026-07-08
mijoin,mice,mijoin.ado,ado,2026-07-08
misplit,mice,misplit.ado,ado,2026-07-08
mvis,mice,mvis.ado,ado,2026-07-08
uvis,mice,../u/uvis.ado,ado,2026-07-08
matsort,matsort,matsort.ado,ado,2026-07-08
minmse,minmse,minmse.ado,ado,2026-07-08
mmws,mmws,mmws.ado,ado,2026-07-08
mscologit,mscologit,mscologit.ado,ado,2026-07-08
mscolog_ll,mscologit,mscolog_ll.ado,ado,2026-07-08
mountainplot,mountainplot,mountainplot.ado,ado,2026-07-08
majority,majority,majority.ado,ado,2026-07-08
mfpi,mfpi,mfpi.ado,ado,2026-07-08
mfpi_plot,mfpi,mfpi_plot.ado,ado,2026-07-08
stepp_plot,mfpi,../s/stepp_plot.ado,ado,2026-07-08
stepp_tail,mfpi,../s/stepp_tail.ado,ado,2026-07-08
stepp_window,mfpi,../s/stepp_window.ado,ado,2026-07-08
xfrac_154,mfpi,../x/xfrac_154.ado,ado,2026-07-08
xfrac_adj,mfpi,../x/xfrac_adj.ado,ado,2026-07-08
xfrac_chk,mfpi,../x/xfrac_chk.ado,ado,2026-07-08
xfrac_dis,mfpi,../x/xfrac_dis.ado,ado,2026-07-08
xfracplot,mfpi,../x/xfracplot.ado,ado,2026-07-08
xfracpoly,mfpi,../x/xfracpoly.ado,ado,2026-07-08
xfracpred,mfpi,../x/xfracpred.ado,ado,2026-07-08
xmfp,mfpi,../x/xmfp.ado,ado,2026-07-08
makicoint,makicoint,makicoint.ado,ado,2026-07-08
mixrandregret,mixrandregret,mixrandregret.ado,ado,2026-07-08
mixrbeta,mixrandregret,mixrbeta.ado,ado,2026-07-08
mixrpred,mixrandregret,mixrpred.ado,ado,2026-07-08
mpitb,mpitb,mpitb.ado,ado,2026-07-08
_mpitb_assoc,mpitb,../_/_mpitb_assoc.ado,ado,2026-07-08
_mpitb_ctyselect,mpitb,../_/_mpitb_ctyselect.ado,ado,2026-07-08
_mpitb_est,mpitb,../_/_mpitb_est.ado,ado,2026-07-08
_mpitb_estcot,mpitb,../_/_mpitb_estcot.ado,ado,2026-07-08
_mpitb_gafvars,mpitb,../_/_mpitb_gafvars.ado,ado,2026-07-08
_mpitb_refsh,mpitb,../_/_mpitb_refsh.ado,ado,2026-07-08
_mpitb_rframe,mpitb,../_/_mpitb_rframe.ado,ado,2026-07-08
_mpitb_set,mpitb,../_/_mpitb_set.ado,ado,2026-07-08
_mpitb_setwgts,mpitb,../_/_mpitb_setwgts.ado,ado,2026-07-08
_mpitb_show,mpitb,../_/_mpitb_show.ado,ado,2026-07-08
_mpitb_stores,mpitb,../_/_mpitb_stores.ado,ado,2026-07-08
markovmfpt,markovmfpt,markovmfpt.ado,ado,2026-07-08
markovmfpt_all,markovmfpt,markovmfpt_all.ado,ado,2026-07-08
markovmfpt_ind,markovmfpt,markovmfpt_ind.ado,ado,2026-07-08
metatrend,metatrend,metatrend.ado,ado,2026-07-08
mixi12,mixi12,mixi12.ado,ado,2026-07-08
mixi12_cv,mixi12,mixi12_cv.ado,ado,2026-07-08
mixi12_egh,mixi12,mixi12_egh.ado,ado,2026-07-08
mixi12_gl,mixi12,mixi12_gl.ado,ado,2026-07-08
mixi12_graph,mixi12,mixi12_graph.ado,ado,2026-07-08
mixi12_haldrup,mixi12,mixi12_haldrup.ado,ado,2026-07-08
mixi12_johansen,mixi12,mixi12_johansen.ado,ado,2026-07-08
mixi12_mco_compare,mixi12,mixi12_mco_compare.ado,ado,2026-07-08
mixi12_mco,mixi12,mixi12_mco.ado,ado,2026-07-08
mixi12_sim,mixi12,mixi12_sim.ado,ado,2026-07-08
mixi12_sw,mixi12,mixi12_sw.ado,ado,2026-07-08
mixi12_trans,mixi12,mixi12_trans.ado,ado,2026-07-08
mixi12_unit,mixi12,mixi12_unit.ado,ado,2026-07-08
_mixi12_mata,mixi12,../_/_mixi12_mata.ado,ado,2026-07-08
_mixi12_pretty,mixi12,../_/_mixi12_pretty.ado,ado,2026-07-08
markupest,markupest,markupest.ado,ado,2026-07-08
prodest_p_m,markupest,../p/prodest_p_m.ado,ado,2026-07-08
prodest_m,markupest,../p/prodest_m.ado,ado,2026-07-08
mkdat,mkdat,mkdat.ado,ado,2026-07-08
holrein,mkdat,../h/holrein.ado,ado,2026-07-08
medeff,mediation,medeff.ado,ado,2026-07-08
medsens,mediation,medsens.ado,ado,2026-07-08
mean_ci_plot,mean_ci_plot,mean_ci_plot.ado,ado,2026-07-08
mvport,mvport,mvport.ado,ado,2026-07-08
backtest,mvport,../b/backtest.ado,ado,2026-07-08
cbacktest,mvport,../c/cbacktest.ado,ado,2026-07-08
cmline,mvport,../c/cmline.ado,ado,2026-07-08
efrontier,mvport,../e/efrontier.ado,ado,2026-07-08
efrontierm,mvport,../e/efrontierm.ado,ado,2026-07-08
gmvport,mvport,../g/gmvport.ado,ado,2026-07-08
holdingrets,mvport,../h/holdingrets.ado,ado,2026-07-08
meanrets,mvport,meanrets.ado,ado,2026-07-08
ovport,mvport,../o/ovport.ado,ado,2026-07-08
returnsyh,mvport,../r/returnsyh.ado,ado,2026-07-08
simport,mvport,../s/simport.ado,ado,2026-07-08
varrets,mvport,../v/varrets.ado,ado,2026-07-08
johans,johans,johans.ado,ado,2026-07-08
lrjtest,johans,../l/lrjtest.ado,ado,2026-07-08
wjtest,johans,../w/wjtest.ado,ado,2026-07-08
jrule,jrule,jrule.ado,ado,2026-07-08
jnsn,jnsn,jnsn.ado,ado,2026-07-08
jnsni,jnsn,jnsni.ado,ado,2026-07-08
jnsw,jnsn,jnsw.ado,ado,2026-07-08
ajv,jnsn,../a/ajv.ado,ado,2026-07-08
jarowinkler,jarowinkler,jarowinkler.ado,ado,2026-07-08
jmpierce,jmpierce,jmpierce.ado,ado,2026-07-08
jaccard,jaccard,jaccard.ado,ado,2026-07-08
jl,julia,jl.ado,ado,2026-07-08
_jl,julia,../_/_jl.ado,ado,2026-07-08
jb6,jb6,jb6.ado,ado,2026-07-08
joy_plot,joy_plot,joy_plot.ado,ado,2026-07-08
jqte,jqte,jqte.ado,ado,2026-07-08
jwdid,jwdid,jwdid.ado,ado,2026-07-08
jwdid_estat,jwdid,jwdid_estat.ado,ado,2026-07-08
jwdid_plot,jwdid,jwdid_plot.ado,ado,2026-07-08
jformat,jformat,jformat.ado,ado,2026-07-08
jmpierce2,jmpierce2,jmpierce2.ado,ado,2026-07-08
jonter,jonter,jonter.ado,ado,2026-07-08
jb,jb,jb.ado,ado,2026-07-08
jc,jc,jc.ado,ado,2026-07-08
jcd,jc,jcd.ado,ado,2026-07-08
jsonio,jsonio,jsonio.ado,ado,2026-07-08
ggeocode,jsonio,../g/ggeocode.ado,ado,2026-07-08
joinvars,joinvars,joinvars.ado,ado,2026-07-08
joyplot,joyplot,joyplot.ado,ado,2026-07-08
ridgeline,joyplot,../r/ridgeline.ado,ado,2026-07-08
cgssm,cgssm,cgssm.ado,ado,2026-07-08
cgssmi,cgssm,cgssmi.ado,ado,2026-07-08
cgmstats,cgmstats,cgmstats.ado,ado,2026-07-08
acprplots,cprplots,../a/acprplots.ado,ado,2026-07-08
cprplots,cprplots,cprplots.ado,ado,2026-07-08
cprplot2,cprplot2,cprplot2.ado,ado,2026-07-08
cprplots2,cprplot2,cprplots2.ado,ado,2026-07-08
countvalues,countvalues,countvalues.ado,ado,2026-07-08
concord,concord,concord.ado,ado,2026-07-08
confreg,confreg,confreg.ado,ado,2026-07-08
carryforward,carryforward,carryforward.ado,ado,2026-07-08
cluster3,cluster3,cluster3.ado,ado,2026-07-08
cmatch,cmatch,cmatch.ado,ado,2026-07-08
clsp,clsp,clsp.ado,ado,2026-07-08
cta,cta,cta.ado,ado,2026-07-08
cpiget,cpiget,cpiget.ado,ado,2026-07-08
codci,codci,codci.ado,ado,2026-07-08
conjoint,conjoint,conjoint.ado,ado,2026-07-08
chimchar,chimchar,chimchar.ado,ado,2026-07-08
cluster2,cluster2,cluster2.ado,ado,2026-07-08
chunky,chunky,chunky.ado,ado,2026-07-08
cenpois,cenpois,cenpois.ado,ado,2026-07-08
cnpoislf,cenpois,cnpoislf.ado,ado,2026-07-08
clttest,cltest,clttest.ado,ado,2026-07-08
clchi2,cltest,clchi2.ado,ado,2026-07-08
clustsens,clustsens,clustsens.ado,ado,2026-07-08
cemimix,cemimix,cemimix.ado,ado,2026-07-08
centcalc,centcalc,centcalc.ado,ado,2026-07-08
crhdreg,crhdreg,crhdreg.ado,ado,2026-07-08
chaid,chaid,chaid.ado,ado,2026-07-08
cdist,cdist,cdist.ado,ado,2026-07-08
classifylasso,classifylasso,classifylasso.ado,ado,2026-07-08
classifylasso_p,classifylasso,classifylasso_p.ado,ado,2026-07-08
classocoef,classifylasso,classocoef.ado,ado,2026-07-08
classogroup,classifylasso,classogroup.ado,ado,2026-07-08
classoselect,classifylasso,classoselect.ado,ado,2026-07-08
catenate,catenate,catenate.ado,ado,2026-07-08
cupfm,cupfm,cupfm.ado,ado,2026-07-08
_cupfm_display,cupfm,../_/_cupfm_display.ado,ado,2026-07-08
_cupfm_export,cupfm,../_/_cupfm_export.ado,ado,2026-07-08
_cupfm_mata,cupfm,../_/_cupfm_mata.ado,ado,2026-07-08
_cupfm_plot,cupfm,../_/_cupfm_plot.ado,ado,2026-07-08
_cupfm_validate,cupfm,../_/_cupfm_validate.ado,ado,2026-07-08
cnuse,cnuse,cnuse.ado,ado,2026-07-08
clusterdid,clusterdid,clusterdid.ado,ado,2026-07-08
colorscatter,colorscatter,colorscatter.ado,ado,2026-07-08
cdfplot,cdfplot,cdfplot.ado,ado,2026-07-08
circlepack,circlepack,circlepack.ado,ado,2026-07-08
cnssc,cnssc,cnssc.ado,ado,2026-07-08
crossplot,crossplot,crossplot.ado,ado,2026-07-08
clustergram,clustergram,clustergram.ado,ado,2026-07-08
clustergram_examples,clustergram,clustergram_examples.ado,ado,2026-07-08
copydesc,copydesc,copydesc.ado,ado,2026-07-08
csestudy,csestudy,csestudy.ado,ado,2026-07-08
cnclean,cnclean,cnclean.ado,ado,2026-07-08
chse_fdi,chse,chse_fdi.ado,ado,2026-07-08
chse_fliptime,chse,chse_fliptime.ado,ado,2026-07-08
chse_hoe,chse,chse_hoe.ado,ado,2026-07-08
chse_paradox,chse,chse_paradox.ado,ado,2026-07-08
chse_regime,chse,chse_regime.ado,ado,2026-07-08
chse_welfare,chse,chse_welfare.ado,ado,2026-07-08
caterpillar,caterpillar,caterpillar.ado,ado,2026-07-08
crossvalidate,crossvalidate,crossvalidate.ado,ado,2026-07-08
crossv,crossvalidate,crossv.ado,ado,2026-07-08
codebookout,codebookout,codebookout.ado,ado,2026-07-08
cvxhull,cvxhull,cvxhull.ado,ado,2026-07-08
cvxindex,cvxhull,cvxindex.ado,ado,2026-07-08
cvxplot,cvxhull,cvxplot.ado,ado,2026-07-08
cme,cme,cme.ado,ado,2026-07-08
cvcrand,cvcrand,cvcrand.ado,ado,2026-07-08
cptest,cvcrand,cptest.ado,ado,2026-07-08
center,center,center.ado,ado,2026-07-08
clv,clv,clv.ado,ado,2026-07-08
cleandisk,cleandisk,cleandisk.ado,ado,2026-07-08
causalspline,causalspline,causalspline.ado,ado,2026-07-08
cs_simulate,causalspline,cs_simulate.ado,ado,2026-07-08
cs_region,causalspline,cs_region.ado,ado,2026-07-08
cs_plot,causalspline,cs_plot.ado,ado,2026-07-08
cs_overlap,causalspline,cs_overlap.ado,ado,2026-07-08
cs_gradient,causalspline,cs_gradient.ado,ado,2026-07-08
cs_fragility,causalspline,cs_fragility.ado,ado,2026-07-08
cusum9,cusum9,cusum9.ado,ado,2026-07-08
_cu_c0,cusum9,../_/_cu_c0.ado,ado,2026-07-08
checkipaddresses,checkipaddresses,checkipaddresses.ado,ado,2026-07-08
cctable,cctable,cctable.ado,ado,2026-07-08
convert_top_lines,convert_top_lines,convert_top_lines.ado,ado,2026-07-08
cub,cub,cub.ado,ado,2026-07-08
cub14,cub,cub14.ado,ado,2026-07-08
cub14s,cub,cub14s.ado,ado,2026-07-08
scattercub,cub,../s/scattercub.ado,ado,2026-07-08
cifunction,cifunction,cifunction.ado,ado,2026-07-08
cifunction_ex,cifunction,cifunction_ex.ado,ado,2026-07-08
_gatan2,circular,../_/_gatan2.ado,ado,2026-07-08
_ginvvm,circular,../_/_ginvvm.ado,ado,2026-07-08
_grndvm,circular,../_/_grndvm.ado,ado,2026-07-08
_gvm,circular,../_/_gvm.ado,ado,2026-07-08
_gvmden,circular,../_/_gvmden.ado,ado,2026-07-08
circcentre,circular,circcentre.ado,ado,2026-07-08
circcorr,circular,circcorr.ado,ado,2026-07-08
circdiff,circular,circdiff.ado,ado,2026-07-08
circdplot,circular,circdplot.ado,ado,2026-07-08
circhist,circular,circhist.ado,ado,2026-07-08
circhistogram,circular,circhistogram.ado,ado,2026-07-08
circkdensity,circular,circkdensity.ado,ado,2026-07-08
circlccorr,circular,circlccorr.ado,ado,2026-07-08
circmedian,circular,circmedian.ado,ado,2026-07-08
circovmean,circular,circovmean.ado,ado,2026-07-08
circovstr,circular,circovstr.ado,ado,2026-07-08
circpvm,circular,circpvm.ado,ado,2026-07-08
circdpvm,circular,circdpvm.ado,ado,2026-07-08
circqqplot,circular,circqqplot.ado,ado,2026-07-08
circqvm,circular,circqvm.ado,ado,2026-07-08
circrao,circular,circrao.ado,ado,2026-07-08
circrplot,circular,circrplot.ado,ado,2026-07-08
circsc,circular,circsc.ado,ado,2026-07-08
circscatter,circular,circscatter.ado,ado,2026-07-08
circsu,circular,circsu.ado,ado,2026-07-08
circsummarize,circular,circsummarize.ado,ado,2026-07-08
circtwosample,circular,circtwosample.ado,ado,2026-07-08
circvm,circular,circvm.ado,ado,2026-07-08
circvplot,circular,circvplot.ado,ado,2026-07-08
circwwmardia,circular,circwwmardia.ado,ado,2026-07-08
circxlowess,circular,circxlowess.ado,ado,2026-07-08
circylowess,circular,circylowess.ado,ado,2026-07-08
fourier,circular,../f/fourier.ado,ado,2026-07-08
i0kappa,circular,../i/i0kappa.ado,ado,2026-07-08
checkshp,checkshp,checkshp.ado,ado,2026-07-08
areashp,checkshp,../a/areashp.ado,ado,2026-07-08
intershp,checkshp,../i/intershp.ado,ado,2026-07-08
reprojshp,checkshp,../r/reprojshp.ado,ado,2026-07-08
coldiag2,coldiag2,coldiag2.ado,ado,2026-07-08
prnt_cx,coldiag2,../p/prnt_cx.ado,ado,2026-07-08
estsimp,clarify,../e/estsimp.ado,ado,2026-07-08
setx,clarify,../s/setx.ado,ado,2026-07-08
simqi,clarify,../s/simqi.ado,ado,2026-07-08
sumqi,clarify,../s/sumqi.ado,ado,2026-07-08
tlogit,clarify,../t/tlogit.ado,ado,2026-07-08
ctohri,ctohri,ctohri.ado,ado,2026-07-08
crash,crash,crash.ado,ado,2026-07-08
chaidforest,chaidforest,chaidforest.ado,ado,2026-07-08
chaidforest_pr,chaidforest,chaidforest_pr.ado,ado,2026-07-08
chaidforest_estat,chaidforest,chaidforest_estat.ado,ado,2026-07-08
cnkchart,cnkchart,cnkchart.ado,ado,2026-07-08
combineplot,combineplot,combineplot.ado,ado,2026-07-08
clr_b,clrbound,clr_b.ado,ado,2026-07-08
clr_k,clrbound,clr_k.ado,ado,2026-07-08
clr_kb,clrbound,clr_kb.ado,ado,2026-07-08
clr_p,clrbound,clr_p.ado,ado,2026-07-08
clr_pb,clrbound,clr_pb.ado,ado,2026-07-08
clr_s,clrbound,clr_s.ado,ado,2026-07-08
clr,clrbound,clr.ado,ado,2026-07-08
clr2,clrbound,clr2.ado,ado,2026-07-08
clr2b,clrbound,clr2b.ado,ado,2026-07-08
clr2bo,clrbound,clr2bo.ado,ado,2026-07-08
clr2bou,clrbound,clr2bou.ado,ado,2026-07-08
clr2bound,clrbound,clr2bound.ado,ado,2026-07-08
clr3,clrbound,clr3.ado,ado,2026-07-08
clr3b,clrbound,clr3b.ado,ado,2026-07-08
clr3bo,clrbound,clr3bo.ado,ado,2026-07-08
clr3bou,clrbound,clr3bou.ado,ado,2026-07-08
clr3boun,clrbound,clr3boun.ado,ado,2026-07-08
clr3bound,clrbound,clr3bound.ado,ado,2026-07-08
clrb,clrbound,clrb.ado,ado,2026-07-08
clrbo,clrbound,clrbo.ado,ado,2026-07-08
clrbou,clrbound,clrbou.ado,ado,2026-07-08
clrboun,clrbound,clrboun.ado,ado,2026-07-08
clrbound,clrbound,clrbound.ado,ado,2026-07-08
clrtest,clrbound,clrtest.ado,ado,2026-07-08
countyfips,countyfips,countyfips.ado,ado,2026-07-08
countyfips_data,countyfips,countyfips_data.ado,ado,2026-07-08
chinagcode,chinagcode,chinagcode.ado,ado,2026-07-08
chinaaddress,chinagcode,chinaaddress.ado,ado,2026-07-08
csipolate,csipolate,csipolate.ado,ado,2026-07-08
centpow,centpow,centpow.ado,ado,2026-07-08
clstop_lbt,clstop_lbt,clstop_lbt.ado,ado,2026-07-08
cmp,cmp,cmp.ado,ado,2026-07-08
cmp_p,cmp,cmp_p.ado,ado,2026-07-08
cmp_clear,cmp,cmp_clear.ado,ado,2026-07-08
cnpoi,cnpoi,cnpoi.ado,ado,2026-07-08
checkrob,checkrob,checkrob.ado,ado,2026-07-08
colelms,colelms,colelms.ado,ado,2026-07-08
creplace,creplace,creplace.ado,ado,2026-07-08
cleanplots,cleanplots,../s/scheme-cleanplots.scheme,scheme,2026-07-08
cureregr,cureregr,cureregr.ado,ado,2026-07-08
cureregr_p,cureregr,cureregr_p.ado,ado,2026-07-08
cureregr_gen_p,cureregr,cureregr_gen_p.ado,ado,2026-07-08
classify,crossvalidate2,classify.ado,ado,2026-07-08
cmdmod,crossvalidate2,cmdmod.ado,ado,2026-07-08
fitit,crossvalidate2,../f/fitit.ado,ado,2026-07-08
libxv,crossvalidate2,../l/libxv.ado,ado,2026-07-08
predictit,crossvalidate2,../p/predictit.ado,ado,2026-07-08
splitit2,crossvalidate2,../s/splitit2.ado,ado,2026-07-08
state,crossvalidate2,../s/state.ado,ado,2026-07-08
validateit,crossvalidate2,../v/validateit.ado,ado,2026-07-08
xv,crossvalidate2,../x/xv.ado,ado,2026-07-08
xvloo,crossvalidate2,../x/xvloo.ado,ado,2026-07-08
checkfor2,checkfor2,checkfor2.ado,ado,2026-07-08
isvar,checkfor2,../i/isvar.ado,ado,2026-07-08
cdecompose,cdecompose,cdecompose.ado,ado,2026-07-08
clipline,clipgeo,clipline.ado,ado,2026-07-08
clippolygon,clipgeo,clippolygon.ado,ado,2026-07-08
clippolyline,clipgeo,clippolyline.ado,ado,2026-07-08
geoquery,clipgeo,../g/geoquery.ado,ado,2026-07-08
cutpt,cutpt,cutpt.ado,ado,2026-07-08
classtab,classtab,classtab.ado,ado,2026-07-08
classtabi,classtab,classtabi.ado,ado,2026-07-08
cointsmall,cointsmall,cointsmall.ado,ado,2026-07-08
_cointsmall_crit,cointsmall,../_/_cointsmall_crit.ado,ado,2026-07-08
clump,clump,clump.ado,ado,2026-07-08
charlson,charlson,charlson.ado,ado,2026-07-08
cfitzrw,cfitzrw,cfitzrw.ado,ado,2026-07-08
cmi_test,cmitest,cmi_test.ado,ado,2026-07-08
cmi_tes,cmitest,cmi_tes.ado,ado,2026-07-08
cmi_te,cmitest,cmi_te.ado,ado,2026-07-08
cmi_t,cmitest,cmi_t.ado,ado,2026-07-08
cmi_interval,cmitest,cmi_interval.ado,ado,2026-07-08
cmi_interva,cmitest,cmi_interva.ado,ado,2026-07-08
cmi_interv,cmitest,cmi_interv.ado,ado,2026-07-08
cmi_inter,cmitest,cmi_inter.ado,ado,2026-07-08
cmi_inte,cmitest,cmi_inte.ado,ado,2026-07-08
cmi_int,cmitest,cmi_int.ado,ado,2026-07-08
cmi_in,cmitest,cmi_in.ado,ado,2026-07-08
cmi_i,cmitest,cmi_i.ado,ado,2026-07-08
chaos,chaos,chaos.ado,ado,2026-07-08
clemao1,clemao_io,clemao1.ado,ado,2026-07-08
clemao2,clemao_io,clemao2.ado,ado,2026-07-08
clemio1,clemao_io,clemio1.ado,ado,2026-07-08
clemio2,clemao_io,clemio2.ado,ado,2026-07-08
cibar,cibar,cibar.ado,ado,2026-07-08
cdo,cdo,cdo.ado,ado,2026-07-08
crhdreg,chrdreg,crhdreg.ado,ado,2026-07-08
cipolate,cipolate,cipolate.ado,ado,2026-07-08
chm,chm,chm.ado,ado,2026-07-08
countmatch,countmatch,countmatch.ado,ado,2026-07-08
cleanchars,cleanchars,cleanchars.ado,ado,2026-07-08
csvconvert,csvconvert,csvconvert.ado,ado,2026-07-08
clspl2,clspl2,clspl2.ado,ado,2026-07-08
ciwidth_cmd_proportions_mc,ciwidth_proportions_mc,ciwidth_cmd_proportions_mc.ado,ado,2026-07-08
ciwidth_cmd_proportions_mc_init,ciwidth_proportions_mc,ciwidth_cmd_proportions_mc_init.ado,ado,2026-07-08
c_ml_stata_cv,c_ml_stata_cv,c_ml_stata_cv.ado,ado,2026-07-08
c_ml_stata_default,c_ml_stata_cv,c_ml_stata_default.ado,ado,2026-07-08
pylearn,c_ml_stata_cv,../p/pylearn.ado,ado,2026-07-08
get_train_test,c_ml_stata_cv,../g/get_train_test.ado,ado,2026-07-08
chewfile,chewfile,chewfile.ado,ado,2026-07-08
cntrade,cntrade,cntrade.ado,ado,2026-07-08
cfvars,cfvars,cfvars.ado,ado,2026-07-08
catplot,catplot,catplot.ado,ado,2026-07-08
catplot_old,catplot,catplot_old.ado,ado,2026-07-08
catplot2010,catplot,catplot2010.ado,ado,2026-07-08
codebook_ripper,codebook_ripper,codebook_ripper.ado,ado,2026-07-08
ccweight,ccweight,ccweight.ado,ado,2026-07-08
ci_marg_mu,ci_marg_mu,ci_marg_mu.ado,ado,2026-07-08
cmogram,cmogram,cmogram.ado,ado,2026-07-08
charlist,charlist,charlist.ado,ado,2026-07-08
cf2,cf2,cf2.ado,ado,2026-07-08
cvauroc,cvauroc,cvauroc.ado,ado,2026-07-08
cfout,cfout,cfout.ado,ado,2026-07-08
cleanlog,cleanlog,cleanlog.ado,ado,2026-07-08
cngdf,cngdf,cngdf.ado,ado,2026-07-08
cij,cij,cij.ado,ado,2026-07-08
ciji,cij,ciji.ado,ado,2026-07-08
chartab,chartab,chartab.ado,ado,2026-07-08
chartabb,chartab,chartabb.ado,ado,2026-07-08
chartab_run,chartab,chartab_run.ado,ado,2026-07-08
cprdhesae_attendance,cprdhesaeutil,cprdhesae_attendance.ado,ado,2026-07-08
cprdhesae_diagnosis,cprdhesaeutil,cprdhesae_diagnosis.ado,ado,2026-07-08
cprdhesae_hrg,cprdhesaeutil,cprdhesae_hrg.ado,ado,2026-07-08
cprdhesae_investigation,cprdhesaeutil,cprdhesae_investigation.ado,ado,2026-07-08
cprdhesae_pathway,cprdhesaeutil,cprdhesae_pathway.ado,ado,2026-07-08
cprdhesae_treatment,cprdhesaeutil,cprdhesae_treatment.ado,ado,2026-07-08
cf3,cf3,cf3.ado,ado,2026-07-08
combine,combine,combine.ado,ado,2026-07-08
chatgpt,chatgpt,chatgpt.ado,ado,2026-07-08
casefat,casefat,casefat.ado,ado,2026-07-08
cospectdens,cospectdens,cospectdens.ado,ado,2026-07-08
corr2docx,corr2docx,corr2docx.ado,ado,2026-07-08
causaldata,causaldata,causaldata.ado,ado,2026-07-08
usecausaldata,causaldata,../u/usecausaldata.ado,ado,2026-07-08
caustests,caustests,caustests.ado,ado,2026-07-08
citytoprovince,citytoprovince,citytoprovince.ado,ado,2026-07-08
cdout,cdout,cdout.ado,ado,2026-07-08
cvmtest,cvmtest,cvmtest.ado,ado,2026-07-08
cndnmb3,cndnmb3,cndnmb3.ado,ado,2026-07-08
cnar,cnar,cnar.ado,ado,2026-07-08
cv,cv,cv.ado,ado,2026-07-08
calipmatch,calipmatch,calipmatch.ado,ado,2026-07-08
centile2,centile2,centile2.ado,ado,2026-07-08
cem,cem,cem.ado,ado,2026-07-08
imb,cem,../i/imb.ado,ado,2026-07-08
listwise,cem,../l/listwise.ado,ado,2026-07-08
cprdent_1,cprdentutil,cprdent_1.ado,ado,2026-07-08
cprdent_4,cprdentutil,cprdent_4.ado,ado,2026-07-08
cprdent_5,cprdentutil,cprdent_5.ado,ado,2026-07-08
cprdent_13,cprdentutil,cprdent_13.ado,ado,2026-07-08
cprdent_14,cprdentutil,cprdent_14.ado,ado,2026-07-08
cprdent_26,cprdentutil,cprdent_26.ado,ado,2026-07-08
cprdent_87,cprdentutil,cprdent_87.ado,ado,2026-07-08
cprdent_147,cprdentutil,cprdent_147.ado,ado,2026-07-08
cprdent_163,cprdentutil,cprdent_163.ado,ado,2026-07-08
cprdent_175,cprdentutil,cprdent_175.ado,ado,2026-07-08
cprdent_177,cprdentutil,cprdent_177.ado,ado,2026-07-08
compreg,compreg,compreg.ado,ado,2026-07-08
cnbreg,cnbreg,cnbreg.ado,ado,2026-07-08
jcnb_ll,cnbreg,../j/jcnb_ll.ado,ado,2026-07-08
circbw,circularkde,circbw.ado,ado,2026-07-08
circgph,circularkde,circgph.ado,ado,2026-07-08
circkde,circularkde,circkde.ado,ado,2026-07-08
circkden,circularkde,circkden.ado,ado,2026-07-08
circwarp,circularkde,circwarp.ado,ado,2026-07-08
cirkdevm,circularkde,cirkdevm.ado,ado,2026-07-08
i1kappa,circularkde,../i/i1kappa.ado,ado,2026-07-08
i2kappa,circularkde,../i/i2kappa.ado,ado,2026-07-08
clustse,clustse,clustse.ado,ado,2026-07-08
cgmwildboot,clustse,cgmwildboot.ado,ado,2026-07-08
cdfquantreg01,cdfquantreg01,cdfquantreg01.ado,ado,2026-07-08
asinhasinhinnerv2,cdfquantreg01,../a/asinhasinhinnerv2.ado,ado,2026-07-08
asinhasinhinnerv3,cdfquantreg01,../a/asinhasinhinnerv3.ado,ado,2026-07-08
asinhasinhinnerw2,cdfquantreg01,../a/asinhasinhinnerw2.ado,ado,2026-07-08
asinhasinhinnerw3,cdfquantreg01,../a/asinhasinhinnerw3.ado,ado,2026-07-08
asinhasinhouterv2,cdfquantreg01,../a/asinhasinhouterv2.ado,ado,2026-07-08
asinhasinhouterv3,cdfquantreg01,../a/asinhasinhouterv3.ado,ado,2026-07-08
asinhasinhouterw2,cdfquantreg01,../a/asinhasinhouterw2.ado,ado,2026-07-08
asinhasinhouterw3,cdfquantreg01,../a/asinhasinhouterw3.ado,ado,2026-07-08
asinhcauchyinnerv2,cdfquantreg01,../a/asinhcauchyinnerv2.ado,ado,2026-07-08
asinhcauchyinnerv3,cdfquantreg01,../a/asinhcauchyinnerv3.ado,ado,2026-07-08
asinhcauchyinnerw2,cdfquantreg01,../a/asinhcauchyinnerw2.ado,ado,2026-07-08
asinhcauchyinnerw3,cdfquantreg01,../a/asinhcauchyinnerw3.ado,ado,2026-07-08
asinhcauchyouterv2,cdfquantreg01,../a/asinhcauchyouterv2.ado,ado,2026-07-08
asinhcauchyouterv3,cdfquantreg01,../a/asinhcauchyouterv3.ado,ado,2026-07-08
asinhcauchyouterw2,cdfquantreg01,../a/asinhcauchyouterw2.ado,ado,2026-07-08
asinhcauchyouterw3,cdfquantreg01,../a/asinhcauchyouterw3.ado,ado,2026-07-08
cauchitasinhinnerv2,cdfquantreg01,cauchitasinhinnerv2.ado,ado,2026-07-08
cauchitasinhinnerv3,cdfquantreg01,cauchitasinhinnerv3.ado,ado,2026-07-08
cauchitasinhinnerw2,cdfquantreg01,cauchitasinhinnerw2.ado,ado,2026-07-08
cauchitasinhinnerw3,cdfquantreg01,cauchitasinhinnerw3.ado,ado,2026-07-08
cauchitasinhouterv2,cdfquantreg01,cauchitasinhouterv2.ado,ado,2026-07-08
cauchitasinhouterv3,cdfquantreg01,cauchitasinhouterv3.ado,ado,2026-07-08
cauchitasinhouterw2,cdfquantreg01,cauchitasinhouterw2.ado,ado,2026-07-08
cauchitasinhouterw3,cdfquantreg01,cauchitasinhouterw3.ado,ado,2026-07-08
cauchitcauchyinnerv2,cdfquantreg01,cauchitcauchyinnerv2.ado,ado,2026-07-08
cauchitcauchyinnerv3,cdfquantreg01,cauchitcauchyinnerv3.ado,ado,2026-07-08
cauchitcauchyinnerw2,cdfquantreg01,cauchitcauchyinnerw2.ado,ado,2026-07-08
cauchitcauchyinnerw3,cdfquantreg01,cauchitcauchyinnerw3.ado,ado,2026-07-08
cauchitcauchyouterv2,cdfquantreg01,cauchitcauchyouterv2.ado,ado,2026-07-08
cauchitcauchyouterv3,cdfquantreg01,cauchitcauchyouterv3.ado,ado,2026-07-08
cauchitcauchyouterw2,cdfquantreg01,cauchitcauchyouterw2.ado,ado,2026-07-08
cauchitcauchyouterw3,cdfquantreg01,cauchitcauchyouterw3.ado,ado,2026-07-08
cdfquantreg01,cdfquantreg01,cdfquantreg01.ado,ado,2026-07-08
cdfquantreg01_mf,cdfquantreg01,cdfquantreg01_mf.ado,ado,2026-07-08
cdfquantreg01_p,cdfquantreg01,cdfquantreg01_p.ado,ado,2026-07-08
t2t2innerv2,cdfquantreg01,../t/t2t2innerv2.ado,ado,2026-07-08
t2t2innerv3,cdfquantreg01,../t/t2t2innerv3.ado,ado,2026-07-08
t2t2innerw2,cdfquantreg01,../t/t2t2innerw2.ado,ado,2026-07-08
t2t2innerw3,cdfquantreg01,../t/t2t2innerw3.ado,ado,2026-07-08
t2t2outerv2,cdfquantreg01,../t/t2t2outerv2.ado,ado,2026-07-08
t2t2outerv3,cdfquantreg01,../t/t2t2outerv3.ado,ado,2026-07-08
t2t2outerw2,cdfquantreg01,../t/t2t2outerw2.ado,ado,2026-07-08
t2t2outerw3,cdfquantreg01,../t/t2t2outerw3.ado,ado,2026-07-08
cconv,cconv,cconv.ado,ado,2026-07-08
cepois,cepois,cepois.ado,ado,2026-07-08
cepois_ll,cepois,cepois_ll.ado,ado,2026-07-08
svycepois,cepois,../s/svycepois.ado,ado,2026-07-08
corrtable,corrtable,corrtable.ado,ado,2026-07-08
cureregr8,cureregr8,cureregr8.ado,ado,2026-07-08
_cureregr8,cureregr8,../_/_cureregr8.ado,ado,2026-07-08
_cureregr8_gen,cureregr8,../_/_cureregr8_gen.ado,ado,2026-07-08
pcm000101_lf,cureregr8,../p/pcm000101_lf.ado,ado,2026-07-08
pcm000102_lf,cureregr8,../p/pcm000102_lf.ado,ado,2026-07-08
pcm000103_lf,cureregr8,../p/pcm000103_lf.ado,ado,2026-07-08
pcm000201_lf,cureregr8,../p/pcm000201_lf.ado,ado,2026-07-08
pcm000202_lf,cureregr8,../p/pcm000202_lf.ado,ado,2026-07-08
pcm000203_lf,cureregr8,../p/pcm000203_lf.ado,ado,2026-07-08
pcm000301_lf,cureregr8,../p/pcm000301_lf.ado,ado,2026-07-08
pcm000302_lf,cureregr8,../p/pcm000302_lf.ado,ado,2026-07-08
pcm000303_lf,cureregr8,../p/pcm000303_lf.ado,ado,2026-07-08
pcm000401_lf,cureregr8,../p/pcm000401_lf.ado,ado,2026-07-08
pcm000402_lf,cureregr8,../p/pcm000402_lf.ado,ado,2026-07-08
pcm000403_lf,cureregr8,../p/pcm000403_lf.ado,ado,2026-07-08
pcm010101_lf,cureregr8,../p/pcm010101_lf.ado,ado,2026-07-08
pcm010102_lf,cureregr8,../p/pcm010102_lf.ado,ado,2026-07-08
pcm010103_lf,cureregr8,../p/pcm010103_lf.ado,ado,2026-07-08
pcm010201_lf,cureregr8,../p/pcm010201_lf.ado,ado,2026-07-08
pcm010202_lf,cureregr8,../p/pcm010202_lf.ado,ado,2026-07-08
pcm010203_lf,cureregr8,../p/pcm010203_lf.ado,ado,2026-07-08
pcm010301_lf,cureregr8,../p/pcm010301_lf.ado,ado,2026-07-08
pcm010302_lf,cureregr8,../p/pcm010302_lf.ado,ado,2026-07-08
pcm010303_lf,cureregr8,../p/pcm010303_lf.ado,ado,2026-07-08
pcm010401_lf,cureregr8,../p/pcm010401_lf.ado,ado,2026-07-08
pcm010402_lf,cureregr8,../p/pcm010402_lf.ado,ado,2026-07-08
pcm010403_lf,cureregr8,../p/pcm010403_lf.ado,ado,2026-07-08
pcm000501_lf,cureregr8,../p/pcm000501_lf.ado,ado,2026-07-08
pcm000502_lf,cureregr8,../p/pcm000502_lf.ado,ado,2026-07-08
pcm000503_lf,cureregr8,../p/pcm000503_lf.ado,ado,2026-07-08
pcm010501_lf,cureregr8,../p/pcm010501_lf.ado,ado,2026-07-08
pcm010502_lf,cureregr8,../p/pcm010502_lf.ado,ado,2026-07-08
pcm010503_lf,cureregr8,../p/pcm010503_lf.ado,ado,2026-07-08
cnsrsig,cnsrsig,cnsrsig.ado,ado,2026-07-08
cquadbasicr,cquadr,cquadbasicr.ado,ado,2026-07-08
cquadequr,cquadr,cquadequr.ado,ado,2026-07-08
cquadextr,cquadr,cquadextr.ado,ado,2026-07-08
cquadpseudor,cquadr,cquadpseudor.ado,ado,2026-07-08
ccgi,ccgi,ccgi.ado,ado,2026-07-08
coefplot,coefplot,coefplot.ado,ado,2026-07-08
cprdlink_linkage_coverage,cprdlinkutil,cprdlink_linkage_coverage.ado,ado,2026-07-08
cprdlink_linkage_eligibility,cprdlinkutil,cprdlink_linkage_eligibility.ado,ado,2026-07-08
cprdlink_linked_practices,cprdlinkutil,cprdlink_linked_practices.ado,ado,2026-07-08
catgraph,catgraph,catgraph.ado,ado,2026-07-08
cisets,cisets,cisets.ado,ado,2026-07-08
concindc,concindc,concindc.ado,ado,2026-07-08
crosswalk,crosswalk,crosswalk.ado,ado,2026-07-08
ccmatch,ccmatch,ccmatch.ado,ado,2026-07-08
cv_regress,cv_regress,cv_regress.ado,ado,2026-07-08
cv_kfold,cv_regress,cv_kfold.ado,ado,2026-07-08
chardef,chardef,chardef.ado,ado,2026-07-08
charundef,chardef,charundef.ado,ado,2026-07-08
cisd,cisd,cisd.ado,ado,2026-07-08
cisd1,cisd,cisd1.ado,ado,2026-07-08
cnmapsearch,cnmapsearch,cnmapsearch.ado,ado,2026-07-08
crtest,crtest,crtest.ado,ado,2026-07-08
_pecats,crtest,../_/_pecats.ado,ado,2026-07-08
cnormp,cnormp,cnormp.ado,ado,2026-07-08
clustpop,clustpop,clustpop.ado,ado,2026-07-08
cpoissone,cpoissone,cpoissone.ado,ado,2026-07-08
cpoisxll,cpoissone,cpoisxll.ado,ado,2026-07-08
cuentacot,cuentacot,cuentacot.ado,ado,2026-07-08
conservatism,conservatism,conservatism.ado,ado,2026-07-08
confirmdir,confirmdir,confirmdir.ado,ado,2026-07-08
collapseunique,collapseunique,collapseunique.ado,ado,2026-07-08
funcdep,collapseunique,../f/funcdep.ado,ado,2026-07-08
ctreatreg,ctreatreg,ctreatreg.ado,ado,2026-07-08
boot_drf,ctreatreg,../b/boot_drf.ado,ado,2026-07-08
cpcorr,cpcorr,cpcorr.ado,ado,2026-07-08
cpspear,cpcorr,cpspear.ado,ado,2026-07-08
cpcorr6,cpcorr,cpcorr6.ado,ado,2026-07-08
cpspear6,cpcorr,cpspear6.ado,ado,2026-07-08
corescore,corescore,corescore.ado,ado,2026-07-08
complexity,complexity,complexity.ado,ado,2026-07-08
cprdons_death_patient,cprdonsutil,cprdons_death_patient.ado,ado,2026-07-08
curvefit,curvefit,curvefit.ado,ado,2026-07-08
cpt,cpt,cpt.ado,ado,2026-07-08
confnd,confnd,confnd.ado,ado,2026-07-08
changemean,changemean,changemean.ado,ado,2026-07-08
_pecats,changemean,../_/_pecats.ado,ado,2026-07-08
ciw,ciw,ciw.ado,ado,2026-07-08
ciwi,ciw,ciwi.ado,ado,2026-07-08
crossfold,crossfold,crossfold.ado,ado,2026-07-08
cprdenttype,cprdenttype,cprdenttype.ado,ado,2026-07-08
cprdentcode,cprdenttype,cprdentcode.ado,ado,2026-07-08
cfby,cfby,cfby.ado,ado,2026-07-08
cistat,cistat,cistat.ado,ado,2026-07-08
calinski,calinski,calinski.ado,ado,2026-07-08
care,care,care.ado,ado,2026-07-08
corrtab,corrtab,corrtab.ado,ado,2026-07-08
censornb,censornb,censornb.ado,ado,2026-07-08
cenegbinll,censornb,cenegbinll.ado,ado,2026-07-08
comtrade,comtrade,comtrade.ado,ado,2026-07-08
clean_class,clean_class,clean_class.ado,ado,2026-07-08
cnintraday,cnintraday,cnintraday.ado,ado,2026-07-08
cgroup,cgroup,cgroup.ado,ado,2026-07-08
cnindex,cnindex,cnindex.ado,ado,2026-07-08
cobreakcoint,cobreakcoint,cobreakcoint.ado,ado,2026-07-08
_cobreakcoint_display,cobreakcoint,../_/_cobreakcoint_display.ado,ado,2026-07-08
_cobreakcoint_mata,cobreakcoint,../_/_cobreakcoint_mata.ado,ado,2026-07-08
_cobreakcoint_plot,cobreakcoint,../_/_cobreakcoint_plot.ado,ado,2026-07-08
conddens,conddens,conddens.ado,ado,2026-07-08
condmix,conddens,condmix.ado,ado,2026-07-08
cohend,cohend,cohend.ado,ado,2026-07-08
civplot,civplot,civplot.ado,ado,2026-07-08
cluster,cluster,cluster.ado,ado,2026-07-08
medoid,cluster,../m/medoid.ado,ado,2026-07-08
centroid,cluster,centroid.ado,ado,2026-07-08
cic,cic,cic.ado,ado,2026-07-08
cprdhesop_appointment,cprdhesoputil,cprdhesop_appointment.ado,ado,2026-07-08
cprdhesop_clinical,cprdhesoputil,cprdhesop_clinical.ado,ado,2026-07-08
cprdhesop_patient_pathway,cprdhesoputil,cprdhesop_patient_pathway.ado,ado,2026-07-08
chowtest,chowtest,chowtest.ado,ado,2026-07-08
ctabstat,ctabstat,ctabstat.ado,ado,2026-07-08
cbarplot,cbarplot,cbarplot.ado,ado,2026-07-08
centroid,centroid,centroid.ado,ado,2026-07-08
codebook2,codebook2,codebook2.ado,ado,2026-07-08
covbal,covbal,covbal.ado,ado,2026-07-08
cprdlsoa_patient_index,cprdlsoautil,cprdlsoa_patient_index.ado,ado,2026-07-08
cibplot,cibplot,cibplot.ado,ado,2026-07-08
cpredict,cpredict,cpredict.ado,ado,2026-07-08
crm,crm,crm.ado,ado,2026-07-08
cpr,cpr,cpr.ado,ado,2026-07-08
clan,clan,clan.ado,ado,2026-07-08
cjive,cjive,cjive.ado,ado,2026-07-08
confall,confall,confall.ado,ado,2026-07-08
cwmglm,cwmglm,cwmglm.ado,ado,2026-07-08
cwmbootstrap,cwmglm,cwmbootstrap.ado,ado,2026-07-08
cwmglm_predict,cwmglm,cwmglm_predict.ado,ado,2026-07-08
clogithet,clogithet,clogithet.ado,ado,2026-07-08
clhet_d2,clogithet,clhet_d2.ado,ado,2026-07-08
codensity,codensity,codensity.ado,ado,2026-07-08
capass,capass,capass.ado,ado,2026-07-08
cnevent,cnevent,cnevent.ado,ado,2026-07-08
concordance,concordance,concordance.ado,ado,2026-07-08
ciform,ciform,ciform.ado,ado,2026-07-08
complogit,complogit,complogit.ado,ado,2026-07-08
complogitml,complogit,complogitml.ado,ado,2026-07-08
cart,cart,cart.ado,ado,2026-07-08
carts,cart,carts.ado,ado,2026-07-08
change,cart,change.ado,ado,2026-07-08
cvar,cart,cvar.ado,ado,2026-07-08
eformat,cart,../e/eformat.ado,ado,2026-07-08
fns,cart,../f/fns.ado,ado,2026-07-08
ljust,cart,../l/ljust.ado,ado,2026-07-08
qlist,cart,../q/qlist.ado,ado,2026-07-08
sumby,cart,../s/sumby.ado,ado,2026-07-08
tabby,cart,../t/tabby.ado,ado,2026-07-08
tree,cart,../t/tree.ado,ado,2026-07-08
ttitle,cart,../t/ttitle.ado,ado,2026-07-08
uc,cart,../u/uc.ado,ado,2026-07-08
chowreg,chowreg,chowreg.ado,ado,2026-07-08
cjoe,cnjournal,cjoe.ado,ado,2026-07-08
cjs,cnjournal,cjs.ado,ado,2026-07-08
jce,cnjournal,../j/jce.ado,ado,2026-07-08
jcufe,cnjournal,../j/jcufe.ado,ado,2026-07-08
jjgl,cnjournal,../j/jjgl.ado,ado,2026-07-08
jwe,cnjournal,../j/jwe.ado,ado,2026-07-08
confa,confa,confa.ado,ado,2026-07-08
confa_lfm,confa,confa_lfm.ado,ado,2026-07-08
confa_p,confa,confa_p.ado,ado,2026-07-08
confa_estat,confa,confa_estat.ado,ado,2026-07-08
bollenstine,confa,../b/bollenstine.ado,ado,2026-07-08
cochran,cochran,cochran.ado,ado,2026-07-08
ciplot,ciplot,ciplot.ado,ado,2026-07-08
cno11isco08,cno11isco08,cno11isco08.ado,ado,2026-07-08
cid,cid,cid.ado,ado,2026-07-08
combinatorics,combinatorics,combinatorics.ado,ado,2026-07-08
ci2,ci2,ci2.ado,ado,2026-07-08
cii2,ci2,cii2.ado,ado,2026-07-08
cquadbasic,cquad,cquadbasic.ado,ado,2026-07-08
cquadequ,cquad,cquadequ.ado,ado,2026-07-08
cquadext,cquad,cquadext.ado,ado,2026-07-08
cquadpseudo,cquad,cquadpseudo.ado,ado,2026-07-08
cie,cie,cie.ado,ado,2026-07-08
ceq,ceq,ceq.ado,ado,2026-07-08
ceqassump,ceq,ceqassump.ado,ado,2026-07-08
ceqconc,ceq,ceqconc.ado,ado,2026-07-08
ceqcov,ceq,ceqcov.ado,ado,2026-07-08
ceqcoverage,ceq,ceqcoverage.ado,ado,2026-07-08
ceqdes,ceq,ceqdes.ado,ado,2026-07-08
ceqdientropy,ceq,ceqdientropy.ado,ado,2026-07-08
ceqdifgt,ceq,ceqdifgt.ado,ado,2026-07-08
ceqdigini,ceq,ceqdigini.ado,ado,2026-07-08
ceqdinineq,ceq,ceqdinineq.ado,ado,2026-07-08
ceqdom,ceq,ceqdom.ado,ado,2026-07-08
ceqdomext,ceq,ceqdomext.ado,ado,2026-07-08
ceqeduc,ceq,ceqeduc.ado,ado,2026-07-08
ceqef,ceq,ceqef.ado,ado,2026-07-08
ceqefext,ceq,ceqefext.ado,ado,2026-07-08
ceqextend,ceq,ceqextend.ado,ado,2026-07-08
ceqextpop,ceq,ceqextpop.ado,ado,2026-07-08
ceqextsig,ceq,ceqextsig.ado,ado,2026-07-08
ceqfi,ceq,ceqfi.ado,ado,2026-07-08
ceqfiscal,ceq,ceqfiscal.ado,ado,2026-07-08
ceqgraph_cdf,ceq,ceqgraph_cdf.ado,ado,2026-07-08
ceqgraph_conc,ceq,ceqgraph_conc.ado,ado,2026-07-08
ceqgraph_fi,ceq,ceqgraph_fi.ado,ado,2026-07-08
ceqgraph_progressivity,ceq,ceqgraph_progressivity.ado,ado,2026-07-08
ceqgraph,ceq,ceqgraph.ado,ado,2026-07-08
ceqhhchar,ceq,ceqhhchar.ado,ado,2026-07-08
ceqindchar,ceq,ceqindchar.ado,ado,2026-07-08
ceqinfra,ceq,ceqinfra.ado,ado,2026-07-08
ceqiop,ceq,ceqiop.ado,ado,2026-07-08
ceqlorenz,ceq,ceqlorenz.ado,ado,2026-07-08
ceqmarg,ceq,ceqmarg.ado,ado,2026-07-08
ceqpop,ceq,ceqpop.ado,ado,2026-07-08
ceqppp,ceq,ceqppp.ado,ado,2026-07-08
ceqrace,ceq,ceqrace.ado,ado,2026-07-08
ceqstatsig,ceq,ceqstatsig.ado,ado,2026-07-08
ceqtarget,ceq,ceqtarget.ado,ado,2026-07-08
covconc,ceq,covconc.ado,ado,2026-07-08
ceq_parse_using,ceq,ceq_parse_using.ado,ado,2026-07-08
incomecdf,ceq,../i/incomecdf.ado,ado,2026-07-08
oppincidence,ceq,../o/oppincidence.ado,ado,2026-07-08
clean_name,clean_name,clean_name.ado,ado,2026-07-08
csum,csum,csum.ado,ado,2026-07-08
csumdgp,csum,csumdgp.ado,ado,2026-07-08
csti,csti,csti.ado,ado,2026-07-08
calibrate,calibrate,calibrate.ado,ado,2026-07-08
cvequal,cvequal,cvequal.ado,ado,2026-07-08
couliari,couliari,couliari.ado,ado,2026-07-08
chesspuzzle,chesspuzzle,chesspuzzle.ado,ado,2026-07-08
chesspos,chesspuzzle,chesspos.ado,ado,2026-07-08
cntop10,cntop10,cntop10.ado,ado,2026-07-08
contrast,contrast,contrast.ado,ado,2026-07-08
contrasi,contrast,contrasi.ado,ado,2026-07-08
aov1cont,contrast,../a/aov1cont.ado,ado,2026-07-08
_jprcout,contrast,../_/_jprcout.ado,ado,2026-07-08
clustersampsim,clustersampsim,clustersampsim.ado,ado,2026-07-08
cortesti,cortesti,cortesti.ado,ado,2026-07-08
contour,contour,contour.ado,ado,2026-07-08
coefout,coefout,coefout.ado,ado,2026-07-08
ccv,ccv,ccv.ado,ado,2026-07-08
cntraveltime,cntraveltime,cntraveltime.ado,ado,2026-07-08
ckvar,ckvar,ckvar.ado,ado,2026-07-08
_char2dlg,ckvar,../_/_char2dlg.ado,ado,2026-07-08
_ck4like,ckvar,../_/_ck4like.ado,ado,2026-07-08
_ckneeded,ckvar,../_/_ckneeded.ado,ado,2026-07-08
_ckvarnext,ckvar,../_/_ckvarnext.ado,ado,2026-07-08
_set2logic,ckvar,../_/_set2logic.ado,ado,2026-07-08
_stata2logic,ckvar,../_/_stata2logic.ado,ado,2026-07-08
ckcodebook,ckvar,ckcodebook.ado,ado,2026-07-08
ckdrop,ckvar,ckdrop.ado,ado,2026-07-08
ckkeep,ckvar,ckkeep.ado,ado,2026-07-08
ckrename,ckvar,ckrename.ado,ado,2026-07-08
ckvarclear,ckvar,ckvarclear.ado,ado,2026-07-08
ckvardo,ckvar,ckvardo.ado,ado,2026-07-08
ckvaredit,ckvar,ckvaredit.ado,ado,2026-07-08
ckvareditsave,ckvar,ckvareditsave.ado,ado,2026-07-08
ckvarupdate,ckvar,ckvarupdate.ado,ado,2026-07-08
dochar,ckvar,../d/dochar.ado,ado,2026-07-08
docharedit,ckvar,../d/docharedit.ado,ado,2026-07-08
cusum6,cusum6,cusum6.ado,ado,2026-07-08
_cu_c0,cusum6,../_/_cu_c0.ado,ado,2026-07-08
cm2in,cm2in,cm2in.ado,ado,2026-07-08
g2oz,cm2in,../g/g2oz.ado,ado,2026-07-08
msq2ftsq,cm2in,../m/msq2ftsq.ado,ado,2026-07-08
confsvy,confsvy,confsvy.ado,ado,2026-07-08
classtabi,classtabi,classtabi.ado,ado,2026-07-08
corr_svy,corr_svy,corr_svy.ado,ado,2026-07-08
cnborder,cnborder,cnborder.ado,ado,2026-07-08
coldiag,coldiag,coldiag.ado,ado,2026-07-08
coefconv,coefconv,coefconv.ado,ado,2026-07-08
coefconv_plot,coefconv,coefconv_plot.ado,ado,2026-07-08
crtrees,crtrees,crtrees.ado,ado,2026-07-08
crtrees_p,crtrees,crtrees_p.ado,ado,2026-07-08
chiplot,chiplot,chiplot.ado,ado,2026-07-08
circlebar,circlebar,circlebar.ado,ado,2026-07-08
polarbar,circlebar,../p/polarbar.ado,ado,2026-07-08
cycleplot,cycleplot,cycleplot.ado,ado,2026-07-08
calibest,calibest,calibest.ado,ado,2026-07-08
cb2html,cb2html,cb2html.ado,ado,2026-07-08
canon,canon,canon.ado,ado,2026-07-08
cstable,cstable,cstable.ado,ado,2026-07-08
cooksd2,cooksd2,cooksd2.ado,ado,2026-07-08
cdreg,cdreg,cdreg.ado,ado,2026-07-08
corrtex2,corrtex2,corrtex2.ado,ado,2026-07-08
cflpois,cflpois,cflpois.ado,ado,2026-07-08
cns,cns,cns.ado,ado,2026-07-08
csdid,csdid,csdid.ado,ado,2026-07-08
csdid_estat,csdid,csdid_estat.ado,ado,2026-07-08
csdid_rif,csdid,csdid_rif.ado,ado,2026-07-08
csdid_stats,csdid,csdid_stats.ado,ado,2026-07-08
csdid_table,csdid,csdid_table.ado,ado,2026-07-08
csdid_plot,csdid,csdid_plot.ado,ado,2026-07-08
_gcsgvar,csdid,../_/_gcsgvar.ado,ado,2026-07-08
tsvmat,csdid,../t/tsvmat.ado,ado,2026-07-08
copycode,copycode,copycode.ado,ado,2026-07-08
fastcc,copycode,../f/fastcc.ado,ado,2026-07-08
chinafin,chinafin,chinafin.ado,ado,2026-07-08
cdfquantreg,cdfquantreg,cdfquantreg.ado,ado,2026-07-08
asinhburr7,cdfquantreg,../a/asinhburr7.ado,ado,2026-07-08
asinhlogistic,cdfquantreg,../a/asinhlogistic.ado,ado,2026-07-08
asinhasinh,cdfquantreg,../a/asinhasinh.ado,ado,2026-07-08
asinhburr8,cdfquantreg,../a/asinhburr8.ado,ado,2026-07-08
asinht2,cdfquantreg,../a/asinht2.ado,ado,2026-07-08
asinhcauchy,cdfquantreg,../a/asinhcauchy.ado,ado,2026-07-08
burr8burr8,cdfquantreg,../b/burr8burr8.ado,ado,2026-07-08
burr8t2,cdfquantreg,../b/burr8t2.ado,ado,2026-07-08
burr7burr7,cdfquantreg,../b/burr7burr7.ado,ado,2026-07-08
burr7asinh,cdfquantreg,../b/burr7asinh.ado,ado,2026-07-08
burr8cauchy,cdfquantreg,../b/burr8cauchy.ado,ado,2026-07-08
burr8asinh,cdfquantreg,../b/burr8asinh.ado,ado,2026-07-08
burr7t2,cdfquantreg,../b/burr7t2.ado,ado,2026-07-08
burr8logistic,cdfquantreg,../b/burr8logistic.ado,ado,2026-07-08
burr7cauchy,cdfquantreg,../b/burr7cauchy.ado,ado,2026-07-08
burr7burr8,cdfquantreg,../b/burr7burr8.ado,ado,2026-07-08
burr7logistic,cdfquantreg,../b/burr7logistic.ado,ado,2026-07-08
burr8burr7,cdfquantreg,../b/burr8burr7.ado,ado,2026-07-08
cauchitt2,cdfquantreg,cauchitt2.ado,ado,2026-07-08
cauchitburr7,cdfquantreg,cauchitburr7.ado,ado,2026-07-08
cdfquantreg_p,cdfquantreg,cdfquantreg_p.ado,ado,2026-07-08
cauchitlogistic,cdfquantreg,cauchitlogistic.ado,ado,2026-07-08
cauchitcauchy,cdfquantreg,cauchitcauchy.ado,ado,2026-07-08
cauchitasinh,cdfquantreg,cauchitasinh.ado,ado,2026-07-08
cdfquantreg_m,cdfquantreg,cdfquantreg_m.ado,ado,2026-07-08
cauchitburr8,cdfquantreg,cauchitburr8.ado,ado,2026-07-08
logitlogistic,cdfquantreg,../l/logitlogistic.ado,ado,2026-07-08
logitburr7,cdfquantreg,../l/logitburr7.ado,ado,2026-07-08
logitasinh,cdfquantreg,../l/logitasinh.ado,ado,2026-07-08
logitcauchy,cdfquantreg,../l/logitcauchy.ado,ado,2026-07-08
logitt2,cdfquantreg,../l/logitt2.ado,ado,2026-07-08
logitburr8,cdfquantreg,../l/logitburr8.ado,ado,2026-07-08
t2burr7,cdfquantreg,../t/t2burr7.ado,ado,2026-07-08
t2asinh,cdfquantreg,../t/t2asinh.ado,ado,2026-07-08
t2t2,cdfquantreg,../t/t2t2.ado,ado,2026-07-08
t2cauchy,cdfquantreg,../t/t2cauchy.ado,ado,2026-07-08
t2logistic,cdfquantreg,../t/t2logistic.ado,ado,2026-07-08
t2burr8,cdfquantreg,../t/t2burr8.ado,ado,2026-07-08
clorenz,clorenz,clorenz.ado,ado,2026-07-08
censusapi,censusapi,censusapi.ado,ado,2026-07-08
ccmpre,ccmpre,ccmpre.ado,ado,2026-07-08
cpoisson,cpoisson,cpoisson.ado,ado,2026-07-08
cpoisll,cpoisson,cpoisll.ado,ado,2026-07-08
clusterbs,clusterbs,clusterbs.ado,ado,2026-07-08
correlationchords,correlationchords,correlationchords.ado,ado,2026-07-08
combomarginsplot,combomarginsplot,combomarginsplot.ado,ado,2026-07-08
combomp,combomarginsplot,combomp.ado,ado,2026-07-08
cmpmargins,combomarginsplot,cmpmargins.ado,ado,2026-07-08
combomarginsplot12,combomarginsplot,combomarginsplot12.ado,ado,2026-07-08
clus_nway,clus_nway,clus_nway.ado,ado,2026-07-08
callsado,callsado,callsado.ado,ado,2026-07-08
cddens,cddens,cddens.ado,ado,2026-07-08
coranal,coranal,coranal.ado,ado,2026-07-08
cquantile,cquantile,cquantile.ado,ado,2026-07-08
conindex,conindex,conindex.ado,ado,2026-07-08
cihplot,cihplot,cihplot.ado,ado,2026-07-08
hplot,cihplot,../h/hplot.ado,ado,2026-07-08
cngcode,cngcode,cngcode.ado,ado,2026-07-08
cnaddress,cngcode,cnaddress.ado,ado,2026-07-08
chunky8,chunky8,chunky8.ado,ado,2026-07-08
cpyxplot,cpyxplot,cpyxplot.ado,ado,2026-07-08
cpyxplot6,cpyxplot,cpyxplot6.ado,ado,2026-07-08
concindexi,concindex,concindexi.ado,ado,2026-07-08
concindexg,concindex,concindexg.ado,ado,2026-07-08
csranks,csranks,csranks.ado,ado,2026-07-08
cv_kfold,cv_kfold,cv_kfold.ado,ado,2026-07-08
charon,charon,charon.ado,ado,2026-07-08
charcopy,charutil,charcopy.ado,ado,2026-07-08
chardel,charutil,chardel.ado,ado,2026-07-08
charto6,charutil,charto6.ado,ado,2026-07-08
checkreg3,checkreg3,checkreg3.ado,ado,2026-07-08
crater,crater,crater.ado,ado,2026-07-08
cqiv,cqiv,cqiv.ado,ado,2026-07-08
choi_lr_test,choi_lr_test,choi_lr_test.ado,ado,2026-07-08
choi_lr_testi,choi_lr_test,choi_lr_testi.ado,ado,2026-07-08
choi_lr_support_interval_or_eq_0,choi_lr_test,choi_lr_support_interval_or_eq_0.ado,ado,2026-07-08
choi_lr_support_interval_big_or,choi_lr_test,choi_lr_support_interval_big_or.ado,ado,2026-07-08
choi_lr_support_interval,choi_lr_test,choi_lr_support_interval.ado,ado,2026-07-08
choi_lr_hyperg_prob,choi_lr_test,choi_lr_hyperg_prob.ado,ado,2026-07-08
choi_lr_hypergeom,choi_lr_test,choi_lr_hypergeom.ado,ado,2026-07-08
nl_choi_support_interval,choi_lr_test,../n/nl_choi_support_interval.ado,ado,2026-07-08
corsp,corsp,corsp.ado,ado,2026-07-08
cprd_additional,cprdutil,cprd_additional.ado,ado,2026-07-08
cprd_batchnumber,cprdutil,cprd_batchnumber.ado,ado,2026-07-08
cprd_bnfcodes,cprdutil,cprd_bnfcodes.ado,ado,2026-07-08
cprd_browser_medical,cprdutil,cprd_browser_medical.ado,ado,2026-07-08
cprd_browser_product,cprdutil,cprd_browser_product.ado,ado,2026-07-08
cprd_clinical,cprdutil,cprd_clinical.ado,ado,2026-07-08
cprd_common_dosages,cprdutil,cprd_common_dosages.ado,ado,2026-07-08
cprd_consultation,cprdutil,cprd_consultation.ado,ado,2026-07-08
cprd_entity,cprdutil,cprd_entity.ado,ado,2026-07-08
cprd_immunisation,cprdutil,cprd_immunisation.ado,ado,2026-07-08
cprd_medical,cprdutil,cprd_medical.ado,ado,2026-07-08
cprd_nonxyzlookup,cprdutil,cprd_nonxyzlookup.ado,ado,2026-07-08
cprd_packtype,cprdutil,cprd_packtype.ado,ado,2026-07-08
cprd_patient,cprdutil,cprd_patient.ado,ado,2026-07-08
cprd_patientobs,cprdutil,cprd_patientobs.ado,ado,2026-07-08
cprd_practice,cprdutil,cprd_practice.ado,ado,2026-07-08
cprd_product,cprdutil,cprd_product.ado,ado,2026-07-08
cprd_referral,cprdutil,cprd_referral.ado,ado,2026-07-08
cprd_scoremethod,cprdutil,cprd_scoremethod.ado,ado,2026-07-08
cprd_staff,cprdutil,cprd_staff.ado,ado,2026-07-08
cprd_test,cprdutil,cprd_test.ado,ado,2026-07-08
cprd_therapy,cprdutil,cprd_therapy.ado,ado,2026-07-08
cprd_xyzlookup,cprdutil,cprd_xyzlookup.ado,ado,2026-07-08
cnstroke,cnstroke,cnstroke.ado,ado,2026-07-08
classplot,classplot,classplot.ado,ado,2026-07-08
corrtex,corrtex,corrtex.ado,ado,2026-07-08
checkvar,checkvar,checkvar.ado,ado,2026-07-08
condisc,condisc,condisc.ado,ado,2026-07-08
color_style,color_style,color_style.ado,ado,2026-07-08
color_brewer,color_style,color_brewer.ado,ado,2026-07-08
color_brewer9,color_style,color_brewer9.ado,ado,2026-07-08
font_style,color_style,../f/font_style.ado,ado,2026-07-08
graphquery,color_style,../g/graphquery.ado,ado,2026-07-08
black,color_style,../s/scheme-black.scheme,scheme,2026-07-08
white,color_style,../s/scheme-white.scheme,scheme,2026-07-08
black2,color_style,../s/scheme-black2.scheme,scheme,2026-07-08
white2,color_style,../s/scheme-white2.scheme,scheme,2026-07-08
cnstock,cnstock,cnstock.ado,ado,2026-07-08
chesspos,chesspos,chesspos.ado,ado,2026-07-08
cfbinout,cfbinout,cfbinout.ado,ado,2026-07-08
cedesign,cedesign,cedesign.ado,ado,2026-07-08
csum,csumchart,csum.ado,ado,2026-07-08
csumdgp,csumchart,csumdgp.ado,ado,2026-07-08
csumra,csumchart,csumra.ado,ado,2026-07-08
csumradgp,csumchart,csumradgp.ado,ado,2026-07-08
csumralimit,csumchart,csumralimit.ado,ado,2026-07-08
cal,cal,cal.ado,ado,2026-07-08
cacheit,cacheit,cacheit.ado,ado,2026-07-08
cacheit_clean,cacheit,cacheit_clean.ado,ado,2026-07-08
cacheit_examples,cacheit,cacheit_examples.ado,ado,2026-07-08
cacheit_hash,cacheit,cacheit_hash.ado,ado,2026-07-08
cacheit_list,cacheit,cacheit_list.ado,ado,2026-07-08
cacheit_utils,cacheit,cacheit_utils.ado,ado,2026-07-08
cpigen,cpigen,cpigen.ado,ado,2026-07-08
cv2,cv2,cv2.ado,ado,2026-07-08
collapse2,collapse2,collapse2.ado,ado,2026-07-08
cprdhes_acp,cprdhesutil,cprdhes_acp.ado,ado,2026-07-08
cprdhes_ccare,cprdhesutil,cprdhes_ccare.ado,ado,2026-07-08
cprdhes_diagnosis_epi,cprdhesutil,cprdhes_diagnosis_epi.ado,ado,2026-07-08
cprdhes_diagnosis_hosp,cprdhesutil,cprdhes_diagnosis_hosp.ado,ado,2026-07-08
cprdhes_episodes,cprdhesutil,cprdhes_episodes.ado,ado,2026-07-08
cprdhes_hospital,cprdhesutil,cprdhes_hospital.ado,ado,2026-07-08
cprdhes_hrg,cprdhesutil,cprdhes_hrg.ado,ado,2026-07-08
cprdhes_maternity,cprdhesutil,cprdhes_maternity.ado,ado,2026-07-08
cprdhes_patient,cprdhesutil,cprdhes_patient.ado,ado,2026-07-08
cprdhes_primary_diag_hosp,cprdhesutil,cprdhes_primary_diag_hosp.ado,ado,2026-07-08
cprdhes_procedures_epi,cprdhesutil,cprdhes_procedures_epi.ado,ado,2026-07-08
civreg,civreg,civreg.ado,ado,2026-07-08
csjl,csjl,csjl.ado,ado,2026-07-08
case2tex,case2tex,case2tex.ado,ado,2026-07-08
combival,combival,combival.ado,ado,2026-07-08
dseg,dseg,dseg.ado,ado,2026-07-08
dummies,dummies,dummies.ado,ado,2026-07-08
ds5,ds5,ds5.ado,ado,2026-07-08
demotivate,demotivate,demotivate.ado,ado,2026-07-08
dta2ddi,dta2ddi,dta2ddi.ado,ado,2026-07-08
duncan,duncan,duncan.ado,ado,2026-07-08
duncan2,duncan,duncan2.ado,ado,2026-07-08
devnplot,devnplot,devnplot.ado,ado,2026-07-08
dnqr,dnqr,dnqr.ado,ado,2026-07-08
_dnqr_impulse_plot,dnqr,../_/_dnqr_impulse_plot.ado,ado,2026-07-08
_dnqr_mata,dnqr,../_/_dnqr_mata.ado,ado,2026-07-08
_dnqr_silent_qreg,dnqr,../_/_dnqr_silent_qreg.ado,ado,2026-07-08
dnqr_impulse,dnqr,dnqr_impulse.ado,ado,2026-07-08
dnqr_plot,dnqr,dnqr_plot.ado,ado,2026-07-08
dnqr_simulate,dnqr,dnqr_simulate.ado,ado,2026-07-08
nqar,dnqr,../n/nqar.ado,ado,2026-07-08
dadjoke,dadjoke,dadjoke.ado,ado,2026-07-08
dmout,dmout,dmout.ado,ado,2026-07-08
delta,delta,delta.ado,ado,2026-07-08
distill,distill,distill.ado,ado,2026-07-08
distan,distan,distan.ado,ado,2026-07-08
datmat,datmat,datmat.ado,ado,2026-07-08
diptest,diptest,diptest.ado,ado,2026-07-08
deci,deci,deci.ado,ado,2026-07-08
did_multiplegt_stat,did_multiplegt_stat,did_multiplegt_stat.ado,ado,2026-07-08
dynsimpie,dynsimpie,dynsimpie.ado,ado,2026-07-08
did_multiplegt_old,did_multiplegt_old,did_multiplegt_old.ado,ado,2026-07-08
desmat,desmat,desmat.ado,ado,2026-07-08
desrep,desmat,desrep.ado,ado,2026-07-08
destest,desmat,destest.ado,ado,2026-07-08
outshee2,desmat,../o/outshee2.ado,ado,2026-07-08
showtrms,desmat,../s/showtrms.ado,ado,2026-07-08
desclong,desclong,desclong.ado,ado,2026-07-08
dummify,dummify,dummify.ado,ado,2026-07-08
decompose,decompose,decompose.ado,ado,2026-07-08
dtastamp,dtastamp,dtastamp.ado,ado,2026-07-08
ds3,ds3,ds3.ado,ado,2026-07-08
des_dtl,desma,des_dtl.ado,ado,2026-07-08
des_ma,desma,des_ma.ado,ado,2026-07-08
des_mams,desma,des_mams.ado,ado,2026-07-08
sim_dtl,desma,../s/sim_dtl.ado,ado,2026-07-08
sim_ma,desma,../s/sim_ma.ado,ado,2026-07-08
sim_mams,desma,../s/sim_mams.ado,ado,2026-07-08
didplacebo,didplacebo,didplacebo.ado,ado,2026-07-08
tofirsttreat,didplacebo,../t/tofirsttreat.ado,ado,2026-07-08
xtrantreat,didplacebo,../x/xtrantreat.ado,ado,2026-07-08
xtshuffle,didplacebo,../x/xtshuffle.ado,ado,2026-07-08
devcon,devcon,devcon.ado,ado,2026-07-08
descogini,descogini,descogini.ado,ado,2026-07-08
ds2,ds2,ds2.ado,ado,2026-07-08
dolog6,dologx,dolog6.ado,ado,2026-07-08
dolog7,dologx,dolog7.ado,ado,2026-07-08
dolog8,dologx,dolog8.ado,ado,2026-07-08
dolog9,dologx,dolog9.ado,ado,2026-07-08
dolog10,dologx,dolog10.ado,ado,2026-07-08
dolog11,dologx,dolog11.ado,ado,2026-07-08
dolog12,dologx,dolog12.ado,ado,2026-07-08
dolog13,dologx,dolog13.ado,ado,2026-07-08
dolog14,dologx,dolog14.ado,ado,2026-07-08
dolog15,dologx,dolog15.ado,ado,2026-07-08
dolog16,dologx,dolog16.ado,ado,2026-07-08
dirifit,dirifit,dirifit.ado,ado,2026-07-08
dirireg_lf,dirifit,dirireg_lf.ado,ado,2026-07-08
dirifit_lf,dirifit,dirifit_lf.ado,ado,2026-07-08
dirifit_ex,dirifit,dirifit_ex.ado,ado,2026-07-08
dirifit_p,dirifit,dirifit_p.ado,ado,2026-07-08
ddirifit,dirifit,ddirifit.ado,ado,2026-07-08
diagreg,diagreg,diagreg.ado,ado,2026-07-08
descsave,descsave,descsave.ado,ado,2026-07-08
docd,docd,docd.ado,ado,2026-07-08
runcd,docd,../r/runcd.ado,ado,2026-07-08
splitpath,docd,../s/splitpath.ado,ado,2026-07-08
dta2kml,dta2kml,dta2kml.ado,ado,2026-07-08
dfsummary,dfsummary,dfsummary.ado,ado,2026-07-08
descriptive_table,descriptive_table,descriptive_table.ado,ado,2026-07-08
get_var_info,descriptive_table,../g/get_var_info.ado,ado,2026-07-08
dthaz,dthaz,dthaz.ado,ado,2026-07-08
prsnperd,dthaz,../p/prsnperd.ado,ado,2026-07-08
msdthaz,dthaz,../m/msdthaz.ado,ado,2026-07-08
devr2,devr2,devr2.ado,ado,2026-07-08
dudahart,dudahart,dudahart.ado,ado,2026-07-08
dict,dict,dict.ado,ado,2026-07-08
dups,dups,dups.ado,ado,2026-07-08
distcomp2var,distcomp2var,distcomp2var.ado,ado,2026-07-08
distmatch,distmatch,distmatch.ado,ado,2026-07-08
dfgls,dfgls,dfgls.ado,ado,2026-07-08
distplot,distplot,distplot.ado,ado,2026-07-08
distplot7,distplot,distplot7.ado,ado,2026-07-08
dlagif,dlagif,dlagif.ado,ado,2026-07-08
dpplot,dpplot,dpplot.ado,ado,2026-07-08
dpplot7,dpplot,dpplot7.ado,ado,2026-07-08
discrates,discrates,discrates.ado,ado,2026-07-08
des2,des2,des2.ado,ado,2026-07-08
decomp,decomp,decomp.ado,ado,2026-07-08
himod,decomp,../h/himod.ado,ado,2026-07-08
lomod,decomp,../l/lomod.ado,ado,2026-07-08
dmerge,dmerge,dmerge.ado,ado,2026-07-08
did_multiplegt_dyn,did_multiplegt_dyn,did_multiplegt_dyn.ado,ado,2026-07-08
doubletofloat,doubletofloat,doubletofloat.ado,ado,2026-07-08
distcomp,distcomp,distcomp.ado,ado,2026-07-08
distrate,distrate,distrate.ado,ado,2026-07-08
distrate_example,distrate,distrate_example.ado,ado,2026-07-08
dirtree,dirtree,dirtree.ado,ado,2026-07-08
dgraph,dgraph,dgraph.ado,ado,2026-07-08
divratio,divratio,divratio.ado,ado,2026-07-08
dependencies,dependencies,dependencies.ado,ado,2026-07-08
ancestor,dag,../a/ancestor.ado,ado,2026-07-08
child,dag,../c/child.ado,ado,2026-07-08
childc,dag,../c/childc.ado,ado,2026-07-08
dtobit2,dtobit2,dtobit2.ado,ado,2026-07-08
doptimal,doptimal,doptimal.ado,ado,2026-07-08
dyads,dyads,dyads.ado,ado,2026-07-08
diagram,diagram,diagram.ado,ado,2026-07-08
diagramconnection,diagram,diagramconnection.ado,ado,2026-07-08
diagramnode,diagram,diagramnode.ado,ado,2026-07-08
calldiagram,diagram,../c/calldiagram.ado,ado,2026-07-08
makediagram,diagram,../m/makediagram.ado,ado,2026-07-08
semdiagram,diagram,../s/semdiagram.ado,ado,2026-07-08
diff_plot,diff_plot,diff_plot.ado,ado,2026-07-08
dataout,dataout,dataout.ado,ado,2026-07-08
drlate,drlate,drlate.ado,ado,2026-07-08
drlate_estimate_late,drlate,drlate_estimate_late.ado,ado,2026-07-08
drlate_estimate_latt,drlate,drlate_estimate_latt.ado,ado,2026-07-08
drlate_estimate,drlate,drlate_estimate.ado,ado,2026-07-08
_drlate_getstats,drlate,../_/_drlate_getstats.ado,ado,2026-07-08
_drlate_gmmopts,drlate,../_/_drlate_gmmopts.ado,ado,2026-07-08
_drlate_options,drlate,../_/_drlate_options.ado,ado,2026-07-08
_drlate_parse,drlate,../_/_drlate_parse.ado,ado,2026-07-08
_drlate_ps,drlate,../_/_drlate_ps.ado,ado,2026-07-08
dotex,dotex,dotex.ado,ado,2026-07-08
didq,didq,didq.ado,ado,2026-07-08
domin,domin,domin.ado,ado,2026-07-08
domme,domin,domme.ado,ado,2026-07-08
fitdom,domin,../f/fitdom.ado,ado,2026-07-08
mi_dom,domin,../m/mi_dom.ado,ado,2026-07-08
mixdom,domin,../m/mixdom.ado,ado,2026-07-08
mvdom,domin,../m/mvdom.ado,ado,2026-07-08
durbinh,durbinh,durbinh.ado,ado,2026-07-08
cdout,dirtools,../c/cdout.ado,ado,2026-07-08
clickout,dirtools,../c/clickout.ado,ado,2026-07-08
lado,dirtools,../l/lado.ado,ado,2026-07-08
lall,dirtools,../l/lall.ado,ado,2026-07-08
ldir,dirtools,../l/ldir.ado,ado,2026-07-08
ldo,dirtools,../l/ldo.ado,ado,2026-07-08
ldta,dirtools,../l/ldta.ado,ado,2026-07-08
leps,dirtools,../l/leps.ado,ado,2026-07-08
lgph,dirtools,../l/lgph.ado,ado,2026-07-08
lmata,dirtools,../l/lmata.ado,ado,2026-07-08
lpdf,dirtools,../l/lpdf.ado,ado,2026-07-08
lsmcl,dirtools,../l/lsmcl.ado,ado,2026-07-08
ltex,dirtools,../l/ltex.ado,ado,2026-07-08
dashln,dashln,dashln.ado,ado,2026-07-08
dstat,dstat,dstat.ado,ado,2026-07-08
dstat_svyr,dstat,dstat_svyr.ado,ado,2026-07-08
docxtab,docxtab,docxtab.ado,ado,2026-07-08
dmexogxt,dmexogxt,dmexogxt.ado,ado,2026-07-08
dyadid,dyadid,dyadid.ado,ado,2026-07-08
did_multiplegt,did_multiplegt,did_multiplegt.ado,ado,2026-07-08
doub2flt,doub2flt,doub2flt.ado,ado,2026-07-08
recast2,doub2flt,../r/recast2.ado,ado,2026-07-08
diagma,diagma,diagma.ado,ado,2026-07-08
difdetect,difdetect,difdetect.ado,ado,2026-07-08
did_had,did_had,did_had.ado,ado,2026-07-08
dptest,dptest,dptest.ado,ado,2026-07-08
did2s,did2s,did2s.ado,ado,2026-07-08
dirlist,dirlist,dirlist.ado,ado,2026-07-08
dltable,dltable,dltable.ado,ado,2026-07-08
dataex,dataex,dataex.ado,ado,2026-07-08
descgen,descgen,descgen.ado,ado,2026-07-08
dmariano,dmariano,dmariano.ado,ado,2026-07-08
dash,dash,dash.ado,ado,2026-07-08
doseresponse,doseresponse,doseresponse.ado,ado,2026-07-08
doseresponse_model,doseresponse,doseresponse_model.ado,ado,2026-07-08
gpscore,doseresponse,../g/gpscore.ado,ado,2026-07-08
gpscore_model,doseresponse,../g/gpscore_model.ado,ado,2026-07-08
datesum,datesum,datesum.ado,ado,2026-07-08
domdiag,domdiag,domdiag.ado,ado,2026-07-08
dta2sav,dta2sav,dta2sav.ado,ado,2026-07-08
dbmscopybatch,dbmscopybatch,dbmscopybatch.ado,ado,2026-07-08
drarea,drarea,drarea.ado,ado,2026-07-08
diagtest,diagtest,diagtest.ado,ado,2026-07-08
datanet,datanet,datanet.ado,ado,2026-07-08
delaunay,delaunay,delaunay.ado,ado,2026-07-08
voronoi,delaunay,../v/voronoi.ado,ado,2026-07-08
doseresponse2,doseresponse2,doseresponse2.ado,ado,2026-07-08
doseresponse_model,doseresponse2,doseresponse_model.ado,ado,2026-07-08
do2screen,do2screen,do2screen.ado,ado,2026-07-08
did_imputation,did_imputation,did_imputation.ado,ado,2026-07-08
dolog,dolog,dolog.ado,ado,2026-07-08
dosmcl,dolog,dosmcl.ado,ado,2026-07-08
dubois_example,dubois,dubois_example.ado,ado,2026-07-08
dubois,dubois,../s/scheme-dubois.scheme,scheme,2026-07-08
directma,directma,directma.ado,ado,2026-07-08
distinct,distinct,distinct.ado,ado,2026-07-08
dagumfit,dagumfit,dagumfit.ado,ado,2026-07-08
dagumfit_ll,dagumfit,dagumfit_ll.ado,ado,2026-07-08
dagumpred,dagumfit,dagumpred.ado,ado,2026-07-08
dbnomics,dbnomics,dbnomics.ado,ado,2026-07-08
dynamic_est,dynamic_est,dynamic_est.ado,ado,2026-07-08
dtapaper,dtapaper,dtapaper.ado,ado,2026-07-08
setdtapaper,dtapaper,../s/setdtapaper.ado,ado,2026-07-08
dichoct,dichoct,dichoct.ado,ado,2026-07-08
diff,diff,diff.ado,ado,2026-07-08
diffbs,diff,diffbs.ado,ado,2026-07-08
diffpi,diffpi,diffpi.ado,ado,2026-07-08
diddesign,diddesign,diddesign.ado,ado,2026-07-08
_diddesign_display_footer,diddesign,../_/_diddesign_display_footer.ado,ado,2026-07-08
_diddesign_display_header,diddesign,../_/_diddesign_display_header.ado,ado,2026-07-08
_diddesign_display_result,diddesign,../_/_diddesign_display_result.ado,ado,2026-07-08
_diddesign_display_table_header,diddesign,../_/_diddesign_display_table_header.ado,ado,2026-07-08
_diddesign_error,diddesign,../_/_diddesign_error.ado,ado,2026-07-08
_diddesign_expand_covariates,diddesign,../_/_diddesign_expand_covariates.ado,ado,2026-07-08
_diddesign_load_mata,diddesign,../_/_diddesign_load_mata.ado,ado,2026-07-08
_diddesign_parallel_boot,diddesign,../_/_diddesign_parallel_boot.ado,ado,2026-07-08
_diddesign_parallel_worker,diddesign,../_/_diddesign_parallel_worker.ado,ado,2026-07-08
_diddesign_parse,diddesign,../_/_diddesign_parse.ado,ado,2026-07-08
_diddesign_prep,diddesign,../_/_diddesign_prep.ado,ado,2026-07-08
_diddesign_sa,diddesign,../_/_diddesign_sa.ado,ado,2026-07-08
_diddesign_utils,diddesign,../_/_diddesign_utils.ado,ado,2026-07-08
_diddesign_warning,diddesign,../_/_diddesign_warning.ado,ado,2026-07-08
diddesign_check,diddesign,diddesign_check.ado,ado,2026-07-08
diddesign_plot,diddesign,diddesign_plot.ado,ado,2026-07-08
_ddml_allcombos,ddml,../_/_ddml_allcombos.ado,ado,2026-07-08
_ddml_copy,ddml,../_/_ddml_copy.ado,ado,2026-07-08
_ddml_crossfit,ddml,../_/_ddml_crossfit.ado,ado,2026-07-08
_ddml_describe,ddml,../_/_ddml_describe.ado,ado,2026-07-08
_ddml_drop,ddml,../_/_ddml_drop.ado,ado,2026-07-08
_ddml_estimate_ate_late,ddml,../_/_ddml_estimate_ate_late.ado,ado,2026-07-08
_ddml_estimate_linear,ddml,../_/_ddml_estimate_linear.ado,ado,2026-07-08
_ddml_export,ddml,../_/_ddml_export.ado,ado,2026-07-08
_ddml_extract,ddml,../_/_ddml_extract.ado,ado,2026-07-08
_ddml_nnls,ddml,../_/_ddml_nnls.ado,ado,2026-07-08
_ddml_nnls_p,ddml,../_/_ddml_nnls_p.ado,ado,2026-07-08
_ddml_overlap,ddml,../_/_ddml_overlap.ado,ado,2026-07-08
_ddml_sample,ddml,../_/_ddml_sample.ado,ado,2026-07-08
_ddml_save,ddml,../_/_ddml_save.ado,ado,2026-07-08
_ddml_use,ddml,../_/_ddml_use.ado,ado,2026-07-08
crossfit,ddml,../c/crossfit.ado,ado,2026-07-08
ddml,ddml,ddml.ado,ado,2026-07-08
qddml,ddml,../q/qddml.ado,ado,2026-07-08
dfao,dfao,dfao.ado,ado,2026-07-08
difd,difd,difd.ado,ado,2026-07-08
dashgph,dashgph,dashgph.ado,ado,2026-07-08
dta2html,dta2html,dta2html.ado,ado,2026-07-08
dta2md,dta2md,dta2md.ado,ado,2026-07-08
md2ddi2_5,dta2md,../m/md2ddi2_5.ado,ado,2026-07-08
dkobs,dkobs,dkobs.ado,ado,2026-07-08
dynsimple,dynsimple,dynsimple.ado,ado,2026-07-08
depthplot,depthplot,depthplot.ado,ado,2026-07-08
wallplot,depthplot,../w/wallplot.ado,ado,2026-07-08
fromdummies,dummies2,../f/fromdummies.ado,ado,2026-07-08
todummies,dummies2,../t/todummies.ado,ado,2026-07-08
dsweight,dsweight,dsweight.ado,ado,2026-07-08
scdsweight,dsweight,../s/scdsweight.ado,ado,2026-07-08
dftol,dftol,dftol.ado,ado,2026-07-08
dftolgraph,dftol,dftolgraph.ado,ado,2026-07-08
dftolss,dftol,dftolss.ado,ado,2026-07-08
dummieslab,dummieslab,dummieslab.ado,ado,2026-07-08
diagsampsi,diagsampsi,diagsampsi.ado,ado,2026-07-08
drcate,drcate,drcate.ado,ado,2026-07-08
drcatecv,drcate,drcatecv.ado,ado,2026-07-08
digdis,digdis,digdis.ado,ado,2026-07-08
_digdis,digdis,../_/_digdis.ado,ado,2026-07-08
drdecomp,drdecomp,drdecomp.ado,ado,2026-07-08
_ex_drdecomp,drdecomp,../_/_ex_drdecomp.ado,ado,2026-07-08
dkdensity,dkdensity,dkdensity.ado,ado,2026-07-08
dsginideco,dsginideco,dsginideco.ado,ado,2026-07-08
doparser,doparser,doparser.ado,ado,2026-07-08
doubleb,doubleb,doubleb.ado,ado,2026-07-08
doubleb_ll,doubleb,doubleb_ll.ado,ado,2026-07-08
dynardl,dynardl,dynardl.ado,ado,2026-07-08
pssbounds,dynardl,../p/pssbounds.ado,ado,2026-07-08
datelist,datelist,datelist.ado,ado,2026-07-08
drm,drm,drm.ado,ado,2026-07-08
drm_logit_ll,drm,drm_logit_ll.ado,ado,2026-07-08
drm_normal_ll,drm,drm_normal_ll.ado,ado,2026-07-08
drm_probit_ll,drm,drm_probit_ll.ado,ado,2026-07-08
nldrm_constant,drm,../n/nldrm_constant.ado,ado,2026-07-08
nldrm_rowcol,drm,../n/nldrm_rowcol.ado,ado,2026-07-08
disjoint,disjoint,disjoint.ado,ado,2026-07-08
diplot,diplot,diplot.ado,ado,2026-07-08
dobatch,dobatch,dobatch.ado,ado,2026-07-08
dobatch_wait,dobatch,dobatch_wait.ado,ado,2026-07-08
detect,detect,detect.ado,ado,2026-07-08
dpredict,dpredict,dpredict.ado,ado,2026-07-08
dtanotes,dtanotes,dtanotes.ado,ado,2026-07-08
denton,denton,denton.ado,ado,2026-07-08
denton7,denton,denton7.ado,ado,2026-07-08
dentonmq7,denton,dentonmq7.ado,ado,2026-07-08
ddf2dct,ddf2dct,ddf2dct.ado,ado,2026-07-08
didintjl,didintjl,didintjl.ado,ado,2026-07-08
didintjl_plot,didintjl,didintjl_plot.ado,ado,2026-07-08
dagfit,dagfit,dagfit.ado,ado,2026-07-08
dagfit_ll,dagfit,dagfit_ll.ado,ado,2026-07-08
doiplot,doiplot,doiplot.ado,ado,2026-07-08
difwithpar,difwithpar,difwithpar.ado,ado,2026-07-08
mergevirtual,difwithpar,../m/mergevirtual.ado,ado,2026-07-08
drdid,drdid,drdid.ado,ado,2026-07-08
drdid_display,drdid,drdid_display.ado,ado,2026-07-08
drdid_predict,drdid,drdid_predict.ado,ado,2026-07-08
_gmm_regipw,drdid,../_/_gmm_regipw.ado,ado,2026-07-08
_het_did_gmm,drdid,../_/_het_did_gmm.ado,ado,2026-07-08
_gmm_dripw,drdid,../_/_gmm_dripw.ado,ado,2026-07-08
_gmm_repeated,drdid,../_/_gmm_repeated.ado,ado,2026-07-08
diagreg2,diagreg2,diagreg2.ado,ado,2026-07-08
dlist,dlist,dlist.ado,ado,2026-07-08
duplist,dlist,duplist.ado,ado,2026-07-08
_gdigit,digits,../_/_gdigit.ado,ado,2026-07-08
digituse,digits,digituse.ado,ado,2026-07-08
zerouse,digits,../z/zerouse.ado,ado,2026-07-08
diagt,diagt,diagt.ado,ado,2026-07-08
diagti,diagt,diagti.ado,ado,2026-07-08
dsconcat,dsconcat,dsconcat.ado,ado,2026-07-08
dynpandoc,dynpandoc,dynpandoc.ado,ado,2026-07-08
stpandoc,dynpandoc,../s/stpandoc.ado,ado,2026-07-08
dsearch,dsearch,dsearch.ado,ado,2026-07-08
dqd,dqd,dqd.ado,ado,2026-07-08
divcat,divcat,divcat.ado,ado,2026-07-08
doubmass,doubmass,doubmass.ado,ado,2026-07-08
dfl,dfl,dfl.ado,ado,2026-07-08
_genx,dfl,../_/_genx.ado,ado,2026-07-08
datefrac,datefrac,datefrac.ado,ado,2026-07-08
dtalink,dtalink,dtalink.ado,ado,2026-07-08
dotemplate,dotemplate,dotemplate.ado,ado,2026-07-08
dcreate,dcreate,dcreate.ado,ado,2026-07-08
blockdes,dcreate,../b/blockdes.ado,ado,2026-07-08
evaldes,dcreate,../e/evaldes.ado,ado,2026-07-08
genfact,dcreate,../g/genfact.ado,ado,2026-07-08
datacheck,datacheck,datacheck.ado,ado,2026-07-08
designplot,designplot,designplot.ado,ado,2026-07-08
distprobmat,distprobmat,distprobmat.ado,ado,2026-07-08
dpath,dpath,dpath.ado,ado,2026-07-08
dpath_audit,dpath,dpath_audit.ado,ado,2026-07-08
dpath_build,dpath,dpath_build.ado,ado,2026-07-08
dpath_describe,dpath,dpath_describe.ado,ado,2026-07-08
dpath_dri,dpath,dpath_dri.ado,ado,2026-07-08
dpath_entropy,dpath,dpath_entropy.ado,ado,2026-07-08
dpath_equity,dpath,dpath_equity.ado,ado,2026-07-08
discrepancy,discrepancy,discrepancy.ado,ado,2026-07-08
drmmws,drmmws,drmmws.ado,ado,2026-07-08
drmmws_bs,drmmws,drmmws_bs.ado,ado,2026-07-08
mmws,drmmws,../m/mmws.ado,ado,2026-07-08
dataplink,dataplink,dataplink.ado,ado,2026-07-08
dep4asm,dep4asm,dep4asm.ado,ado,2026-07-08
indep4asm,dep4asm,../i/indep4asm.ado,ado,2026-07-08
didparallel,didparallel,didparallel.ado,ado,2026-07-08
d3network,d3network,d3network.ado,ado,2026-07-08
dissim_index,dissim,dissim_index.ado,ado,2026-07-08
dissim,dissim,dissim.ado,ado,2026-07-08
drmeta,drmeta,drmeta.ado,ado,2026-07-08
drmeta_cov,drmeta,drmeta_cov.ado,ado,2026-07-08
drmeta_gof,drmeta,drmeta_gof.ado,ado,2026-07-08
drmeta_graph,drmeta,drmeta_graph.ado,ado,2026-07-08
drmeta_predict,drmeta,drmeta_predict.ado,ado,2026-07-08
vartyp,vartyp,vartyp.ado,ado,2026-07-08
vmerge,vmerge,vmerge.ado,ado,2026-07-08
vratio,vratio,vratio.ado,ado,2026-07-08
vreverse9,vreverse9,vreverse9.ado,ado,2026-07-08
vcf,vcf,vcf.ado,ado,2026-07-08
vallab,vallab,vallab.ado,ado,2026-07-08
varcase,varcase,varcase.ado,ado,2026-07-08
vecar,vecar,vecar.ado,ado,2026-07-08
wntstmvq,vecar,../w/wntstmvq.ado,ado,2026-07-08
omninorm,vecar,../o/omninorm.ado,ado,2026-07-08
_gstdn,vecar,../_/_gstdn.ado,ado,2026-07-08
matmap,vecar,../m/matmap.ado,ado,2026-07-08
vc_bsreg,vc_pack,vc_bsreg.ado,ado,2026-07-08
vc_bw_old,vc_pack,vc_bw_old.ado,ado,2026-07-08
vc_bw,vc_pack,vc_bw.ado,ado,2026-07-08
vc_bwalt,vc_pack,vc_bwalt.ado,ado,2026-07-08
vc_bwmt,vc_pack,vc_bwmt.ado,ado,2026-07-08
vc_graph,vc_pack,vc_graph.ado,ado,2026-07-08
vc_predict,vc_pack,vc_predict.ado,ado,2026-07-08
vc_preg,vc_pack,vc_preg.ado,ado,2026-07-08
vc_reg,vc_pack,vc_reg.ado,ado,2026-07-08
vc_test,vc_pack,vc_test.ado,ado,2026-07-08
vt_xtoy,vc_pack,vt_xtoy.ado,ado,2026-07-08
_gkweight,vc_pack,../_/_gkweight.ado,ado,2026-07-08
_gvbin,vc_pack,../_/_gvbin.ado,ado,2026-07-08
_gwberr,vc_pack,../_/_gwberr.ado,ado,2026-07-08
veracrypt,veracrypt,veracrypt.ado,ado,2026-07-08
vam,vam,vam.ado,ado,2026-07-08
valtovar,valtovar,valtovar.ado,ado,2026-07-08
vorter,vorter,vorter.ado,ado,2026-07-08
vmatch,vmatch,vmatch.ado,ado,2026-07-08
vcontrol,vcontrol,vcontrol.ado,ado,2026-07-08
valcuofon_afp,valcuofon,valcuofon_afp.ado,ado,2026-07-08
valcuofon_afc,valcuofon,valcuofon_afc.ado,ado,2026-07-08
varlmhet,varlmhet,varlmhet.ado,ado,2026-07-08
veclmhet,varlmhet,veclmhet.ado,ado,2026-07-08
vallist,vallist,vallist.ado,ado,2026-07-08
vselect,vselect,vselect.ado,ado,2026-07-08
varmi,varmi,varmi.ado,ado,2026-07-08
vanelteren,vanelteren,vanelteren.ado,ado,2026-07-08
var_nr,var_nr,var_nr.ado,ado,2026-07-08
var_nr_fevd,var_nr,var_nr_fevd.ado,ado,2026-07-08
var_nr_fevd_bands,var_nr,var_nr_fevd_bands.ado,ado,2026-07-08
var_nr_fevd_plot,var_nr,var_nr_fevd_plot.ado,ado,2026-07-08
var_nr_hd,var_nr,var_nr_hd.ado,ado,2026-07-08
var_nr_hd_plot,var_nr,var_nr_hd_plot.ado,ado,2026-07-08
var_nr_irf,var_nr,var_nr_irf.ado,ado,2026-07-08
var_nr_irf_bands,var_nr,var_nr_irf_bands.ado,ado,2026-07-08
var_nr_irf_plot,var_nr,var_nr_irf_plot.ado,ado,2026-07-08
var_nr_narr_create,var_nr,var_nr_narr_create.ado,ado,2026-07-08
var_nr_narr_set,var_nr,var_nr_narr_set.ado,ado,2026-07-08
var_nr_options,var_nr,var_nr_options.ado,ado,2026-07-08
var_nr_options_display,var_nr,var_nr_options_display.ado,ado,2026-07-08
var_nr_shock_create,var_nr,var_nr_shock_create.ado,ado,2026-07-08
var_nr_shock_name,var_nr,var_nr_shock_name.ado,ado,2026-07-08
var_nr_shock_set,var_nr,var_nr_shock_set.ado,ado,2026-07-08
var_nr_sign_restrict,var_nr,var_nr_sign_restrict.ado,ado,2026-07-08
varlab,varlab,varlab.ado,ado,2026-07-08
venndiag,venndiag,venndiag.ado,ado,2026-07-08
varlag,varlag,varlag.ado,ado,2026-07-08
wntstmvq,varlag,../w/wntstmvq.ado,ado,2026-07-08
omninorm,varlag,../o/omninorm.ado,ado,2026-07-08
_gstdn,varlag,../_/_gstdn.ado,ado,2026-07-08
matmap,varlag,../m/matmap.ado,ado,2026-07-08
vececm,varlag,vececm.ado,ado,2026-07-08
vec_p,varlag,vec_p.ado,ado,2026-07-08
johans,varlag,../j/johans.ado,ado,2026-07-08
lrjtest,varlag,../l/lrjtest.ado,ado,2026-07-08
wjtest,varlag,../w/wjtest.ado,ado,2026-07-08
vecar,varlag,vecar.ado,ado,2026-07-08
bpagan,varlag,../b/bpagan.ado,ado,2026-07-08
bgtest,varlag,../b/bgtest.ado,ado,2026-07-08
vclose,vclose,vclose.ado,ado,2026-07-08
vioplot,vioplot,vioplot.ado,ado,2026-07-08
vbkw,vbkw,vbkw.ado,ado,2026-07-08
vbkw_main,vbkw,vbkw_main.ado,ado,2026-07-08
vbkwbstrap,vbkw,vbkwbstrap.ado,ado,2026-07-08
vlist,vlist,vlist.ado,ado,2026-07-08
vplplot,vplplot,vplplot.ado,ado,2026-07-08
vennbar,vennbar,vennbar.ado,ado,2026-07-08
sortmean,vennbar,../s/sortmean.ado,ado,2026-07-08
vallabframe,vallabframe,vallabframe.ado,ado,2026-07-08
vce2way,vce2way,vce2way.ado,ado,2026-07-08
vtokenize,vtokenize,vtokenize.ado,ado,2026-07-08
vgettoken,vtokenize,vgettoken.ado,ado,2026-07-08
varck,varck,varck.ado,ado,2026-07-08
vecar6,vecar6,vecar6.ado,ado,2026-07-08
wntstmvq,vecar6,../w/wntstmvq.ado,ado,2026-07-08
_gstdn,vecar6,../_/_gstdn.ado,ado,2026-07-08
matmap,vecar6,../m/matmap.ado,ado,2026-07-08
vardistinct,vardistinct,vardistinct.ado,ado,2026-07-08
validscale,validscale,validscale.ado,ado,2026-07-08
vlgen,vlgen,vlgen.ado,ado,2026-07-08
varsearch,varsearch,varsearch.ado,ado,2026-07-08
_gvarprod,varprod,../_/_gvarprod.ado,ado,2026-07-08
vce_mcov,vce_mcov,vce_mcov.ado,ado,2026-07-08
vaf,vaf,vaf.ado,ado,2026-07-08
vincenty,vincenty,vincenty.ado,ado,2026-07-08
vreverse,vreverse,vreverse.ado,ado,2026-07-08
validarcae,validarcae,validarcae.ado,ado,2026-07-08
validarcae_div1,validarcae,validarcae_div1.ado,ado,2026-07-08
validarcae_div2,validarcae,validarcae_div2.ado,ado,2026-07-08
validarcae_div3,validarcae,validarcae_div3.ado,ado,2026-07-08
validarcae_div21,validarcae,validarcae_div21.ado,ado,2026-07-08
validarcae_sim,validarcae,validarcae_sim.ado,ado,2026-07-08
validarcae_solve,validarcae,validarcae_solve.ado,ado,2026-07-08
vececm,vececm,vececm.ado,ado,2026-07-08
vec_p,vececm,vec_p.ado,ado,2026-07-08
wntstmvq,vececm,../w/wntstmvq.ado,ado,2026-07-08
omninorm,vececm,../o/omninorm.ado,ado,2026-07-08
johans,vececm,../j/johans.ado,ado,2026-07-08
lrjtest,vececm,../l/lrjtest.ado,ado,2026-07-08
wjtest,vececm,../w/wjtest.ado,ado,2026-07-08
vallabdef,vallabdef,vallabdef.ado,ado,2026-07-08
variog,variog,variog.ado,ado,2026-07-08
variog2,variog,variog2.ado,ado,2026-07-08
vlc,vlc,vlc.ado,ado,2026-07-08
validly,validly,validly.ado,ado,2026-07-08
vy,validly,vy.ado,ado,2026-07-08
violinplot,violinplot,violinplot.ado,ado,2026-07-08
valuesof,valuesof,valuesof.ado,ado,2026-07-08
varlabdef,varlabdef,varlabdef.ado,ado,2026-07-08
varlocal,varlocal,varlocal.ado,ado,2026-07-08
vallabsave,vallabsave,vallabsave.ado,ado,2026-07-08
vallabload,vallabsave,vallabload.ado,ado,2026-07-08
vallabtran,vallabsave,vallabtran.ado,ado,2026-07-08
vsave,vsave,vsave.ado,ado,2026-07-08
viewresults,viewresults,viewresults.ado,ado,2026-07-08
dview,viewresults,../d/dview.ado,ado,2026-07-08
vcemway,vcemway,vcemway.ado,ado,2026-07-08
violin,violin,violin.ado,ado,2026-07-08
qualtricsload,qualtricsload,qualtricsload.ado,ado,2026-07-08
qv,qv,qv.ado,ado,2026-07-08
qvgraph,qv,qvgraph.ado,ado,2026-07-08
glm_exp,qv,../g/glm_exp.ado,ado,2026-07-08
qv_example,qv,qv_example.ado,ado,2026-07-08
qqr,qqr,qqr.ado,ado,2026-07-08
mqqr,qqr,../m/mqqr.ado,ado,2026-07-08
qqcauseplot,qqr,qqcauseplot.ado,ado,2026-07-08
qqdiff,qqr,qqdiff.ado,ado,2026-07-08
qqgcause,qqr,qqgcause.ado,ado,2026-07-08
qqheat,qqr,qqheat.ado,ado,2026-07-08
qqkrls,qqr,qqkrls.ado,ado,2026-07-08
qqribbon,qqr,qqribbon.ado,ado,2026-07-08
qqsurf,qqr,qqsurf.ado,ado,2026-07-08
qqsurf3d,qqr,qqsurf3d.ado,ado,2026-07-08
qqtable,qqr,qqtable.ado,ado,2026-07-08
qqtest,qqr,qqtest.ado,ado,2026-07-08
_qqcolors,qqr,../_/_qqcolors.ado,ado,2026-07-08
qrkd,qrkd,qrkd.ado,ado,2026-07-08
qregpd,qregpd,qregpd.ado,ado,2026-07-08
qic,qic,qic.ado,ado,2026-07-08
qgamma,qgamma,qgamma.ado,ado,2026-07-08
qgamma4,qgamma,qgamma4.ado,ado,2026-07-08
qsub,qsub,qsub.ado,ado,2026-07-08
quickicc,quickicc,quickicc.ado,ado,2026-07-08
qrprocess,qrprocess,qrprocess.ado,ado,2026-07-08
qrprocess_p,qrprocess,qrprocess_p.ado,ado,2026-07-08
plotprocess,qrprocess,../p/plotprocess.ado,ado,2026-07-08
qregplot,qregplot,qregplot.ado,ado,2026-07-08
qcointall,qcointlib,qcointall.ado,ado,2026-07-08
qpolycoint,qcointlib,qpolycoint.ado,ado,2026-07-08
tuqcoint,qcointlib,../t/tuqcoint.ado,ado,2026-07-08
xqcoint,qcointlib,../x/xqcoint.ado,ado,2026-07-08
xqcoint_const,qcointlib,../x/xqcoint_const.ado,ado,2026-07-08
xqcoint_robust,qcointlib,../x/xqcoint_robust.ado,ado,2026-07-08
liqcoint_fc,qcointlib,../l/liqcoint_fc.ado,ado,2026-07-08
quadas,quadas,quadas.ado,ado,2026-07-08
quaidsce,quaidsce,quaidsce.ado,ado,2026-07-08
quaidsce_estat,quaidsce,quaidsce_estat.ado,ado,2026-07-08
quaidsce_p,quaidsce,quaidsce_p.ado,ado,2026-07-08
nlsur__quaidsce,quaidsce,../n/nlsur__quaidsce.ado,ado,2026-07-08
qmodplot,qmodplot,qmodplot.ado,ado,2026-07-08
qweibull,qweibull,qweibull.ado,ado,2026-07-08
qweibull4,qweibull,qweibull4.ado,ado,2026-07-08
qadf,qadf,qadf.ado,ado,2026-07-08
qadf_boot,qadf,qadf_boot.ado,ado,2026-07-08
qadf_graph,qadf,qadf_graph.ado,ado,2026-07-08
qadf_process,qadf,qadf_process.ado,ado,2026-07-08
_qadf_mata,qadf,../_/_qadf_mata.ado,ado,2026-07-08
quantilesets,quantilesets,quantilesets.ado,ado,2026-07-08
_quantile,quantilesets,../_/_quantile.ado,ado,2026-07-08
qlognorm,qlognorm,qlognorm.ado,ado,2026-07-08
plognorm,qlognorm,../p/plognorm.ado,ado,2026-07-08
qll,qll,qll.ado,ado,2026-07-08
qsim,qsim,qsim.ado,ado,2026-07-08
levels,qsim,../l/levels.ado,ado,2026-07-08
levels7,qsim,../l/levels7.ado,ado,2026-07-08
qreg2,qreg2,qreg2.ado,ado,2026-07-08
qcount,qcount,qcount.ado,ado,2026-07-08
qcount_mfx,qcount,qcount_mfx.ado,ado,2026-07-08
qardl,qardl,qardl.ado,ado,2026-07-08
_qardl_ecm,qardl,../_/_qardl_ecm.ado,ado,2026-07-08
_qardl_estimate,qardl,../_/_qardl_estimate.ado,ado,2026-07-08
_qardl_icmean,qardl,../_/_qardl_icmean.ado,ado,2026-07-08
_qardl_rolling,qardl,../_/_qardl_rolling.ado,ado,2026-07-08
_qardl_simulate,qardl,../_/_qardl_simulate.ado,ado,2026-07-08
_qardl_waldtest,qardl,../_/_qardl_waldtest.ado,ado,2026-07-08
qardl_analysis,qardl,qardl_analysis.ado,ado,2026-07-08
qardl_graph,qardl,qardl_graph.ado,ado,2026-07-08
qardl_makedata,qardl,qardl_makedata.ado,ado,2026-07-08
qbeta,qbeta,qbeta.ado,ado,2026-07-08
qbeta4,qbeta,qbeta4.ado,ado,2026-07-08
quasicoint,quasicoint,quasicoint.ado,ado,2026-07-08
_quasicoint_display,quasicoint,../_/_quasicoint_display.ado,ado,2026-07-08
_quasicoint_export,quasicoint,../_/_quasicoint_export.ado,ado,2026-07-08
_quasicoint_mata,quasicoint,../_/_quasicoint_mata.ado,ado,2026-07-08
_quasicoint_plot,quasicoint,../_/_quasicoint_plot.ado,ado,2026-07-08
qoguse,qog,qoguse.ado,ado,2026-07-08
qogmerge,qog,qogmerge.ado,ado,2026-07-08
qenvnormal,qenv,qenvnormal.ado,ado,2026-07-08
qenvgamma,qenv,qenvgamma.ado,ado,2026-07-08
qenvnormal,qenv,qenvnormal.ado,ado,2026-07-08
qenv_ex,qenv,qenv_ex.ado,ado,2026-07-08
qenv_sim_beta,qenv,qenv_sim_beta.ado,ado,2026-07-08
qenv_sim_chi2,qenv,qenv_sim_chi2.ado,ado,2026-07-08
qenv_sim_F,qenv,qenv_sim_F.ado,ado,2026-07-08
qenvbeta,qenv,qenvbeta.ado,ado,2026-07-08
qenvchi2,qenv,qenvchi2.ado,ado,2026-07-08
qenvF,qenv,qenvF.ado,ado,2026-07-08
qnardl,qnardl,qnardl.ado,ado,2026-07-08
_qnardl_bounds,qnardl,../_/_qnardl_bounds.ado,ado,2026-07-08
_qnardl_cusum,qnardl,../_/_qnardl_cusum.ado,ado,2026-07-08
_qnardl_decompose,qnardl,../_/_qnardl_decompose.ado,ado,2026-07-08
_qnardl_diagnostics,qnardl,../_/_qnardl_diagnostics.ado,ado,2026-07-08
_qnardl_display,qnardl,../_/_qnardl_display.ado,ado,2026-07-08
_qnardl_lagsel,qnardl,../_/_qnardl_lagsel.ado,ado,2026-07-08
_qnardl_multipliers,qnardl,../_/_qnardl_multipliers.ado,ado,2026-07-08
_qnardl_onestep,qnardl,../_/_qnardl_onestep.ado,ado,2026-07-08
_qnardl_twostep,qnardl,../_/_qnardl_twostep.ado,ado,2026-07-08
_qnardl_wald,qnardl,../_/_qnardl_wald.ado,ado,2026-07-08
qnardl_cgraph,qnardl,qnardl_cgraph.ado,ado,2026-07-08
qnardl_graph,qnardl,qnardl_graph.ado,ado,2026-07-08
qnardl_mgraph,qnardl,qnardl_mgraph.ado,ado,2026-07-08
qnardl_showall,qnardl,qnardl_showall.ado,ado,2026-07-08
quantil2,quantil2,quantil2.ado,ado,2026-07-08
_gpp,quantil2,../_/_gpp.ado,ado,2026-07-08
qrisk2cmd,qrisk2cmd,qrisk2cmd.ado,ado,2026-07-08
qrisk2import,qrisk2cmd,qrisk2import.ado,ado,2026-07-08
qrisk2export,qrisk2cmd,qrisk2export.ado,ado,2026-07-08
qvar,qvar,qvar.ado,ado,2026-07-08
_qvar_build_lags,qvar,../_/_qvar_build_lags.ado,ado,2026-07-08
_qvar_estimate,qvar,../_/_qvar_estimate.ado,ado,2026-07-08
_qvar_evaluate,qvar,../_/_qvar_evaluate.ado,ado,2026-07-08
_qvar_forecast,qvar,../_/_qvar_forecast.ado,ado,2026-07-08
_qvar_granger,qvar,../_/_qvar_granger.ado,ado,2026-07-08
_qvar_irf,qvar,../_/_qvar_irf.ado,ado,2026-07-08
_qvar_plot,qvar,../_/_qvar_plot.ado,ado,2026-07-08
_qvar_significance_stars,qvar,../_/_qvar_significance_stars.ado,ado,2026-07-08
_qvar_stationarity_check,qvar,../_/_qvar_stationarity_check.ado,ado,2026-07-08
_qvar_table,qvar,../_/_qvar_table.ado,ado,2026-07-08
_qvar_utils,qvar,../_/_qvar_utils.ado,ado,2026-07-08
_qvar_varqr,qvar,../_/_qvar_varqr.ado,ado,2026-07-08
qhapipf,qhapipf,qhapipf.ado,ado,2026-07-08
qhapupdate,qhapipf,qhapupdate.ado,ado,2026-07-08
qbplot,qbplot,qbplot.ado,ado,2026-07-08
qogbook,qogbook,qogbook.ado,ado,2026-07-08
qregsel,qregsel,qregsel.ado,ado,2026-07-08
qregsel_p,qregsel,qregsel_p.ado,ado,2026-07-08
_qregsel,qregsel,../_/_qregsel.ado,ado,2026-07-08
qlqc15,qlqc15,qlqc15.ado,ado,2026-07-08
qpair,qpair,qpair.ado,ado,2026-07-08
quandl,quandl,quandl.ado,ado,2026-07-08
qta,qta,qta.ado,ado,2026-07-08
qqvalue,qqvalue,qqvalue.ado,ado,2026-07-08
qresid,qresid,qresid.ado,ado,2026-07-08
qcm,qcm,qcm.ado,ado,2026-07-08
qexp,qexp,qexp.ado,ado,2026-07-08
qexp5,qexp,qexp5.ado,ado,2026-07-08
qap,qap,qap.ado,ado,2026-07-08
qqplotg,qqplotg,qqplotg.ado,ado,2026-07-08
qqplot2,qqplot2,qqplot2.ado,ado,2026-07-08
quine,quine,quine.ado,ado,2026-07-08
qdagum,qpfit,qdagum.ado,ado,2026-07-08
qgb2,qpfit,qgb2.ado,ado,2026-07-08
qlogn,qpfit,qlogn.ado,ado,2026-07-08
qsm,qpfit,qsm.ado,ado,2026-07-08
pdagum,qpfit,../p/pdagum.ado,ado,2026-07-08
pgb2,qpfit,../p/pgb2.ado,ado,2026-07-08
plogn,qpfit,../p/plogn.ado,ado,2026-07-08
psm,qpfit,../p/psm.ado,ado,2026-07-08
qqplot3,qqplot3,qqplot3.ado,ado,2026-07-08
qrowname,qrowname,qrowname.ado,ado,2026-07-08
qcolname,qrowname,qcolname.ado,ado,2026-07-08
qn,qn,qn.ado,ado,2026-07-08
qfactor,qfactor,qfactor.ado,ado,2026-07-08
quantiles,quantiles,quantiles.ado,ado,2026-07-08
qqcompare,qqcompare,qqcompare.ado,ado,2026-07-08
qconvert,qconvert,qconvert.ado,ado,2026-07-08
xtitsa,xtitsa,xtitsa.ado,ado,2026-07-08
xtlsdvc,xtlsdvc,xtlsdvc.ado,ado,2026-07-08
xtlsdvc_1,xtlsdvc,xtlsdvc_1.ado,ado,2026-07-08
xtlsdvc_b,xtlsdvc,xtlsdvc_b.ado,ado,2026-07-08
xtlsdvc_p,xtlsdvc,xtlsdvc_p.ado,ado,2026-07-08
xtrec,xtrec,xtrec.ado,ado,2026-07-08
xtgmmfa,xtgmmfa,xtgmmfa.ado,ado,2026-07-08
xtmis,xtmis,xtmis.ado,ado,2026-07-08
xtscc,xtscc,xtscc.ado,ado,2026-07-08
xtscc_p,xtscc,xtscc_p.ado,ado,2026-07-08
xtivreg28,xtivreg28,xtivreg28.ado,ado,2026-07-08
xtivreg2_p,xtivreg28,xtivreg2_p.ado,ado,2026-07-08
xtfmg,xtfmg,xtfmg.ado,ado,2026-07-08
xbalance,xbalance,xbalance.ado,ado,2026-07-08
xtcsnardl_graph,xtcsnardl,xtcsnardl_graph.ado,ado,2026-07-08
xtcsnardl,xtcsnardl,xtcsnardl.ado,ado,2026-07-08
xtgraph,xtgraph,xtgraph.ado,ado,2026-07-08
xtcsd,xtcsd,xtcsd.ado,ado,2026-07-08
xtbcfe,xtbcfe,xtbcfe.ado,ado,2026-07-08
xtbcfe_p,xtbcfe,xtbcfe_p.ado,ado,2026-07-08
xtcadfcoint,xtcadfcoint,xtcadfcoint.ado,ado,2026-07-08
xtcadfcoint_mata,xtcadfcoint,xtcadfcoint_mata.ado,ado,2026-07-08
xtivreg2,xtivreg2,xtivreg2.ado,ado,2026-07-08
xtivreg2_p,xtivreg2,xtivreg2_p.ado,ado,2026-07-08
xtbreakcoint,xtbreakcoint,xtbreakcoint.ado,ado,2026-07-08
_xtbreakcoint_engine,xtbreakcoint,../_/_xtbreakcoint_engine.ado,ado,2026-07-08
xtnondynthreshsfa,xtnondynthreshsfa,xtnondynthreshsfa.ado,ado,2026-07-08
xtnondynthreshsfacomps,xtnondynthreshsfa,xtnondynthreshsfacomps.ado,ado,2026-07-08
xtfifevd,xtfifevd,xtfifevd.ado,ado,2026-07-08
xtfifevd_graph,xtfifevd,xtfifevd_graph.ado,ado,2026-07-08
xtbalfront,xtbalfront,xtbalfront.ado,ado,2026-07-08
xrigls,xrigls,xrigls.ado,ado,2026-07-08
centcalc,xrigls,../c/centcalc.ado,ado,2026-07-08
xtarsim,xtarsim,xtarsim.ado,ado,2026-07-08
xtabond2,xtabond2,xtabond2.ado,ado,2026-07-08
xtab2_p,xtabond2,xtab2_p.ado,ado,2026-07-08
xtbestcce,xtbestcce,xtbestcce.ado,ado,2026-07-08
xtbestcce_plot,xtbestcce,xtbestcce_plot.ado,ado,2026-07-08
xtgeebcv,xtgeebcv,xtgeebcv.ado,ado,2026-07-08
xtpretest,xtpretest,xtpretest.ado,ado,2026-07-08
xls2dta,xls2dta,xls2dta.ado,ado,2026-07-08
xtstfetchcovid19,xtstfetchcovid19,xtstfetchcovid19.ado,ado,2026-07-08
xtvar2,xtvar2,xtvar2.ado,ado,2026-07-08
xtusreg,xtusreg,xtusreg.ado,ado,2026-07-08
xcorplot,xcorplot,xcorplot.ado,ado,2026-07-08
xtcsb,xtcsb,xtcsb.ado,ado,2026-07-08
xtendothresdpd,xtendothresdpd,xtendothresdpd.ado,ado,2026-07-08
xtendothresdpdboot,xtendothresdpd,xtendothresdpdboot.ado,ado,2026-07-08
xtendothresdpdtest,xtendothresdpd,xtendothresdpdtest.ado,ado,2026-07-08
xtendothresdpdconv,xtendothresdpd,xtendothresdpdconv.ado,ado,2026-07-08
xtendothresdpd_p,xtendothresdpd,xtendothresdpd_p.ado,ado,2026-07-08
_gxtendothresdpdfod,xtendothresdpd,../_/_gxtendothresdpdfod.ado,ado,2026-07-08
_gxtendothresdpdfmoy,xtendothresdpd,../_/_gxtendothresdpdfmoy.ado,ado,2026-07-08
xtsum2docx,xtsum2docx,xtsum2docx.ado,ado,2026-07-08
xtregrem,xtregrem,xtregrem.ado,ado,2026-07-08
xsampsi,xsampsi,xsampsi.ado,ado,2026-07-08
xtregam,xtregam,xtregam.ado,ado,2026-07-08
xtkumblienhard,xtkumblienhard,xtkumblienhard.ado,ado,2026-07-08
xtselfe,xtselfe,xtselfe.ado,ado,2026-07-08
xtselfe_p,xtselfe,xtselfe_p.ado,ado,2026-07-08
xtdyntest,xtdyntest,xtdyntest.ado,ado,2026-07-08
xtdpthresh,xtdpthresh,xtdpthresh.ado,ado,2026-07-08
xtdpthresh_p,xtdpthresh,xtdpthresh_p.ado,ado,2026-07-08
xtcipsm,xtpdlib,xtcipsm.ado,ado,2026-07-08
xtfpss,xtpdlib,xtfpss.ado,ado,2026-07-08
xtpgc,xtpdlib,xtpgc.ado,ado,2026-07-08
xsvmat,xsvmat,xsvmat.ado,ado,2026-07-08
xtheckmanfe,xtheckmanfe,xtheckmanfe.ado,ado,2026-07-08
xtheckmanfe_ml,xtheckmanfe,xtheckmanfe_ml.ado,ado,2026-07-08
_xthck,xtheckmanfe,../_/_xthck.ado,ado,2026-07-08
_xthckiv,xtheckmanfe,../_/_xthckiv.ado,ado,2026-07-08
xtsemipar,xtsemipar,xtsemipar.ado,ado,2026-07-08
xriml,xriml,xriml.ado,ado,2026-07-08
xripred,xriml,xripred.ado,ado,2026-07-08
centcalc,xriml,../c/centcalc.ado,ado,2026-07-08
xri_egll,xriml,xri_egll.ado,ado,2026-07-08
xri_enll,xriml,xri_enll.ado,ado,2026-07-08
xri_mell,xriml,xri_mell.ado,ado,2026-07-08
xri_mpll,xriml,xri_mpll.ado,ado,2026-07-08
xri_nll,xriml,xri_nll.ado,ado,2026-07-08
xri_pnll,xriml,xri_pnll.ado,ado,2026-07-08
xri_slll,xriml,xri_slll.ado,ado,2026-07-08
str2ph,xriml,../s/str2ph.ado,ado,2026-07-08
xtfmb,xtfmb,xtfmb.ado,ado,2026-07-08
xttrans2,xttrans2,xttrans2.ado,ado,2026-07-08
xtpcmg,xtpcmg,xtpcmg.ado,ado,2026-07-08
xtloglin,xtloglin,xtloglin.ado,ado,2026-07-08
xtidt,xtidt,xtidt.ado,ado,2026-07-08
xicor,xicor,xicor.ado,ado,2026-07-08
xtprobitunbal,xtprobitunbal,xtprobitunbal.ado,ado,2026-07-08
mgf_unbal,xtprobitunbal,../m/mgf_unbal.ado,ado,2026-07-08
xtdcce2,xtdcce2,xtdcce2.ado,ado,2026-07-08
xtdcce2fast,xtdcce2,xtdcce2fast.ado,ado,2026-07-08
xtset2,xtdcce2,xtset2.ado,ado,2026-07-08
xtdcce2_auxiliary,xtdcce2,xtdcce2_auxiliary.ado,ado,2026-07-08
xtdcce2_estat,xtdcce2,xtdcce2_estat.ado,ado,2026-07-08
xtdcce2_p,xtdcce2,xtdcce2_p.ado,ado,2026-07-08
bootstrap_xtdcce2,xtdcce2,../b/bootstrap_xtdcce2.ado,ado,2026-07-08
xtregwem,xtregwem,xtregwem.ado,ado,2026-07-08
xtdynestimb_predict,xtdynestimb,xtdynestimb_predict.ado,ado,2026-07-08
xtdynestimb,xtdynestimb,xtdynestimb.ado,ado,2026-07-08
xmiss,xmiss,xmiss.ado,ado,2026-07-08
xtimportu,xtimportu,xtimportu.ado,ado,2026-07-08
xtglsr,xtglsr,xtglsr.ado,ado,2026-07-08
xtbalance2,xtbalance2,xtbalance2.ado,ado,2026-07-08
xtbreak,xtbreak,xtbreak.ado,ado,2026-07-08
xtbreak_auxiliary,xtbreak,xtbreak_auxiliary.ado,ado,2026-07-08
xtbreak_estat,xtbreak,xtbreak_estat.ado,ado,2026-07-08
xtbreak_estimate,xtbreak,xtbreak_estimate.ado,ado,2026-07-08
xtbreak_test,xtbreak,xtbreak_test.ado,ado,2026-07-08
xbrcspline,xbrcspline,xbrcspline.ado,ado,2026-07-08
xtgls2,xtgls2,xtgls2.ado,ado,2026-07-08
xtoos_i,xtoos,xtoos_i.ado,ado,2026-07-08
xtoos_t,xtoos,xtoos_t.ado,ado,2026-07-08
xtoos_bin_i,xtoos,xtoos_bin_i.ado,ado,2026-07-08
xtoos_bin_t,xtoos,xtoos_bin_t.ado,ado,2026-07-08
predictu,xtoos,../p/predictu.ado,ado,2026-07-08
xtrobreg,xtrobreg,xtrobreg.ado,ado,2026-07-08
xtdolshm,xtdolshm,xtdolshm.ado,ado,2026-07-08
xtdolshm_p,xtdolshm,xtdolshm_p.ado,ado,2026-07-08
xtcd,xtcd,xtcd.ado,ado,2026-07-08
xtmod,xtmod,xtmod.ado,ado,2026-07-08
dsModeration,xtmod,../s/scheme-dsModeration.scheme,scheme,2026-07-08
xtsurmg,xtsurmg,xtsurmg.ado,ado,2026-07-08
xtpattern,xtpattern,xtpattern.ado,ado,2026-07-08
xtsfkk,xtsfkk,xtsfkk.ado,ado,2026-07-08
xtpanelcoint,xtpanelcoint,xtpanelcoint.ado,ado,2026-07-08
_xtpc_breitung,xtpanelcoint,../_/_xtpc_breitung.ado,ado,2026-07-08
_xtpc_display,xtpanelcoint,../_/_xtpc_display.ado,ado,2026-07-08
_xtpc_mgdl_display,xtpanelcoint,../_/_xtpc_mgdl_display.ado,ado,2026-07-08
_xtpc_mgdl,xtpanelcoint,../_/_xtpc_mgdl.ado,ado,2026-07-08
_xtpc_mgmw,xtpanelcoint,../_/_xtpc_mgmw.ado,ado,2026-07-08
_xtpc_pdols,xtpanelcoint,../_/_xtpc_pdols.ado,ado,2026-07-08
_xtpc_plot,xtpanelcoint,../_/_xtpc_plot.ado,ado,2026-07-08
_xtpc_pme_display,xtpanelcoint,../_/_xtpc_pme_display.ado,ado,2026-07-08
_xtpc_pme,xtpanelcoint,../_/_xtpc_pme.ado,ado,2026-07-08
_xtpc_spmg,xtpanelcoint,../_/_xtpc_spmg.ado,ado,2026-07-08
xtcaec,xtcaec,xtcaec.ado,ado,2026-07-08
xtine,xtine,xtine.ado,ado,2026-07-08
xml_tab,xml_tab,xml_tab.ado,ado,2026-07-08
xtpvarcoint,xtpvarcoint,xtpvarcoint.ado,ado,2026-07-08
_xtpvarcoint_coint,xtpvarcoint,../_/_xtpvarcoint_coint.ado,ado,2026-07-08
_xtpvarcoint_irf,xtpvarcoint,../_/_xtpvarcoint_irf.ado,ado,2026-07-08
_xtpvarcoint_mata,xtpvarcoint,../_/_xtpvarcoint_mata.ado,ado,2026-07-08
_xtpvarcoint_moments,xtpvarcoint,../_/_xtpvarcoint_moments.ado,ado,2026-07-08
_xtpvarcoint_pcoint,xtpvarcoint,../_/_xtpvarcoint_pcoint.ado,ado,2026-07-08
_xtpvarcoint_pid,xtpvarcoint,../_/_xtpvarcoint_pid.ado,ado,2026-07-08
_xtpvarcoint_plot,xtpvarcoint,../_/_xtpvarcoint_plot.ado,ado,2026-07-08
_xtpvarcoint_pvar,xtpvarcoint,../_/_xtpvarcoint_pvar.ado,ado,2026-07-08
_xtpvarcoint_rscoef,xtpvarcoint,../_/_xtpvarcoint_rscoef.ado,ado,2026-07-08
_xtpvarcoint_sboot,xtpvarcoint,../_/_xtpvarcoint_sboot.ado,ado,2026-07-08
_xtpvarcoint_speci,xtpvarcoint,../_/_xtpvarcoint_speci.ado,ado,2026-07-08
xtpatternvar,xtpatternvar,xtpatternvar.ado,ado,2026-07-08
xtpedroni,xtpedroni,xtpedroni.ado,ado,2026-07-08
xtpqcs,xtpqcs,xtpqcs.ado,ado,2026-07-08
xtpqcsmc,xtpqcs,xtpqcsmc.ado,ado,2026-07-08
xtpqcsplot,xtpqcs,xtpqcsplot.ado,ado,2026-07-08
xtregmle,xtregmle,xtregmle.ado,ado,2026-07-08
xsmle,xsmle,xsmle.ado,ado,2026-07-08
xsmle_p,xsmle,xsmle_p.ado,ado,2026-07-08
xtqsh,xtqsh,xtqsh.ado,ado,2026-07-08
_xtqsh_estimate,xtqsh,../_/_xtqsh_estimate.ado,ado,2026-07-08
xtqsh_graph,xtqsh,xtqsh_graph.ado,ado,2026-07-08
xtregwhm,xtregwhm,xtregwhm.ado,ado,2026-07-08
xtdhazard,xtdhazard,xtdhazard.ado,ado,2026-07-08
xcontract,xcontract,xcontract.ado,ado,2026-07-08
freqtop,xcontract,../f/freqtop.ado,ado,2026-07-08
xteurostat,xteurostat,xteurostat.ado,ado,2026-07-08
xtcspqardl,xtcspqardl,xtcspqardl.ado,ado,2026-07-08
_xtcspqardl_advanced,xtcspqardl,../_/_xtcspqardl_advanced.ado,ado,2026-07-08
_xtcspqardl_ecm,xtcspqardl,../_/_xtcspqardl_ecm.ado,ado,2026-07-08
_xtcspqardl_estimate,xtcspqardl,../_/_xtcspqardl_estimate.ado,ado,2026-07-08
_xtcspqardl_qccemg,xtcspqardl,../_/_xtcspqardl_qccemg.ado,ado,2026-07-08
_xtcspqardl_qccepmg,xtcspqardl,../_/_xtcspqardl_qccepmg.ado,ado,2026-07-08
xtcspqardl_graph,xtcspqardl,xtcspqardl_graph.ado,ado,2026-07-08
xtvc,xtvc,xtvc.ado,ado,2026-07-08
xtregtwo,xtregtwo,xtregtwo.ado,ado,2026-07-08
xtheteroquant,xtheteroquant,xtheteroquant.ado,ado,2026-07-08
xtdpdgmm,xtdpdgmm,xtdpdgmm.ado,ado,2026-07-08
xtdpdgmmfe,xtdpdgmm,xtdpdgmmfe.ado,ado,2026-07-08
xtdpdgmm_p,xtdpdgmm,xtdpdgmm_p.ado,ado,2026-07-08
xtdpdgmm_estat,xtdpdgmm,xtdpdgmm_estat.ado,ado,2026-07-08
xtarimau,xtarimau,xtarimau.ado,ado,2026-07-08
xtpqml,xtpqml,xtpqml.ado,ado,2026-07-08
xtmrho,xtmrho,xtmrho.ado,ado,2026-07-08
xgroup,xgroup,xgroup.ado,ado,2026-07-08
xtregdhp,xtregdhp,xtregdhp.ado,ado,2026-07-08
xtserialpm,xtserialpm,xtserialpm.ado,ado,2026-07-08
xtpqcce,xtpqcce,xtpqcce.ado,ado,2026-07-08
xtpqcce_graph,xtpqcce,xtpqcce_graph.ado,ado,2026-07-08
_xtpqcce_csqr,xtpqcce,../_/_xtpqcce_csqr.ado,ado,2026-07-08
_xtpqcce_ebuild,xtpqcce,../_/_xtpqcce_ebuild.ado,ado,2026-07-08
_xtpqcce_qmg,xtpqcce,../_/_xtpqcce_qmg.ado,ado,2026-07-08
xtpraisk,xtpraisk,xtpraisk.ado,ado,2026-07-08
xtpraisk_p,xtpraisk,xtpraisk_p.ado,ado,2026-07-08
xtiletest,xtiletest,xtiletest.ado,ado,2026-07-08
xtfisher,xtfisher,xtfisher.ado,ado,2026-07-08
xauto,xauto,xauto.ado,ado,2026-07-08
xthrtest,xthrtest,xthrtest.ado,ado,2026-07-08
xtile2,xtile2,xtile2.ado,ado,2026-07-08
xttestpanel,xttestpanel,xttestpanel.ado,ado,2026-07-08
xtpcointegboot,xtpunitcoint,xtpcointegboot.ado,ado,2026-07-08
xtpcointegwe,xtpunitcoint,xtpcointegwe.ado,ado,2026-07-08
xtpkpss,xtpunitcoint,xtpkpss.ado,ado,2026-07-08
_xtpcointegboot_engine,xtpunitcoint,../_/_xtpcointegboot_engine.ado,ado,2026-07-08
_xtpcointegwe_engine,xtpunitcoint,../_/_xtpcointegwe_engine.ado,ado,2026-07-08
_xtpkpss_engine,xtpunitcoint,../_/_xtpkpss_engine.ado,ado,2026-07-08
xtwest,xtwest,xtwest.ado,ado,2026-07-08
matvsort,xtwest,../m/matvsort.ado,ado,2026-07-08
xdir,xdir,xdir.ado,ado,2026-07-08
xframedir,xdir,xframedir.ado,ado,2026-07-08
xt2treatments,xt2treatments,xt2treatments.ado,ado,2026-07-08
xtreghet,xtreghet,xtreghet.ado,ado,2026-07-08
xtreghet_lfn,xtreghet,xtreghet_lfn.ado,ado,2026-07-08
xtreghet_lfh,xtreghet,xtreghet_lfh.ado,ado,2026-07-08
xtevent,xtevent,xtevent.ado,ado,2026-07-08
_eventgenvars,xtevent,../_/_eventgenvars.ado,ado,2026-07-08
_eventiv,xtevent,../_/_eventiv.ado,ado,2026-07-08
_eventivstatic,xtevent,../_/_eventivstatic.ado,ado,2026-07-08
_eventols,xtevent,../_/_eventols.ado,ado,2026-07-08
_eventolsstatic,xtevent,../_/_eventolsstatic.ado,ado,2026-07-08
get_unit_time_effects,xtevent,../g/get_unit_time_effects.ado,ado,2026-07-08
xteventplot,xtevent,xteventplot.ado,ado,2026-07-08
xteventtest,xtevent,xteventtest.ado,ado,2026-07-08
xtqrplot,xtqrplot,xtqrplot.ado,ado,2026-07-08
xtspj,xtspj,xtspj.ado,ado,2026-07-08
xtregfem,xtregfem,xtregfem.ado,ado,2026-07-08
xcollapse,xcollapse,xcollapse.ado,ado,2026-07-08
xpredict,xpredict,xpredict.ado,ado,2026-07-08
xtmg,xtmg,xtmg.ado,ado,2026-07-08
xtregbem,xtregbem,xtregbem.ado,ado,2026-07-08
xtpfardl,xtpfardl,xtpfardl.ado,ado,2026-07-08
xtfdh,xtpfardl,xtfdh.ado,ado,2026-07-08
xtpfnardl,xtpfardl,xtpfnardl.ado,ado,2026-07-08
xtcointreg,xtcointreg,xtcointreg.ado,ado,2026-07-08
xtquantilebreak,xtquantilebreak,xtquantilebreak.ado,ado,2026-07-08
xtquantilebreak_graph,xtquantilebreak,xtquantilebreak_graph.ado,ado,2026-07-08
_xtquantilebreak_engine,xtquantilebreak,../_/_xtquantilebreak_engine.ado,ado,2026-07-08
xtgrangert,xtgrangert,xtgrangert.ado,ado,2026-07-08
xtgrangert_p,xtgrangert,xtgrangert_p.ado,ado,2026-07-08
xtcce,xtcce,xtcce.ado,ado,2026-07-08
xthst,xthst,xthst.ado,ado,2026-07-08
xtbhst,xtbhst,xtbhst.ado,ado,2026-07-08
xtbreakmodel,xtbreakmodel,xtbreakmodel.ado,ado,2026-07-08
xtbreakmodel_graph,xtbreakmodel,xtbreakmodel_graph.ado,ado,2026-07-08
_xtbreakmodel_engine,xtbreakmodel,../_/_xtbreakmodel_engine.ado,ado,2026-07-08
xtpmg,xtpmg,xtpmg.ado,ado,2026-07-08
xtpmg_ml,xtpmg,xtpmg_ml.ado,ado,2026-07-08
xtfeis,xtfeis,xtfeis.ado,ado,2026-07-08
xtart,xtfeis,xtart.ado,ado,2026-07-08
xtbsht,xtfeis,xtbsht.ado,ado,2026-07-08
xtavplot,xtavplot,xtavplot.ado,ado,2026-07-08
xtavplots,xtavplot,xtavplots.ado,ado,2026-07-08
xtable,xtable,xtable.ado,ado,2026-07-08
xtistest,xtistest,xtistest.ado,ado,2026-07-08
xtmunitroot,xtmunitroot,xtmunitroot.ado,ado,2026-07-08
xtstgathercovid19,xtstgathercovid19,xtstgathercovid19.ado,ado,2026-07-08
xtewreg,xtewreg,xtewreg.ado,ado,2026-07-08
xtpqroot,xtpqroot,xtpqroot.ado,ado,2026-07-08
_xtpqroot_cips,xtpqroot,../_/_xtpqroot_cips.ado,ado,2026-07-08
_xtpqroot_fourier,xtpqroot,../_/_xtpqroot_fourier.ado,ado,2026-07-08
xglm,xglm,xglm.ado,ado,2026-07-08
xtselmod,xtsel,xtselmod.ado,ado,2026-07-08
xtselvar,xtsel,xtselvar.ado,ado,2026-07-08
xtcbc,xtcbc,xtcbc.ado,ado,2026-07-08
xtcbc_graph,xtcbc,xtcbc_graph.ado,ado,2026-07-08
_xtcbc_engine,xtcbc,../_/_xtcbc_engine.ado,ado,2026-07-08
xtbalance,xtbalance,xtbalance.ado,ado,2026-07-08
xtgcause,xtgcause,xtgcause.ado,ado,2026-07-08
xtgets,xtgets,xtgets.ado,ado,2026-07-08
xtgets_mata,xtgets,xtgets_mata.ado,ado,2026-07-08
xtgets_plot,xtgets,xtgets_plot.ado,ado,2026-07-08
xlcor,xlcor,xlcor.ado,ado,2026-07-08
xframeappend,xframeappend,xframeappend.ado,ado,2026-07-08
xtcips,xtcips,xtcips.ado,ado,2026-07-08
xtpdyn,xtpdyn,xtpdyn.ado,ado,2026-07-08
probat,xtpdyn,../p/probat.ado,ado,2026-07-08
xtdpdml,xtdpdml,xtdpdml.ado,ado,2026-07-08
xtdpdbc,xtdpdbc,xtdpdbc.ado,ado,2026-07-08
xtdpdbc_p,xtdpdbc,xtdpdbc_p.ado,ado,2026-07-08
xtdpdbc_estat,xtdpdbc,xtdpdbc_estat.ado,ado,2026-07-08
xtccecoint,xtccecoint,xtccecoint.ado,ado,2026-07-08
_xtccecoint_display,xtccecoint,../_/_xtccecoint_display.ado,ado,2026-07-08
_xtccecoint_mata,xtccecoint,../_/_xtccecoint_mata.ado,ado,2026-07-08
_xtccecoint_plot,xtccecoint,../_/_xtccecoint_plot.ado,ado,2026-07-08
xtlongestim,xtlongestim,xtlongestim.ado,ado,2026-07-08
robit1,xlink,../r/robit1.ado,ado,2026-07-08
robit2,xlink,../r/robit2.ado,ado,2026-07-08
robit3,xlink,../r/robit3.ado,ado,2026-07-08
robit4,xlink,../r/robit4.ado,ado,2026-07-08
robit5,xlink,../r/robit5.ado,ado,2026-07-08
robit6,xlink,../r/robit6.ado,ado,2026-07-08
robit7,xlink,../r/robit7.ado,ado,2026-07-08
robit8,xlink,../r/robit8.ado,ado,2026-07-08
robit9,xlink,../r/robit9.ado,ado,2026-07-08
robit10,xlink,../r/robit10.ado,ado,2026-07-08
xtqptest,xtqptest,xtqptest.ado,ado,2026-07-08
xtab,xtab,xtab.ado,ado,2026-07-08
xtcsdq,xtcsdq,xtcsdq.ado,ado,2026-07-08
xtgps,xtgps,xtgps.ado,ado,2026-07-08
xtpsort,xtgps,xtpsort.ado,ado,2026-07-08
xtpqardl,xtpqardl,xtpqardl.ado,ado,2026-07-08
xtpqardl_graph,xtpqardl,xtpqardl_graph.ado,ado,2026-07-08
xtpqardl_makedata,xtpqardl,xtpqardl_makedata.ado,ado,2026-07-08
_xtpqardl_ecm,xtpqardl,../_/_xtpqardl_ecm.ado,ado,2026-07-08
_xtpqardl_estimate,xtpqardl,../_/_xtpqardl_estimate.ado,ado,2026-07-08
_xtpqardl_waldtest,xtpqardl,../_/_xtpqardl_waldtest.ado,ado,2026-07-08
xtseqreg,xtseqreg,xtseqreg.ado,ado,2026-07-08
xtseqreg_p,xtseqreg,xtseqreg_p.ado,ado,2026-07-08
xtseqreg_estat,xtseqreg,xtseqreg_estat.ado,ado,2026-07-08
xtnumfac,xtnumfac,xtnumfac.ado,ado,2026-07-08
xtpcaus,xtpcaus,xtpcaus.ado,ado,2026-07-08
_xtpcaus_pfty,xtpcaus,../_/_xtpcaus_pfty.ado,ado,2026-07-08
_xtpcaus_pqc,xtpcaus,../_/_xtpcaus_pqc.ado,ado,2026-07-08
xtnptimevar,xtnptimevar,xtnptimevar.ado,ado,2026-07-08
xtnptimevaravecb,xtnptimevar,xtnptimevaravecb.ado,ado,2026-07-08
xtnptimevarsansb,xtnptimevar,xtnptimevarsansb.ado,ado,2026-07-08
xtmoran,xtmoran,xtmoran.ado,ado,2026-07-08
xtbcfe,xtcbfe,xtbcfe.ado,ado,2026-07-08
xtbcfe_p,xtcbfe,xtbcfe_p.ado,ado,2026-07-08
xtivdfreg,xtivdfreg,xtivdfreg.ado,ado,2026-07-08
xtivdfreg_p,xtivdfreg,xtivdfreg_p.ado,ado,2026-07-08
xtivdfreg_estat,xtivdfreg,xtivdfreg_estat.ado,ado,2026-07-08
spxtivdfreg,xtivdfreg,../s/spxtivdfreg.ado,ado,2026-07-08
spxtivdfreg_p,xtivdfreg,../s/spxtivdfreg_p.ado,ado,2026-07-08
spxtivdfreg_estat,xtivdfreg,../s/spxtivdfreg_estat.ado,ado,2026-07-08
xtrevu,xtrevu,xtrevu.ado,ado,2026-07-08
xtcd2,xtcd2,xtcd2.ado,ado,2026-07-08
xtset2,xtcd2,xtset2.ado,ado,2026-07-08
xtdcce2_auxiliary,xtcd2,xtdcce2_auxiliary.ado,ado,2026-07-08
xtcenter,xtcenter,xtcenter.ado,ado,2026-07-08
xtmulticointgrat,xtmulticointgrat,xtmulticointgrat.ado,ado,2026-07-08
xtmulticointgrat_graph,xtmulticointgrat,xtmulticointgrat_graph.ado,ado,2026-07-08
_xtmcg_mata,xtmulticointgrat,../_/_xtmcg_mata.ado,ado,2026-07-08
xfrac,xfrac,xfrac.ado,ado,2026-07-08
xtdhcoint,xtdhcoint,xtdhcoint.ado,ado,2026-07-08
xtregbn,xtregbn,xtregbn.ado,ado,2026-07-08
xtgmcoint,xtgmcoint,xtgmcoint.ado,ado,2026-07-08
xtkr,xtkr,xtkr.ado,ado,2026-07-08
xtnonlincoint,xtnonlincoint,xtnonlincoint.ado,ado,2026-07-08
xtregcluster,xtregcluster,xtregcluster.ado,ado,2026-07-08
xtdpdqml,xtdpdqml,xtdpdqml.ado,ado,2026-07-08
xtdpdqml_p,xtdpdqml,xtdpdqml_p.ado,ado,2026-07-08
xtdpdqml_estat,xtdpdqml,xtdpdqml_estat.ado,ado,2026-07-08
xtdpdserial,xtdpdserial,xtdpdserial.ado,ado,2026-07-08
xtfixedcoeftvcu,xtfixedcoeftvcu,xtfixedcoeftvcu.ado,ado,2026-07-08
xtfixedcoeftvcu_p,xtfixedcoeftvcu,xtfixedcoeftvcu_p.ado,ado,2026-07-08
xtcdf,xtcdf,xtcdf.ado,ado,2026-07-08
xdatelist,xdatelist,xdatelist.ado,ado,2026-07-08
xtmispanel,xtmispanel,xtmispanel.ado,ado,2026-07-08
xtmispanel_impute,xtmispanel,xtmispanel_impute.ado,ado,2026-07-08
xtmispanel_graph,xtmispanel,xtmispanel_graph.ado,ado,2026-07-08
xttacce,xttacce,xttacce.ado,ado,2026-07-08
xtsur,xtsur,xtsur.ado,ado,2026-07-08
xttest4,xttest4,xttest4.ado,ado,2026-07-08
xtpsse,xtpsse,xtpsse.ado,ado,2026-07-08
xtmixed_corr,xtmixed_corr,xtmixed_corr.ado,ado,2026-07-08
xlincom,xlincom,xlincom.ado,ado,2026-07-08
xlincom_p,xlincom,xlincom_p.ado,ado,2026-07-08
xb2pi,xb2pi,xb2pi.ado,ado,2026-07-08
xtgunitroot,xtgunitroot,xtgunitroot.ado,ado,2026-07-08
xtcse2,xtcse2,xtcse2.ado,ado,2026-07-08
xtfactortest,xtfactortest,xtfactortest.ado,ado,2026-07-08
xtvfreg,xtvfreg,xtvfreg.ado,ado,2026-07-08
xtregsam,xtregsam,xtregsam.ado,ado,2026-07-08
xtbunitroot,xtbunitroot,xtbunitroot.ado,ado,2026-07-08
xtoverid,xtoverid,xtoverid.ado,ado,2026-07-08
xtmixediou,xtmixediou,xtmixediou.ado,ado,2026-07-08
xtmixedioupredict,xtmixediou,xtmixedioupredict.ado,ado,2026-07-08
xtmixediou_sv,xtmixediou,xtmixediou_sv.ado,ado,2026-07-08
xtmixediou_display,xtmixediou,xtmixediou_display.ado,ado,2026-07-08
xvalols,xvalols,xvalols.ado,ado,2026-07-08
xtregre2,xtregre2,xtregre2.ado,ado,2026-07-08
xtlmbreak,xtlmbreak,xtlmbreak.ado,ado,2026-07-08
_xtlmbreak_engine,xtlmbreak,../_/_xtlmbreak_engine.ado,ado,2026-07-08
xthybrid,xthybrid,xthybrid.ado,ado,2026-07-08
xrewide,xrewide,xrewide.ado,ado,2026-07-08
xrelong,xrewide,xrelong.ado,ado,2026-07-08
xtcsi,xtcsi,xtcsi.ado,ado,2026-07-08
xttest3,xttest3,xttest3.ado,ado,2026-07-08
xtqreg,xtqreg,xtqreg.ado,ado,2026-07-08
xttest2,xttest2,xttest2.ado,ado,2026-07-08
xtmipolateu,xtmipolateu,xtmipolateu.ado,ado,2026-07-08
xtss,xtss,xtss.ado,ado,2026-07-08
_ginequal,egen_inequal,../_/_ginequal.ado,ado,2026-07-08
_gfgt,egen_inequal,../_/_gfgt.ado,ado,2026-07-08
_gtheil,egen_inequal,../_/_gtheil.ado,ado,2026-07-08
_gsdl,egen_inequal,../_/_gsdl.ado,ado,2026-07-08
_grmd,egen_inequal,../_/_grmd.ado,ado,2026-07-08
_gpiesch,egen_inequal,../_/_gpiesch.ado,ado,2026-07-08
_gmld,egen_inequal,../_/_gmld.ado,ado,2026-07-08
_gmehran,egen_inequal,../_/_gmehran.ado,ado,2026-07-08
_gkakwani,egen_inequal,../_/_gkakwani.ado,ado,2026-07-08
_ghalf,egen_inequal,../_/_ghalf.ado,ado,2026-07-08
_ggini,egen_inequal,../_/_ggini.ado,ado,2026-07-08
_gentropy,egen_inequal,../_/_gentropy.ado,ado,2026-07-08
_gcov,egen_inequal,../_/_gcov.ado,ado,2026-07-08
editprofile,editprofile,editprofile.ado,ado,2026-07-08
epresent,epresent,epresent.ado,ado,2026-07-08
estsave,estsave,estsave.ado,ado,2026-07-08
erepost,erepost,erepost.ado,ado,2026-07-08
er,er,er.ado,ado,2026-07-08
eventcoefplot,eventcoefplot,eventcoefplot.ado,ado,2026-07-08
erate,erate,erate.ado,ado,2026-07-08
estout1,estout1,estout1.ado,ado,2026-07-08
ewma,ewma,ewma.ado,ado,2026-07-08
exam2tex,exam2tex,exam2tex.ado,ado,2026-07-08
genefetch,efetch_tools,../g/genefetch.ado,ado,2026-07-08
getgeneids,efetch_tools,../g/getgeneids.ado,ado,2026-07-08
pmidfetch,efetch_tools,../p/pmidfetch.ado,ado,2026-07-08
snpfetch,efetch_tools,../s/snpfetch.ado,ado,2026-07-08
eclplot,eclplot,eclplot.ado,ado,2026-07-08
exitma,exitma,exitma.ado,ado,2026-07-08
effcon,effcon,effcon.ado,ado,2026-07-08
equation,equation,equation.ado,ado,2026-07-08
etr,etr,etr.ado,ado,2026-07-08
dietr,etr,../d/dietr.ado,ado,2026-07-08
exceloutput,exceloutput,exceloutput.ado,ado,2026-07-08
ebalfit,ebalfit,ebalfit.ado,ado,2026-07-08
ebalfit_p,ebalfit,ebalfit_p.ado,ado,2026-07-08
emc,emc,emc.ado,ado,2026-07-08
rcspc,emc,../r/rcspc.ado,ado,2026-07-08
ebreg,ebreg,ebreg.ado,ado,2026-07-08
eofplot,eofplot,eofplot.ado,ado,2026-07-08
ewm,ewm,ewm.ado,ado,2026-07-08
evi,evi,evi.ado,ado,2026-07-08
edfreg,edfreg,edfreg.ado,ado,2026-07-08
exampleobs,exampleobs,exampleobs.ado,ado,2026-07-08
eventstudy,eventstudy,eventstudy.ado,ado,2026-07-08
es_event_wrk_dlg,eventstudy,es_event_wrk_dlg.ado,ado,2026-07-08
es_store_array,eventstudy,es_store_array.ado,ado,2026-07-08
es_trade_wrk_dlg,eventstudy,es_trade_wrk_dlg.ado,ado,2026-07-08
eventstudy_wrk_dlg_event,eventstudy,eventstudy_wrk_dlg_event.ado,ado,2026-07-08
eventstudy_wrk_dlg_trade,eventstudy,eventstudy_wrk_dlg_trade.ado,ado,2026-07-08
eventstudyinteract,eventstudyinteract,eventstudyinteract.ado,ado,2026-07-08
expgen,expgen,expgen.ado,ado,2026-07-08
lexpgen,expgen,../l/lexpgen.ado,ado,2026-07-08
ebct,ebct,ebct.ado,ado,2026-07-08
elixhauser,elixhauser,elixhauser.ado,ado,2026-07-08
epiconf,epiconf,epiconf.ado,ado,2026-07-08
ebrowse,ebrowse,ebrowse.ado,ado,2026-07-08
explorelabs,explorelabs,explorelabs.ado,ado,2026-07-08
evstudydd,evstudydd,evstudydd.ado,ado,2026-07-08
excelcol,excelcol,excelcol.ado,ado,2026-07-08
eret2,eret2,eret2.ado,ado,2026-07-08
eperiod,eperiod,eperiod.ado,ado,2026-07-08
ecic,ecic,ecic.ado,ado,2026-07-08
elapse,elapse,elapse.ado,ado,2026-07-08
econsig,econsig,econsig.ado,ado,2026-07-08
electind,electool,electind.ado,ado,2026-07-08
v2seats,electool,../v/v2seats.ado,ado,2026-07-08
eclpci,eclpci,eclpci.ado,ado,2026-07-08
efficiency,efficiency,efficiency.ado,ado,2026-07-08
euromod,euromod,euromod.ado,ado,2026-07-08
euromod_getdata,euromod,euromod_getdata.ado,ado,2026-07-08
euromod_getmodel,euromod,euromod_getmodel.ado,ado,2026-07-08
euromod_getinfo,euromod,euromod_getinfo.ado,ado,2026-07-08
euromod_run,euromod,euromod_run.ado,ado,2026-07-08
euromod_setinfo,euromod,euromod_setinfo.ado,ado,2026-07-08
euromod_getmodel,euromod,euromod_getmodel.ado,ado,2026-07-08
encode_label,encode_label,encode_label.ado,ado,2026-07-08
evalue_estat,evalue_estat,evalue_estat.ado,ado,2026-07-08
esizereg,evalue_estat,esizereg.ado,ado,2026-07-08
esizeregi,evalue_estat,esizeregi.ado,ado,2026-07-08
evalue,evalue_estat,evalue.ado,ado,2026-07-08
_gpick,egenmisc,../_/_gpick.ado,ado,2026-07-08
_gnacov,egenmisc,../_/_gnacov.ado,ado,2026-07-08
_gnacorr,egenmisc,../_/_gnacorr.ado,ado,2026-07-08
_gnavar,egenmisc,../_/_gnavar.ado,ado,2026-07-08
_gfastxtile,egenmisc,../_/_gfastxtile.ado,ado,2026-07-08
_gfastwpctile,egenmisc,../_/_gfastwpctile.ado,ado,2026-07-08
_gnasd,egenmisc,../_/_gnasd.ado,ado,2026-07-08
_gnasum,egenmisc,../_/_gnasum.ado,ado,2026-07-08
_gnamean,egenmisc,../_/_gnamean.ado,ado,2026-07-08
epsigr,epsigr,epsigr.ado,ado,2026-07-08
eurostatuse,eurostatuse,eurostatuse.ado,ado,2026-07-08
ecollapse,ecollapse,ecollapse.ado,ado,2026-07-08
exquantile,exquantile,exquantile.ado,ado,2026-07-08
efolder,efolder,efolder.ado,ado,2026-07-08
ef,efolder,ef.ado,ado,2026-07-08
eacf,eacf,eacf.ado,ado,2026-07-08
extremes,extremes,extremes.ado,ado,2026-07-08
esteta,esteta,esteta.ado,ado,2026-07-08
enlarge,enlarge,enlarge.ado,ado,2026-07-08
evhistplot,evhistplot,evhistplot.ado,ado,2026-07-08
explist,explist,explist.ado,ado,2026-07-08
effmenu1,effects,effmenu1.ado,ado,2026-07-08
effmenu2,effects,effmenu2.ado,ado,2026-07-08
effects1,effects,effects1.ado,ado,2026-07-08
tabmenu1,effects,../t/tabmenu1.ado,ado,2026-07-08
tabmenu2,effects,../t/tabmenu2.ado,ado,2026-07-08
eventdd,eventdd,eventdd.ado,ado,2026-07-08
eventdd_estat,eventdd,eventdd_estat.ado,ado,2026-07-08
eth2grecal,eth2grecal,eth2grecal.ado,ado,2026-07-08
eitc,eitc,eitc.ado,ado,2026-07-08
epimodels,epimodels,epimodels.ado,ado,2026-07-08
epi_seir,epimodels,epi_seir.ado,ado,2026-07-08
epi_sir,epimodels,epi_sir.ado,ado,2026-07-08
epimodels_util,epimodels,epimodels_util.ado,ado,2026-07-08
eqprhistogram,eqprhistogram,eqprhistogram.ado,ado,2026-07-08
extreme,extreme,extreme.ado,ado,2026-07-08
extreme_small,extreme,extreme_small.ado,ado,2026-07-08
extreme_estimate,extreme,extreme_estimate.ado,ado,2026-07-08
extreme_p,extreme,extreme_p.ado,ado,2026-07-08
ellip,ellip,ellip.ado,ado,2026-07-08
ellip7,ellip7,ellip7.ado,ado,2026-07-08
gphdt,ellip7,../g/gphdt.ado,ado,2026-07-08
gphsave,ellip7,../g/gphsave.ado,ado,2026-07-08
elix22,elix22,elix22.ado,ado,2026-07-08
_gclsst,egenmore,../_/_gclsst.ado,ado,2026-07-08
_gnmiss,egenmore,../_/_gnmiss.ado,ado,2026-07-08
_ggmean,egenmore,../_/_ggmean.ado,ado,2026-07-08
_ghmean,egenmore,../_/_ghmean.ado,ado,2026-07-08
_grall,egenmore,../_/_grall.ado,ado,2026-07-08
_grany,egenmore,../_/_grany.ado,ado,2026-07-08
_grcount,egenmore,../_/_grcount.ado,ado,2026-07-08
_grndsub,egenmore,../_/_grndsub.ado,ado,2026-07-08
_grndint,egenmore,../_/_grndint.ado,ado,2026-07-08
_gfilter,egenmore,../_/_gfilter.ado,ado,2026-07-08
_gifirst,egenmore,../_/_gifirst.ado,ado,2026-07-08
_gilast,egenmore,../_/_gilast.ado,ado,2026-07-08
_gncyear,egenmore,../_/_gncyear.ado,ado,2026-07-08
_ghmm,egenmore,../_/_ghmm.ado,ado,2026-07-08
_ghmmss,egenmore,../_/_ghmmss.ado,ado,2026-07-08
_gincss,egenmore,../_/_gincss.ado,ado,2026-07-08
_gfirst,egenmore,../_/_gfirst.ado,ado,2026-07-08
_glastnm,egenmore,../_/_glastnm.ado,ado,2026-07-08
_gnss,egenmore,../_/_gnss.ado,ado,2026-07-08
_gbom,egenmore,../_/_gbom.ado,ado,2026-07-08
_gbomd,egenmore,../_/_gbomd.ado,ado,2026-07-08
_geom,egenmore,../_/_geom.ado,ado,2026-07-08
_geomd,egenmore,../_/_geomd.ado,ado,2026-07-08
_gnwords,egenmore,../_/_gnwords.ado,ado,2026-07-08
_gwordof,egenmore,../_/_gwordof.ado,ado,2026-07-08
_gnvals,egenmore,../_/_gnvals.ado,ado,2026-07-08
_gridit,egenmore,../_/_gridit.ado,ado,2026-07-08
_gsemean,egenmore,../_/_gsemean.ado,ado,2026-07-08
_gmsub,egenmore,../_/_gmsub.ado,ado,2026-07-08
_gston,egenmore,../_/_gston.ado,ado,2026-07-08
_gntos,egenmore,../_/_gntos.ado,ado,2026-07-08
_gewma,egenmore,../_/_gewma.ado,ado,2026-07-08
_grecord,egenmore,../_/_grecord.ado,ado,2026-07-08
_gbase,egenmore,../_/_gbase.ado,ado,2026-07-08
_gdecimal,egenmore,../_/_gdecimal.ado,ado,2026-07-08
_ggroup2,egenmore,../_/_ggroup2.ado,ado,2026-07-08
_gsumoth,egenmore,../_/_gsumoth.ado,ado,2026-07-08
_gegroup,egenmore,../_/_gegroup.ado,ado,2026-07-08
_gcorr,egenmore,../_/_gcorr.ado,ado,2026-07-08
_grsum2,egenmore,../_/_grsum2.ado,ado,2026-07-08
_gsieve,egenmore,../_/_gsieve.ado,ado,2026-07-08
_gdhms,egenmore,../_/_gdhms.ado,ado,2026-07-08
_ghms,egenmore,../_/_ghms.ado,ado,2026-07-08
_gtod,egenmore,../_/_gtod.ado,ado,2026-07-08
_gelap,egenmore,../_/_gelap.ado,ado,2026-07-08
_gelap2,egenmore,../_/_gelap2.ado,ado,2026-07-08
_gnoccur,egenmore,../_/_gnoccur.ado,ado,2026-07-08
_gwtfreq,egenmore,../_/_gwtfreq.ado,ado,2026-07-08
_gvar,egenmore,../_/_gvar.ado,ado,2026-07-08
_gminutes,egenmore,../_/_gminutes.ado,ado,2026-07-08
_gseconds,egenmore,../_/_gseconds.ado,ado,2026-07-08
_grepeat,egenmore,../_/_grepeat.ado,ado,2026-07-08
_gaxis,egenmore,../_/_gaxis.ado,ado,2026-07-08
_gdensity,egenmore,../_/_gdensity.ado,ado,2026-07-08
_gxtile,egenmore,../_/_gxtile.ado,ado,2026-07-08
_gtotal0,egenmore,../_/_gtotal0.ado,ado,2026-07-08
_gmixnorm,egenmore,../_/_gmixnorm.ado,ado,2026-07-08
_gadjl,egenmore,../_/_gadjl.ado,ado,2026-07-08
_gadju,egenmore,../_/_gadju.ado,ado,2026-07-08
_gdayofyear,egenmore,../_/_gdayofyear.ado,ado,2026-07-08
_gfoy,egenmore,../_/_gfoy.ado,ado,2026-07-08
_goutside,egenmore,../_/_goutside.ado,ado,2026-07-08
_gmlabvpos,egenmore,../_/_gmlabvpos.ado,ado,2026-07-08
_giso3166,egenmore,../_/_giso3166.ado,ado,2026-07-08
_growmedian,egenmore,../_/_growmedian.ado,ado,2026-07-08
_gwpctile,egenmore,../_/_gwpctile.ado,ado,2026-07-08
_gd2,egenmore,../_/_gd2.ado,ado,2026-07-08
_grownvals,egenmore,../_/_grownvals.ado,ado,2026-07-08
_growsvals,egenmore,../_/_growsvals.ado,ado,2026-07-08
_gtruncdig,egenmore,../_/_gtruncdig.ado,ado,2026-07-08
entropy,entropy,entropy.ado,ado,2026-07-08
to_ethiopian,ethiodate,../t/to_ethiopian.ado,ado,2026-07-08
to_gregorian,ethiodate,../t/to_gregorian.ado,ado,2026-07-08
emailme,emailme,emailme.ado,ado,2026-07-08
ehutchens,ehutchens,ehutchens.ado,ado,2026-07-08
hu_int,ehutchens,../h/hu_int.ado,ado,2026-07-08
ellip6,ellip6,ellip6.ado,ado,2026-07-08
gphdt,ellip6,../g/gphdt.ado,ado,2026-07-08
gphsave,ellip6,../g/gphsave.ado,ado,2026-07-08
epiweek,epiweek,epiweek.ado,ado,2026-07-08
epiweek2,epiweek,epiweek2.ado,ado,2026-07-08
edm,edm,edm.ado,ado,2026-07-08
email,email,email.ado,ado,2026-07-08
elasticregress,elasticregress,elasticregress.ado,ado,2026-07-08
lassoregress,elasticregress,../l/lassoregress.ado,ado,2026-07-08
ridgeregress,elasticregress,../r/ridgeregress.ado,ado,2026-07-08
expandrank,expandrank,expandrank.ado,ado,2026-07-08
expandihlp,expandihlp,expandihlp.ado,ado,2026-07-08
ellipticity,ellipticity,ellipticity.ado,ado,2026-07-08
episens,episens,episens.ado,ado,2026-07-08
episensi,episens,episensi.ado,ado,2026-07-08
episens_mcsa_all,episens,episens_mcsa_all.ado,ado,2026-07-08
episens_mcsa_mie,episens,episens_mcsa_mie.ado,ado,2026-07-08
episens_mcsa_sel,episens,episens_mcsa_sel.ado,ado,2026-07-08
episens_mcsa_unc,episens,episens_mcsa_unc.ado,ado,2026-07-08
etime,etime,etime.ado,ado,2026-07-08
encodelabel,encodelabel,encodelabel.ado,ado,2026-07-08
episensrri,episensrri,episensrri.ado,ado,2026-07-08
elabel,elabel,elabel.ado,ado,2026-07-08
elabel_cmd_adjust,elabel,elabel_cmd_adjust.ado,ado,2026-07-08
elabel_cmd_compare,elabel,elabel_cmd_compare.ado,ado,2026-07-08
elabel_cmd_load,elabel,elabel_cmd_load.ado,ado,2026-07-08
elabel_cmd_modify,elabel,elabel_cmd_modify.ado,ado,2026-07-08
elabel_cmd_recode,elabel,elabel_cmd_recode.ado,ado,2026-07-08
elabel_cmd_remove,elabel,elabel_cmd_remove.ado,ado,2026-07-08
elabel_cmd_rename,elabel,elabel_cmd_rename.ado,ado,2026-07-08
elabel_cmd_uselabel,elabel,elabel_cmd_uselabel.ado,ado,2026-07-08
elabel_fcn_combine,elabel,elabel_fcn_combine.ado,ado,2026-07-08
elabel_fcn_copy,elabel,elabel_fcn_copy.ado,ado,2026-07-08
elabel_fcn_encode,elabel,elabel_fcn_encode.ado,ado,2026-07-08
elabel_fcn_levels,elabel,elabel_fcn_levels.ado,ado,2026-07-08
elabel_fcn_regexse,elabel,elabel_fcn_regexse.ado,ado,2026-07-08
estwrite,estwrite,estwrite.ado,ado,2026-07-08
estread,estwrite,estread.ado,ado,2026-07-08
crtbayes,eefanalytics,../c/crtbayes.ado,ado,2026-07-08
crtfreq,eefanalytics,../c/crtfreq.ado,ado,2026-07-08
mstbayes,eefanalytics,../m/mstbayes.ado,ado,2026-07-08
mstfreq,eefanalytics,../m/mstfreq.ado,ado,2026-07-08
srtbayes,eefanalytics,../s/srtbayes.ado,ado,2026-07-08
srtfreq,eefanalytics,../s/srtfreq.ado,ado,2026-07-08
estudy,estudy,estudy.ado,ado,2026-07-08
eventstudy2,eventstudy2,eventstudy2.ado,ado,2026-07-08
ersur,ersur,ersur.ado,ado,2026-07-08
evalue,evalue,evalue.ado,ado,2026-07-08
_eststo,estout,../_/_eststo.ado,ado,2026-07-08
estadd,estout,estadd.ado,ado,2026-07-08
estout,estout,estout.ado,ado,2026-07-08
eststo,estout,eststo.ado,ado,2026-07-08
estpost,estout,estpost.ado,ado,2026-07-08
esttab,estout,esttab.ado,ado,2026-07-08
enwei,enwei,enwei.ado,ado,2026-07-08
eventbaseline,eventbaseline,eventbaseline.ado,ado,2026-07-08
expand_n,expand_n,expand_n.ado,ado,2026-07-08
encodefrom,encodefrom,encodefrom.ado,ado,2026-07-08
renamefrom,encodefrom,../r/renamefrom.ado,ado,2026-07-08
excel2latex,excel2latex,excel2latex.ado,ado,2026-07-08
excelclean,excelclean,excelclean.ado,ado,2026-07-08
excelclean_demo,excelclean,excelclean_demo.ado,ado,2026-07-08
eurouse,eurouse,eurouse.ado,ado,2026-07-08
egi,egi,egi.ado,ado,2026-07-08
enforce,enforce,enforce.ado,ado,2026-07-08
encoder,encoder,encoder.ado,ado,2026-07-08
encoderall,encoder,encoderall.ado,ado,2026-07-08
ewreg,ewreg,ewreg.ado,ado,2026-07-08
xtewreg,ewreg,../x/xtewreg.ado,ado,2026-07-08
estrat,estrat,estrat.ado,ado,2026-07-08
est2one,est2tex,est2one.ado,ado,2026-07-08
est2rowlbl,est2tex,est2rowlbl.ado,ado,2026-07-08
est2tex,est2tex,est2tex.ado,ado,2026-07-08
est2vec,est2tex,est2vec.ado,ado,2026-07-08
matload,est2tex,../m/matload.ado,ado,2026-07-08
matsave,est2tex,../m/matsave.ado,ado,2026-07-08
excelsave,excelsave,excelsave.ado,ado,2026-07-08
extfunnel,extfunnel,extfunnel.ado,ado,2026-07-08
egfr,egfr,egfr.ado,ado,2026-07-08
em,em,em.ado,ado,2026-07-08
esli,esli,esli.ado,ado,2026-07-08
entropyetc,entropyetc,entropyetc.ado,ado,2026-07-08
entropyetc2,entropyetc,entropyetc2.ado,ado,2026-07-08
eltmle,eltmle,eltmle.ado,ado,2026-07-08
expl,expl,expl.ado,ado,2026-07-08
expandby,expandby,expandby.ado,ado,2026-07-08
estout,estoutold,estout.ado,ado,2026-07-08
_estout_beta,estoutold,../_/_estout_beta.ado,ado,2026-07-08
_estout_mean,estoutold,../_/_estout_mean.ado,ado,2026-07-08
_estout_stat_p,estoutold,../_/_estout_stat_p.ado,ado,2026-07-08
_estout_stdev,estoutold,../_/_estout_stdev.ado,ado,2026-07-08
_estout_mfx_x,estoutold,../_/_estout_mfx_x.ado,ado,2026-07-08
educationdata,educationdata,educationdata.ado,ado,2026-07-08
event_plot,event_plot,event_plot.ado,ado,2026-07-08
exbsample,exbsample,exbsample.ado,ado,2026-07-08
eventstudyweights,eventstudyweights,eventstudyweights.ado,ado,2026-07-08
eui,eui,eui.ado,ado,2026-07-08
expy,expy,expy.ado,ado,2026-07-08
esetran,esetran,esetran.ado,ado,2026-07-08
eba,eba,eba.ado,ado,2026-07-08
ereplace,ereplace,ereplace.ado,ado,2026-07-08
epitable2,epitable,epitable2.ado,ado,2026-07-08
epitable3,epitable,epitable3.ado,ado,2026-07-08
ebalance,ebalance,ebalance.ado,ado,2026-07-08
esizereg,esizereg,esizereg.ado,ado,2026-07-08
esizeregi,esizereg,esizeregi.ado,ado,2026-07-08
eaalogit,eaalogit,eaalogit.ado,ado,2026-07-08
eaapred,eaalogit,eaapred.ado,ado,2026-07-08
genfact,eaalogit,../g/genfact.ado,ado,2026-07-08
estquant,estquant,estquant.ado,ado,2026-07-08
evalues,evalues,evalues.ado,ado,2026-07-08
estparm,estparm,estparm.ado,ado,2026-07-08
estparm_p,estparm,estparm_p.ado,ado,2026-07-08
estparmtest,estparm,estparmtest.ado,ado,2026-07-08
egranger,egranger,egranger.ado,ado,2026-07-08
examples,examples,examples.ado,ado,2026-07-08
examples8,examples,examples8.ado,ado,2026-07-08
wexamples,examples,../w/wexamples.ado,ado,2026-07-08
elife,elife,elife.ado,ado,2026-07-08
emh,emh,emh.ado,ado,2026-07-08
bineq,bineq,bineq.ado,ado,2026-07-08
bineqdiff,bineq,bineqdiff.ado,ado,2026-07-08
boottest,boottest,boottest.ado,ado,2026-07-08
boottest_1,boottest,boottest_1.ado,ado,2026-07-08
artest,boottest,../a/artest.ado,ado,2026-07-08
scoretest,boottest,../s/scoretest.ado,ado,2026-07-08
waldtest,boottest,../w/waldtest.ado,ado,2026-07-08
bcstats,bcstats,bcstats.ado,ado,2026-07-08
bpmedian,bpmedian,bpmedian.ado,ado,2026-07-08
bpdifmed,bpmedian,bpdifmed.ado,ado,2026-07-08
bkrosenblatt,bkrosenblatt,bkrosenblatt.ado,ado,2026-07-08
barplot2,barplot2,barplot2.ado,ado,2026-07-08
bpagan,bpagan,bpagan.ado,ado,2026-07-08
batplot,batplot,batplot.ado,ado,2026-07-08
biascon,biasepi,biascon.ado,ado,2026-07-08
biasconi,biasepi,biasconi.ado,ado,2026-07-08
biasselect,biasepi,biasselect.ado,ado,2026-07-08
biasselecti,biasepi,biasselecti.ado,ado,2026-07-08
biassurvi,biasepi,biassurvi.ado,ado,2026-07-08
biasmis,biasepi,biasmis.ado,ado,2026-07-08
biasmisi,biasepi,biasmisi.ado,ado,2026-07-08
biastab2,biasepi,biastab2.ado,ado,2026-07-08
beamplot,beamplot,beamplot.ado,ado,2026-07-08
bgshade,bgshade,bgshade.ado,ado,2026-07-08
bdiff,bdiff,bdiff.ado,ado,2026-07-08
bg2hba1c,blood_glucose,bg2hba1c.ado,ado,2026-07-08
bg2hba1ci,blood_glucose,bg2hba1ci.ado,ado,2026-07-08
hba1c2bg,blood_glucose,../h/hba1c2bg.ado,ado,2026-07-08
hba1c2bgi,blood_glucose,../h/hba1c2bgi.ado,ado,2026-07-08
brmunid,brmunid,brmunid.ado,ado,2026-07-08
bugsdat,bugsdat,bugsdat.ado,ado,2026-07-08
boundeduroot,boundeduroot,boundeduroot.ado,ado,2026-07-08
boundeduroot_breaks,boundeduroot,boundeduroot_breaks.ado,ado,2026-07-08
boundeduroot_hlt,boundeduroot,boundeduroot_hlt.ado,ado,2026-07-08
boundeduroot_mtests,boundeduroot,boundeduroot_mtests.ado,ado,2026-07-08
betacoef,betacoef,betacoef.ado,ado,2026-07-08
bronch,bronch,bronch.ado,ado,2026-07-08
bronchi,bronch,bronchi.ado,ado,2026-07-08
bcoeff,bcoeff,bcoeff.ado,ado,2026-07-08
bcii,bcii,bcii.ado,ado,2026-07-08
bcib,bcii,bcib.ado,ado,2026-07-08
bking,bking,bking.ado,ado,2026-07-08
bking8,bking,bking8.ado,ado,2026-07-08
blinding,blinding,blinding.ado,ado,2026-07-08
bcss,bcss,bcss.ado,ado,2026-07-08
bhapkar,bhapkar,bhapkar.ado,ado,2026-07-08
bhapkari,bhapkar,bhapkari.ado,ado,2026-07-08
bmtest,bmtest,bmtest.ado,ado,2026-07-08
buckley,buckley,buckley.ado,ado,2026-07-08
boxtid,boxtid,boxtid.ado,ado,2026-07-08
xfrac_154,boxtid,../x/xfrac_154.ado,ado,2026-07-08
xfrac_adj,boxtid,../x/xfrac_adj.ado,ado,2026-07-08
xfrac_chk,boxtid,../x/xfrac_chk.ado,ado,2026-07-08
xfrac_dis,boxtid,../x/xfrac_dis.ado,ado,2026-07-08
xfracplot,boxtid,../x/xfracplot.ado,ado,2026-07-08
xfracpred,boxtid,../x/xfracpred.ado,ado,2026-07-08
bys,bys,bys.ado,ado,2026-07-08
bipolar,bipolar,bipolar.ado,ado,2026-07-08
blist,blist,blist.ado,ado,2026-07-08
boxpanel,boxpanel,boxpanel.ado,ado,2026-07-08
blp,blp,blp.ado,ado,2026-07-08
bmc,bmc,bmc.ado,ado,2026-07-08
binomci,binomci,binomci.ado,ado,2026-07-08
bystore,bystore,bystore.ado,ado,2026-07-08
blandaltman,blandaltman,blandaltman.ado,ado,2026-07-08
brglm,brglm,brglm.ado,ado,2026-07-08
bioprobit,bioprobit,bioprobit.ado,ado,2026-07-08
bioprobit_d2,bioprobit,bioprobit_d2.ado,ado,2026-07-08
bioprobit_p,bioprobit,bioprobit_p.ado,ado,2026-07-08
bumparea,bumparea,bumparea.ado,ado,2026-07-08
bygap,bygap,bygap.ado,ado,2026-07-08
biplotvlab,biplotvlab,biplotvlab.ado,ado,2026-07-08
bandplot,bandplot,bandplot.ado,ado,2026-07-08
bihist,bihist,bihist.ado,ado,2026-07-08
bnormpdf,bnormpdf,bnormpdf.ado,ado,2026-07-08
birthsim,birthsim,birthsim.ado,ado,2026-07-08
baing,baing,baing.ado,ado,2026-07-08
box,box,box.ado,ado,2026-07-08
bf,bf,bf.ado,ado,2026-07-08
biastest,biastest,biastest.ado,ado,2026-07-08
bgtest,bgtest,bgtest.ado,ado,2026-07-08
bap,bap,bap.ado,ado,2026-07-08
bmi,bmi,bmi.ado,ado,2026-07-08
bmii,bmi,bmii.ado,ado,2026-07-08
bspline,bspline,bspline.ado,ado,2026-07-08
frencurv,bspline,../f/frencurv.ado,ado,2026-07-08
flexcurv,bspline,../f/flexcurv.ado,ado,2026-07-08
bdiffv,bdiffv,bdiffv.ado,ado,2026-07-08
bigtab,bigtab,bigtab.ado,ado,2026-07-08
bhatt,bhatt,bhatt.ado,ado,2026-07-08
bugwrite,bugwrite,bugwrite.ado,ado,2026-07-08
bayeshmc,bayeshmc,bayeshmc.ado,ado,2026-07-08
baconde,bacondecomp,baconde.ado,ado,2026-07-08
bacondec,bacondecomp,bacondec.ado,ado,2026-07-08
bacondecom,bacondecomp,bacondecom.ado,ado,2026-07-08
bacondecomp,bacondecomp,bacondecomp.ado,ado,2026-07-08
ba,bacondecomp,ba.ado,ado,2026-07-08
baco,bacondecomp,baco.ado,ado,2026-07-08
bacon,bacondecomp,bacon.ado,ado,2026-07-08
bac,bacondecomp,bac.ado,ado,2026-07-08
b,bacondecomp,b.ado,ado,2026-07-08
bacondeco,bacondecomp,bacondeco.ado,ado,2026-07-08
baplot,baplot,baplot.ado,ado,2026-07-08
badiag,baplot,badiag.ado,ado,2026-07-08
byhist,byhist,byhist.ado,ado,2026-07-08
plotplain,blindschemes,../s/scheme-plotplain.scheme,scheme,2026-07-08
plotplainblind,blindschemes,../s/scheme-plotplainblind.scheme,scheme,2026-07-08
plottig,blindschemes,../s/scheme-plottig.scheme,scheme,2026-07-08
plottigblind,blindschemes,../s/scheme-plottigblind.scheme,scheme,2026-07-08
bta2score,bta2score,bta2score.ado,ado,2026-07-08
boundedur,boundedur,boundedur.ado,ado,2026-07-08
bmjcip,bmjcip,bmjcip.ado,ado,2026-07-08
box_logscale,box_logscale,box_logscale.ado,ado,2026-07-08
binscatter,binscatter,binscatter.ado,ado,2026-07-08
byvar,byvar,byvar.ado,ado,2026-07-08
bynote,bynote,bynote.ado,ado,2026-07-08
betaprior,betaprior,betaprior.ado,ado,2026-07-08
benford,benford,benford.ado,ado,2026-07-08
blockboot,blockboot,blockboot.ado,ado,2026-07-08
baiduweather,baiduweather,baiduweather.ado,ado,2026-07-08
baiduweather2,baiduweather,baiduweather2.ado,ado,2026-07-08
bayesmixedlogitwtp,bayesmixedlogitwtp,bayesmixedlogitwtp.ado,ado,2026-07-08
butterworth,butterworth,butterworth.ado,ado,2026-07-08
babibplot,babibplot,babibplot.ado,ado,2026-07-08
bbandits,bbandits,bbandits.ado,ado,2026-07-08
bbandits_initialize,bbandits,bbandits_initialize.ado,ado,2026-07-08
bbandits_sim,bbandits,bbandits_sim.ado,ado,2026-07-08
bbandits_update,bbandits,bbandits_update.ado,ado,2026-07-08
betafit,betafit,betafit.ado,ado,2026-07-08
betafit_ex,betafit,betafit_ex.ado,ado,2026-07-08
dbetafit,betafit,../d/dbetafit.ado,ado,2026-07-08
betafit_lf,betafit,betafit_lf.ado,ado,2026-07-08
betareg_lf,betafit,betareg_lf.ado,ado,2026-07-08
betafit_p,betafit,betafit_p.ado,ado,2026-07-08
beta4,betafit,beta4.ado,ado,2026-07-08
biplot,biplot,biplot.ado,ado,2026-07-08
biplot5,biplot,biplot5.ado,ado,2026-07-08
backrasch,backrasch,backrasch.ado,ado,2026-07-08
bcuse,bcuse,bcuse.ado,ado,2026-07-08
bayesmixedlogit,bayesmixedlogit,bayesmixedlogit.ado,ado,2026-07-08
bfmcorr,bfmcorr,bfmcorr.ado,ado,2026-07-08
postbfm,bfmcorr,../p/postbfm.ado,ado,2026-07-08
bsopm,bsopm,bsopm.ado,ado,2026-07-08
barplot,barplot,barplot.ado,ado,2026-07-08
bumpline,bumpline,bumpline.ado,ado,2026-07-08
bivpoisson_ate,bivpoisson_ate,bivpoisson_ate.ado,ado,2026-07-08
boost,boost,boost.ado,ado,2026-07-08
boost_predict,boost,boost_predict.ado,ado,2026-07-08
influence_barchart,boost,../i/influence_barchart.ado,ado,2026-07-08
influence_delete,boost,../i/influence_delete.ado,ado,2026-07-08
bpass,bpass,bpass.ado,ado,2026-07-08
bivpoisson,bivpoisson,bivpoisson.ado,ado,2026-07-08
bidensity,bidensity,bidensity.ado,ado,2026-07-08
bitobit,bitobit,bitobit.ado,ado,2026-07-08
bitobit_ll,bitobit,bitobit_ll.ado,ado,2026-07-08
brain,brain,brain.ado,ado,2026-07-08
bic,bic,bic.ado,ado,2026-07-08
betark,betark,betark.ado,ado,2026-07-08
betark_p,betark,betark_p.ado,ado,2026-07-08
bsens,bsens,bsens.ado,ado,2026-07-08
bayerhanck,bayerhanck,bayerhanck.ado,ado,2026-07-08
bunching,bunching,bunching.ado,ado,2026-07-08
bunchbounds,bunching,bunchbounds.ado,ado,2026-07-08
bunchfilter,bunching,bunchfilter.ado,ado,2026-07-08
bunchtobit,bunching,bunchtobit.ado,ado,2026-07-08
bunchtobit_tloglike,bunching,bunchtobit_tloglike.ado,ado,2026-07-08
bmp2dta,bmp2dta,bmp2dta.ado,ado,2026-07-08
bctobit,bctobit,bctobit.ado,ado,2026-07-08
blogit2,blogit2,blogit2.ado,ado,2026-07-08
betterbar,betterbar,betterbar.ado,ado,2026-07-08
betterbarci,betterbar,betterbarci.ado,ado,2026-07-08
bimap,bimap,bimap.ado,ado,2026-07-08
bipolate,bipolate,bipolate.ado,ado,2026-07-08
brewcbsim,brewscheme,brewcbsim.ado,ado,2026-07-08
brewcolordb,brewscheme,brewcolordb.ado,ado,2026-07-08
brewcolors,brewscheme,brewcolors.ado,ado,2026-07-08
brewdb,brewscheme,brewdb.ado,ado,2026-07-08
brewextra,brewscheme,brewextra.ado,ado,2026-07-08
brewlibcheck,brewscheme,brewlibcheck.ado,ado,2026-07-08
brewmeta,brewscheme,brewmeta.ado,ado,2026-07-08
brewproof,brewscheme,brewproof.ado,ado,2026-07-08
brewscheme,brewscheme,brewscheme.ado,ado,2026-07-08
brewsearch,brewscheme,brewsearch.ado,ado,2026-07-08
brewterpolate,brewscheme,brewterpolate.ado,ado,2026-07-08
brewtheme,brewscheme,brewtheme.ado,ado,2026-07-08
brewtransform,brewscheme,brewtransform.ado,ado,2026-07-08
brewviewer,brewscheme,brewviewer.ado,ado,2026-07-08
dirfile,brewscheme,../d/dirfile.ado,ado,2026-07-08
filesys,brewscheme,../f/filesys.ado,ado,2026-07-08
hextorgb,brewscheme,../h/hextorgb.ado,ado,2026-07-08
libbrewscheme,brewscheme,../l/libbrewscheme.ado,ado,2026-07-08
bundle,bundle,bundle.ado,ado,2026-07-08
bayesmlogit,bayesmlogit,bayesmlogit.ado,ado,2026-07-08
bicdrop1,bicdrop1,bicdrop1.ado,ado,2026-07-08
bctobit,btobit,bctobit.ado,ado,2026-07-08
binscatterhist,binscatterhist,binscatterhist.ado,ado,2026-07-08
b1x2,b1x2,b1x2.ado,ado,2026-07-08
bibrep,bibrep,bibrep.ado,ado,2026-07-08
balancetable,balancetable,balancetable.ado,ado,2026-07-08
basetable,basetable,basetable.ado,ado,2026-07-08
basetable_example_data,basetable,basetable_example_data.ado,ado,2026-07-08
bcoeffs,bcoeffs,bcoeffs.ado,ado,2026-07-08
WIN64 backup,backup,WIN64 backup.ado,ado,2026-07-08
bimpoisson,bimpoisson,bimpoisson.ado,ado,2026-07-08
bimpoisson_lf,bimpoisson,bimpoisson_lf.ado,ado,2026-07-08
bimpoisson2_lf,bimpoisson,bimpoisson2_lf.ado,ado,2026-07-08
bimpoisson_p,bimpoisson,bimpoisson_p.ado,ado,2026-07-08
kitli_gap2bm,kit_livingincome,kitli_gap2bm.ado,ado,2026-07-08
kitli_compare2bm,kit_livingincome,kitli_compare2bm.ado,ado,2026-07-08
kpss,kpss,kpss.ado,ado,2026-07-08
keepvar,keepvar,keepvar.ado,ado,2026-07-08
ksur,ksur,ksur.ado,ado,2026-07-08
kuipertest,kuipertest,kuipertest.ado,ado,2026-07-08
kountry,kountry,kountry.ado,ado,2026-07-08
kountryadd,kountry,kountryadd.ado,ado,2026-07-08
kountrybackup,kountry,kountrybackup.ado,ado,2026-07-08
kountryrestore,kountry,kountryrestore.ado,ado,2026-07-08
k_capc,kountry,k_capc.ado,ado,2026-07-08
k_cowc,kountry,k_cowc.ado,ado,2026-07-08
k_cown,kountry,k_cown.ado,ado,2026-07-08
k_geo_cow,kountry,k_geo_cow.ado,ado,2026-07-08
k_geo_marc,kountry,k_geo_marc.ado,ado,2026-07-08
k_geo_meb,kountry,k_geo_meb.ado,ado,2026-07-08
k_geo_men,kountry,k_geo_men.ado,ado,2026-07-08
k_geo_sov,kountry,k_geo_sov.ado,ado,2026-07-08
k_geo_un,kountry,k_geo_un.ado,ado,2026-07-08
k_geo_undet,kountry,k_geo_undet.ado,ado,2026-07-08
k_imfn,kountry,k_imfn.ado,ado,2026-07-08
k_iso2c,kountry,k_iso2c.ado,ado,2026-07-08
k_iso3c,kountry,k_iso3c.ado,ado,2026-07-08
k_iso3n,kountry,k_iso3n.ado,ado,2026-07-08
k_marc,kountry,k_marc.ado,ado,2026-07-08
k_mcc,kountry,k_mcc.ado,ado,2026-07-08
k_other,kountry,k_other.ado,ado,2026-07-08
k_penn,kountry,k_penn.ado,ado,2026-07-08
k_stuck,kountry,k_stuck.ado,ado,2026-07-08
k_unc,kountry,k_unc.ado,ado,2026-07-08
kmest,kmest,kmest.ado,ado,2026-07-08
kmest_p,kmest,kmest_p.ado,ado,2026-07-08
keyby,keyby,keyby.ado,ado,2026-07-08
keybygen,keyby,keybygen.ado,ado,2026-07-08
kaplansky,kaplansky,kaplansky.ado,ado,2026-07-08
krippalpha,krippalpha,krippalpha.ado,ado,2026-07-08
ka,krippalpha,ka.ado,ado,2026-07-08
keeporder,keeporder,keeporder.ado,ado,2026-07-08
kitchensink,kitchensink,kitchensink.ado,ado,2026-07-08
kinkyreg,kinkyreg,kinkyreg.ado,ado,2026-07-08
kinkyreg2dta,kinkyreg,kinkyreg2dta.ado,ado,2026-07-08
kinkyreg_p,kinkyreg,kinkyreg_p.ado,ado,2026-07-08
kinkyreg_estat,kinkyreg,kinkyreg_estat.ado,ado,2026-07-08
knapsack,knapsack,knapsack.ado,ado,2026-07-08
kappaetc,kappaetc,kappaetc.ado,ado,2026-07-08
kappaetci,kappaetc,kappaetci.ado,ado,2026-07-08
kappaetcssi,kappaetc,kappaetcssi.ado,ado,2026-07-08
kalpha,kalpha,kalpha.ado,ado,2026-07-08
_gkalpha,kalpha,../_/_gkalpha.ado,ado,2026-07-08
kwallis2,kwallis2,kwallis2.ado,ado,2026-07-08
kobo2stata,kobo2stata,kobo2stata.ado,ado,2026-07-08
kwstat,kwstat,kwstat.ado,ado,2026-07-08
kdmany,kdmany,kdmany.ado,ado,2026-07-08
ksmirnov2var,ksmirnov2var,ksmirnov2var.ado,ado,2026-07-08
krls,krls,krls.ado,ado,2026-07-08
kpredict,krls,kpredict.ado,ado,2026-07-08
krls_p,krls,krls_p.ado,ado,2026-07-08
kotlarski,kotlarski,kotlarski.ado,ado,2026-07-08
kpssbr,kpssbr,kpssbr.ado,ado,2026-07-08
_kdens,kdens,../_/_kdens.ado,ado,2026-07-08
kdens,kdens,kdens.ado,ado,2026-07-08
ksi,ksi,ksi.ado,ado,2026-07-08
kappci,kaputil,kappci.ado,ado,2026-07-08
kappaci,kaputil,kappaci.ado,ado,2026-07-08
kapssi,kaputil,kapssi.ado,ado,2026-07-08
solvcui,kaputil,../s/solvcui.ado,ado,2026-07-08
solvqui,kaputil,../s/solvqui.ado,ado,2026-07-08
khb,khb,khb.ado,ado,2026-07-08
khbtab,khb,khbtab.ado,ado,2026-07-08
kernel,kernel,kernel.ado,ado,2026-07-08
kfoldclass,kfoldclass,kfoldclass.ado,ado,2026-07-08
kapprevi,kapprevi,kapprevi.ado,ado,2026-07-08
kapgof,kapgof,kapgof.ado,ado,2026-07-08
kernreg2,kernreg2,kernreg2.ado,ado,2026-07-08
konfound,konfound,konfound.ado,ado,2026-07-08
mkonfound,konfound,../m/mkonfound.ado,ado,2026-07-08
pkonfound,konfound,../p/pkonfound.ado,ado,2026-07-08
kmtest,kmtest,kmtest.ado,ado,2026-07-08
kmtest_cv,kmtest,kmtest_cv.ado,ado,2026-07-08
kmtest_power,kmtest,kmtest_power.ado,ado,2026-07-08
kmtest_sim,kmtest,kmtest_sim.ado,ado,2026-07-08
kernreg1,kernreg1,kernreg1.ado,ado,2026-07-08
kmatch,kmatch,kmatch.ado,ado,2026-07-08
kmatch_svyr,kmatch,kmatch_svyr.ado,ado,2026-07-08
keyplot,keyplot,keyplot.ado,ado,2026-07-08
kssur,kssur,kssur.ado,ado,2026-07-08
ky_fit,ky_fit,ky_fit.ado,ado,2026-07-08
ky_estat,ky_fit,ky_estat.ado,ado,2026-07-08
ky_ll_1,ky_fit,ky_ll_1.ado,ado,2026-07-08
ky_ll_2,ky_fit,ky_ll_2.ado,ado,2026-07-08
ky_ll_3,ky_fit,ky_ll_3.ado,ado,2026-07-08
ky_ll_4,ky_fit,ky_ll_4.ado,ado,2026-07-08
ky_ll_5,ky_fit,ky_ll_5.ado,ado,2026-07-08
ky_ll_6,ky_fit,ky_ll_6.ado,ado,2026-07-08
ky_ll_7,ky_fit,ky_ll_7.ado,ado,2026-07-08
ky_ll_8,ky_fit,ky_ll_8.ado,ado,2026-07-08
ky_sim,ky_fit,ky_sim.ado,ado,2026-07-08
ky_p,ky_fit,ky_p.ado,ado,2026-07-08
ky_star,ky_fit,ky_star.ado,ado,2026-07-08
kappa2,kappa2,kappa2.ado,ado,2026-07-08
kappaAux,kappa2,kappaAux.ado,ado,2026-07-08
katego,katego,katego.ado,ado,2026-07-08
kapetanios,kapetanios,kapetanios.ado,ado,2026-07-08
kdens2,kdens2,kdens2.ado,ado,2026-07-08
surface,kdens2,../s/surface.ado,ado,2026-07-08
kr20,kr20,kr20.ado,ado,2026-07-08
kanom,kanom,kanom.ado,ado,2026-07-08
koenker,koenker,koenker.ado,ado,2026-07-08
kdbox,kdbox,kdbox.ado,ado,2026-07-08
kappalate,kappalate,kappalate.ado,ado,2026-07-08
lasagna,lasagna,lasagna.ado,ado,2026-07-08
lfk,lfk,lfk.ado,ado,2026-07-08
listtab,listtab,listtab.ado,ado,2026-07-08
listtab_rstyle,listtab,listtab_rstyle.ado,ado,2026-07-08
listtab_vars,listtab,listtab_vars.ado,ado,2026-07-08
lmnjbnl,lmnjbnl,lmnjbnl.ado,ado,2026-07-08
lmcovsem,lmcovsem,lmcovsem.ado,ado,2026-07-08
lmeg,lmeg,lmeg.ado,ado,2026-07-08
lisrelinput,lisrelinput,lisrelinput.ado,ado,2026-07-08
lmabg2,lmabg2,lmabg2.ado,ado,2026-07-08
lmhhpnl,lmhhpnl,lmhhpnl.ado,ado,2026-07-08
lrseq,lrseq,lrseq.ado,ado,2026-07-08
lppinvl2,lppinvl2,lppinvl2.ado,ado,2026-07-08
labsumm,labsumm,labsumm.ado,ado,2026-07-08
lmhcw2,lmhcw2,lmhcw2.ado,ado,2026-07-08
lwdid,lwdid,lwdid.ado,ado,2026-07-08
linuxlsd1,linuxlsd1,linuxlsd1.ado,ado,2026-07-08
llinuxlsd1,linuxlsd1,llinuxlsd1.ado,ado,2026-07-08
lmnreg3,lmnreg3,lmnreg3.ado,ado,2026-07-08
lodes,lodes,lodes.ado,ado,2026-07-08
latab,latab,latab.ado,ado,2026-07-08
latabstat,latab,latabstat.ado,ado,2026-07-08
alphlist,listutil,../a/alphlist.ado,ado,2026-07-08
binolist,listutil,../b/binolist.ado,ado,2026-07-08
bothlist,listutil,../b/bothlist.ado,ado,2026-07-08
choplist,listutil,../c/choplist.ado,ado,2026-07-08
collist,listutil,../c/collist.ado,ado,2026-07-08
convlist,listutil,../c/convlist.ado,ado,2026-07-08
cseplist,listutil,../c/cseplist.ado,ado,2026-07-08
cvarlist,listutil,../c/cvarlist.ado,ado,2026-07-08
dellist,listutil,../d/dellist.ado,ado,2026-07-08
difflist,listutil,../d/difflist.ado,ado,2026-07-08
eqlist,listutil,../e/eqlist.ado,ado,2026-07-08
fmtlist,listutil,../f/fmtlist.ado,ado,2026-07-08
inslist,listutil,../i/inslist.ado,ado,2026-07-08
joinlist,listutil,../j/joinlist.ado,ado,2026-07-08
lclist,listutil,lclist.ado,ado,2026-07-08
maplist,listutil,../m/maplist.ado,ado,2026-07-08
mnthlist,listutil,../m/mnthlist.ado,ado,2026-07-08
poslist,listutil,../p/poslist.ado,ado,2026-07-08
postlist,listutil,../p/postlist.ado,ado,2026-07-08
prelist,listutil,../p/prelist.ado,ado,2026-07-08
prodlist,listutil,../p/prodlist.ado,ado,2026-07-08
replist,listutil,../r/replist.ado,ado,2026-07-08
revlist,listutil,../r/revlist.ado,ado,2026-07-08
rotlist,listutil,../r/rotlist.ado,ado,2026-07-08
sellist,listutil,../s/sellist.ado,ado,2026-07-08
seqlist,listutil,../s/seqlist.ado,ado,2026-07-08
sortlist,listutil,../s/sortlist.ado,ado,2026-07-08
sublist,listutil,../s/sublist.ado,ado,2026-07-08
sumlist,listutil,../s/sumlist.ado,ado,2026-07-08
takelist,listutil,../t/takelist.ado,ado,2026-07-08
trnclist,listutil,../t/trnclist.ado,ado,2026-07-08
uclist,listutil,../u/uclist.ado,ado,2026-07-08
uniqlist,listutil,../u/uniqlist.ado,ado,2026-07-08
varflist,listutil,../v/varflist.ado,ado,2026-07-08
vectlist,listutil,../v/vectlist.ado,ado,2026-07-08
wclist,listutil,../w/wclist.ado,ado,2026-07-08
xorlist,listutil,../x/xorlist.ado,ado,2026-07-08
longplot,longplot,longplot.ado,ado,2026-07-08
listsome,listsome,listsome.ado,ado,2026-07-08
lmhhpxt,lmhhpxt,lmhhpxt.ado,ado,2026-07-08
lowyupdate,lowyseattle,lowyupdate.ado,ado,2026-07-08
elfs,lowyseattle,../e/elfs.ado,ado,2026-07-08
fromeditor,lowyseattle,../f/fromeditor.ado,ado,2026-07-08
lmnad2,lmnad2,lmnad2.ado,ado,2026-07-08
lmsrd,lmsrd,lmsrd.ado,ado,2026-07-08
leedtwoway,leedtwoway,leedtwoway.ado,ado,2026-07-08
lbpower,lbpower,lbpower.ado,ado,2026-07-08
listmiss,listmiss,listmiss.ado,ado,2026-07-08
logloss,logloss,logloss.ado,ado,2026-07-08
lcaentropy,lcaentropy,lcaentropy.ado,ado,2026-07-08
labellist,labellist,labellist.ado,ado,2026-07-08
lmnnlsur,lmnnlsur,lmnnlsur.ado,ado,2026-07-08
lmngry2,lmngry2,lmngry2.ado,ado,2026-07-08
lmhwald,lmhwald,lmhwald.ado,ado,2026-07-08
lmngry,lmngry,lmngry.ado,ado,2026-07-08
lmnxt,lmnjbxt,lmnxt.ado,ado,2026-07-08
lmhsem,lmhsem,lmhsem.ado,ado,2026-07-08
lookfor2,lookfor2,lookfor2.ado,ado,2026-07-08
closedesc,lookfor2,../c/closedesc.ado,ado,2026-07-08
lintrend,lintrend,lintrend.ado,ado,2026-07-08
lmfreg2,lmfreg2,lmfreg2.ado,ado,2026-07-08
labrec,labrec,labrec.ado,ado,2026-07-08
lars,lars,lars.ado,ado,2026-07-08
lambda,lambda,lambda.ado,ado,2026-07-08
levpredict,levpredict,levpredict.ado,ado,2026-07-08
lablist,lablist,lablist.ado,ado,2026-07-08
log2html,log2html,log2html.ado,ado,2026-07-08
log2html7,log2html,log2html7.ado,ado,2026-07-08
lmaznl,lmaznl,lmaznl.ado,ado,2026-07-08
lmndh,lmndh,lmndh.ado,ado,2026-07-08
lxhuse,lxhuse,lxhuse.ado,ado,2026-07-08
lbsvmat,lbsvmat,lbsvmat.ado,ado,2026-07-08
logitgraph,logitgraph,logitgraph.ado,ado,2026-07-08
lookforit,lookforit,lookforit.ado,ado,2026-07-08
labgen,labgen,labgen.ado,ado,2026-07-08
labreplace,labgen,labreplace.ado,ado,2026-07-08
lmabp,lmabp,lmabp.ado,ado,2026-07-08
log2do2,log2do2,log2do2.ado,ado,2026-07-08
lmabg,lmabg,lmabg.ado,ado,2026-07-08
loasampsi,loasampsi,loasampsi.ado,ado,2026-07-08
longshape,longshape,longshape.ado,ado,2026-07-08
log2markup,log2markup,log2markup.ado,ado,2026-07-08
do2docs,log2markup,../d/do2docs.ado,ado,2026-07-08
lmngr,lmngr,lmngr.ado,ado,2026-07-08
lmabpg2,lmabpg2,lmabpg2.ado,ado,2026-07-08
louvain,luvain,louvain.ado,ado,2026-07-08
louvain_gcd,luvain,louvain_gcd.ado,ado,2026-07-08
lmcovvar,lmcovvar,lmcovvar.ado,ado,2026-07-08
lmnjb,lmnjb,lmnjb.ado,ado,2026-07-08
lincomest,lincomest,lincomest.ado,ado,2026-07-08
lincomest_p,lincomest,lincomest_p.ado,ado,2026-07-08
lmabpnl,lmabpnl,lmabpnl.ado,ado,2026-07-08
levinlin,levinlin,levinlin.ado,ado,2026-07-08
leslie,leslie,leslie.ado,ado,2026-07-08
lmalb2,lmalb2,lmalb2.ado,ado,2026-07-08
lvalues,lvalues,lvalues.ado,ado,2026-07-08
lany,lany,lany.ado,ado,2026-07-08
lomodrs,lomodrs,lomodrs.ado,ado,2026-07-08
lmadw,lmadw,lmadw.ado,ado,2026-07-08
levene,levene,levene.ado,ado,2026-07-08
lmndp2,lmndp2,lmndp2.ado,ado,2026-07-08
labmm,labmm,labmm.ado,ado,2026-07-08
lmaz,lmaz,lmaz.ado,ado,2026-07-08
lastupto,lastupto,lastupto.ado,ado,2026-07-08
linequate,linequate,linequate.ado,ado,2026-07-08
lzqreg,lzqreg,lzqreg.ado,ado,2026-07-08
libhtml,libhtml,libhtml.ado,ado,2026-07-08
labone,labone,labone.ado,ado,2026-07-08
lcmc,lcmc,lcmc.ado,ado,2026-07-08
lcmc_ll,lcmc,lcmc_ll.ado,ado,2026-07-08
lcmc_predict,lcmc,lcmc_predict.ado,ado,2026-07-08
litt,littext,litt.ado,ado,2026-07-08
littext,littext,littext.ado,ado,2026-07-08
_littext_analyze,littext,../_/_littext_analyze.ado,ado,2026-07-08
_littext_example,littext,../_/_littext_example.ado,ado,2026-07-08
_littext_export,littext,../_/_littext_export.ado,ado,2026-07-08
_littext_graph,littext,../_/_littext_graph.ado,ado,2026-07-08
_littext_install,littext,../_/_littext_install.ado,ado,2026-07-08
_littext_resolve,littext,../_/_littext_resolve.ado,ado,2026-07-08
lnmor,lnmor,lnmor.ado,ado,2026-07-08
_lnmor_svyr,lnmor,../_/_lnmor_svyr.ado,ado,2026-07-08
_lnmor_svyb,lnmor,../_/_lnmor_svyb.ado,ado,2026-07-08
logitjack,logitjack,logitjack.ado,ado,2026-07-08
loevh2,loevh2,loevh2.ado,ado,2026-07-08
loevh2_boot,loevh2,loevh2_boot.ado,ado,2026-07-08
ltop,ltop,ltop.ado,ado,2026-07-08
lpbwdensity,lpdensity,lpbwdensity.ado,ado,2026-07-08
lpdensity,lpdensity,lpdensity.ado,ado,2026-07-08
lmabpxt,lmabpxt,lmabpxt.ado,ado,2026-07-08
lmhlmxt,lmhlmxt,lmhlmxt.ado,ado,2026-07-08
libd3,libd3,libd3.ado,ado,2026-07-08
lmnad,lmnad,lmnad.ado,ado,2026-07-08
locpr,locpr,locpr.ado,ado,2026-07-08
listtex,listtex,listtex.ado,ado,2026-07-08
listtex_vars,listtex,listtex_vars.ado,ado,2026-07-08
listtex_rstyle,listtex,listtex_rstyle.ado,ado,2026-07-08
louvain,louvain,louvain.ado,ado,2026-07-08
louvain_gcd,louvain,louvain_gcd.ado,ado,2026-07-08
lmhlrxt,lmhlrxt,lmhlrxt.ado,ado,2026-07-08
lmabxt,lmabxt,lmabxt.ado,ado,2026-07-08
callst,lowyseattlea,../c/callst.ado,ado,2026-07-08
cdl,lowyseattlea,../c/cdl.ado,ado,2026-07-08
clearl,lowyseattlea,../c/clearl.ado,ado,2026-07-08
collapsel,lowyseattlea,../c/collapsel.ado,ado,2026-07-08
collect,lowyseattlea,../c/collect.ado,ado,2026-07-08
dd,lowyseattlea,../d/dd.ado,ado,2026-07-08
del,lowyseattlea,../d/del.ado,ado,2026-07-08
elgen,lowyseattlea,../e/elgen.ado,ado,2026-07-08
findd,lowyseattlea,../f/findd.ado,ado,2026-07-08
findda,lowyseattlea,../f/findda.ado,ado,2026-07-08
finddat,lowyseattlea,../f/finddat.ado,ado,2026-07-08
finddata,lowyseattlea,../f/finddata.ado,ado,2026-07-08
htm,lowyseattlea,../h/htm.ado,ado,2026-07-08
projdo,lowyseattlea,../p/projdo.ado,ado,2026-07-08
readonly,lowyseattlea,../r/readonly.ado,ado,2026-07-08
recent,lowyseattlea,../r/recent.ado,ado,2026-07-08
savel,lowyseattlea,../s/savel.ado,ado,2026-07-08
sql,lowyseattlea,../s/sql.ado,ado,2026-07-08
sqli,lowyseattlea,../s/sqli.ado,ado,2026-07-08
tf,lowyseattlea,../t/tf.ado,ado,2026-07-08
tfr,lowyseattlea,../t/tfr.ado,ado,2026-07-08
tfre,lowyseattlea,../t/tfre.ado,ado,2026-07-08
tfreq,lowyseattlea,../t/tfreq.ado,ado,2026-07-08
tlist,lowyseattlea,../t/tlist.ado,ado,2026-07-08
tlisthead,lowyseattlea,../t/tlisthead.ado,ado,2026-07-08
tone,lowyseattlea,../t/tone.ado,ado,2026-07-08
toview,lowyseattlea,../t/toview.ado,ado,2026-07-08
tsame,lowyseattlea,../t/tsame.ado,ado,2026-07-08
tstats,lowyseattlea,../t/tstats.ado,ado,2026-07-08
usel,lowyseattlea,../u/usel.ado,ado,2026-07-08
lmadwnl,lmadwnl,lmadwnl.ado,ado,2026-07-08
labvalpool,labvalpool,labvalpool.ado,ado,2026-07-08
lmnwhitenl,lmnwhitenl,lmnwhitenl.ado,ado,2026-07-08
lmztest,lmztest,lmztest.ado,ado,2026-07-08
lmcovnlsur,lmcovnlsur,lmcovnlsur.ado,ado,2026-07-08
lomackinlay,lomackinlay,lomackinlay.ado,ado,2026-07-08
lfsum,lfsum,lfsum.ado,ado,2026-07-08
lfsummvl,lfsum,lfsummvl.ado,ado,2026-07-08
lfuni,lfsum,lfuni.ado,ado,2026-07-08
lftabl,lfsum,lftabl.ado,ado,2026-07-08
lfdes,lfsum,lfdes.ado,ado,2026-07-08
localp,localp,localp.ado,ado,2026-07-08
lmnwhitext,lmnwhitext,lmnwhitext.ado,ado,2026-07-08
lrdrop1,lrdrop1,lrdrop1.ado,ado,2026-07-08
loopplot,loopplot,loopplot.ado,ado,2026-07-08
lmadurm2,lmadurm2,lmadurm2.ado,ado,2026-07-08
chlist,lowyseattleb,../c/chlist.ado,ado,2026-07-08
cnt,lowyseattleb,../c/cnt.ado,ado,2026-07-08
ddt,lowyseattleb,../d/ddt.ado,ado,2026-07-08
drany,lowyseattleb,../d/drany.ado,ado,2026-07-08
emiss,lowyseattleb,../e/emiss.ado,ado,2026-07-08
encodel,lowyseattleb,../e/encodel.ado,ado,2026-07-08
fromvars,lowyseattleb,../f/fromvars.ado,ado,2026-07-08
genif,lowyseattleb,../g/genif.ado,ado,2026-07-08
globel,lowyseattleb,../g/globel.ado,ado,2026-07-08
hs,lowyseattleb,../h/hs.ado,ado,2026-07-08
importlabels,lowyseattleb,../i/importlabels.ado,ado,2026-07-08
insertat,lowyseattleb,../i/insertat.ado,ado,2026-07-08
intercorr,lowyseattleb,../i/intercorr.ado,ado,2026-07-08
models,lowyseattleb,../m/models.ado,ado,2026-07-08
nmiss,lowyseattleb,../n/nmiss.ado,ado,2026-07-08
pair,lowyseattleb,../p/pair.ado,ado,2026-07-08
projix,lowyseattleb,../p/projix.ado,ado,2026-07-08
qlabel,lowyseattleb,../q/qlabel.ado,ado,2026-07-08
randid,lowyseattleb,../r/randid.ado,ado,2026-07-08
rrc,lowyseattleb,../r/rrc.ado,ado,2026-07-08
rxdays,lowyseattleb,../r/rxdays.ado,ado,2026-07-08
rxdose,lowyseattleb,../r/rxdose.ado,ado,2026-07-08
savesaslabs,lowyseattleb,../s/savesaslabs.ado,ado,2026-07-08
source,lowyseattleb,../s/source.ado,ado,2026-07-08
uniq,lowyseattleb,../u/uniq.ado,ado,2026-07-08
xtilel,lowyseattleb,../x/xtilel.ado,ado,2026-07-08
logittorisk,logittorisk,logittorisk.ado,ado,2026-07-08
logittoriski,logittorisk,logittoriski.ado,ado,2026-07-08
lmadwxt,lmadwxt,lmadwxt.ado,ado,2026-07-08
lmnsem,lmnsem,lmnsem.ado,ado,2026-07-08
lmnwhite2,lmnwhite2,lmnwhite2.ado,ado,2026-07-08
labcenswdi,labcenswdi,labcenswdi.ado,ado,2026-07-08
landemets,landemets,landemets.ado,ado,2026-07-08
lstrfun,lstrfun,lstrfun.ado,ado,2026-07-08
lmhnlsur,lmhnlsur,lmhnlsur.ado,ado,2026-07-08
lognfit,lognfit,lognfit.ado,ado,2026-07-08
lognfit_ll,lognfit,lognfit_ll.ado,ado,2026-07-08
lognpred,lognfit,lognpred.ado,ado,2026-07-08
lookfor_all,lookfor_all,lookfor_all.ado,ado,2026-07-08
labvalcl,labvalcl,labvalcl.ado,ado,2026-07-08
lxhuse,lxhget,lxhuse.ado,ado,2026-07-08
lmcovxt,lmcovxt,lmcovxt.ado,ado,2026-07-08
logoute,logoute,logoute.ado,ado,2026-07-08
lrasvar,lrasvar,lrasvar.ado,ado,2026-07-08
lmadurmnl,lmadurmnl,lmadurmnl.ado,ado,2026-07-08
lmavonxt,lmavonxt,lmavonxt.ado,ado,2026-07-08
lsaplot,lsaplot,lsaplot.ado,ado,2026-07-08
labmatch,labmatch,labmatch.ado,ado,2026-07-08
lmawxt,lmawxt,lmawxt.ado,ado,2026-07-08
looclass,looclass,looclass.ado,ado,2026-07-08
logitcprplot,logitcprplot,logitcprplot.ado,ado,2026-07-08
levels,levels,levels.ado,ado,2026-07-08
levels7,levels,levels7.ado,ado,2026-07-08
lmngryxt,lmngryxt,lmngryxt.ado,ado,2026-07-08
labellacking,labellacking,labellacking.ado,ado,2026-07-08
listreg,listreg,listreg.ado,ado,2026-07-08
_listreg_svy,listreg,../_/_listreg_svy.ado,ado,2026-07-08
lianxh,lianxh,lianxh.ado,ado,2026-07-08
lmadw2,lmadw2,lmadw2.ado,ado,2026-07-08
lrmatx,lrmatx,lrmatx.ado,ado,2026-07-08
lmomentsets,lmomentsets,lmomentsets.ado,ado,2026-07-08
_lmoments,lmomentsets,../_/_lmoments.ado,ado,2026-07-08
labcd,labutil,labcd.ado,ado,2026-07-08
labcopy,labutil,labcopy.ado,ado,2026-07-08
labdel,labutil,labdel.ado,ado,2026-07-08
lablog,labutil,lablog.ado,ado,2026-07-08
labdtch,labutil,labdtch.ado,ado,2026-07-08
labmap,labutil,labmap.ado,ado,2026-07-08
labnoeq,labutil,labnoeq.ado,ado,2026-07-08
labvarch,labutil,labvarch.ado,ado,2026-07-08
labvalch,labutil,labvalch.ado,ado,2026-07-08
labmask,labutil,labmask.ado,ado,2026-07-08
labvalclone,labutil,labvalclone.ado,ado,2026-07-08
labvalcombine,labutil,labvalcombine.ado,ado,2026-07-08
lmharch2,lmharch2,lmharch2.ado,ado,2026-07-08
lmhwaldxt,lmhwaldxt,lmhwaldxt.ado,ado,2026-07-08
lmhharv,lmhharv,lmhharv.ado,ado,2026-07-08
lmfreg,lmfreg,lmfreg.ado,ado,2026-07-08
lmavonnl,lmavonnl,lmavonnl.ado,ado,2026-07-08
lms,lms,lms.ado,ado,2026-07-08
lprplot,lprplot,lprplot.ado,ado,2026-07-08
lmadurmxt,lmadurmxt,lmadurmxt.ado,ado,2026-07-08
labvalch3,labvalch3,labvalch3.ado,ado,2026-07-08
ldecomp,ldecomp,ldecomp.ado,ado,2026-07-08
_ldecomp,ldecomp,../_/_ldecomp.ado,ado,2026-07-08
lmhreg3,lmhreg3,lmhreg3.ado,ado,2026-07-08
lddtest,lddtest,lddtest.ado,ado,2026-07-08
logpred,logpred,logpred.ado,ado,2026-07-08
lmhcwxt,lmhcwxt,lmhcwxt.ado,ado,2026-07-08
lmabgxt,lmabgxt,lmabgxt.ado,ado,2026-07-08
lrmbounds,lrmbounds,lrmbounds.ado,ado,2026-07-08
_lrmbounds_critvals,lrmbounds,../_/_lrmbounds_critvals.ado,ado,2026-07-08
_lrmbounds_estimate,lrmbounds,../_/_lrmbounds_estimate.ado,ado,2026-07-08
_lrmbounds_ftest,lrmbounds,../_/_lrmbounds_ftest.ado,ado,2026-07-08
_lrmbounds_graph,lrmbounds,../_/_lrmbounds_graph.ado,ado,2026-07-08
_lrmbounds_lrm,lrmbounds,../_/_lrmbounds_lrm.ado,ado,2026-07-08
_lrmbounds_stars,lrmbounds,../_/_lrmbounds_stars.ado,ado,2026-07-08
lrchg,lrchg,lrchg.ado,ado,2026-07-08
lorenz,lorenz,lorenz.ado,ado,2026-07-08
leestra,leestra,leestra.ado,ado,2026-07-08
lookfor_val,lookfor_val,lookfor_val.ado,ado,2026-07-08
lmoments,lmoments,lmoments.ado,ado,2026-07-08
lmose,lmoments,lmose.ado,ado,2026-07-08
lmoments9,lmoments,lmoments9.ado,ado,2026-07-08
lmoments8,lmoments,lmoments8.ado,ado,2026-07-08
lmoments6,lmoments,lmoments6.ado,ado,2026-07-08
labelmiss,labelmiss,labelmiss.ado,ado,2026-07-08
labelsof,labelsof,labelsof.ado,ado,2026-07-08
lvr2plot2,lvr2plot2,lvr2plot2.ado,ado,2026-07-08
lxpct_2,lxpct_2,lxpct_2.ado,ado,2026-07-08
lmareg3,lmareg3,lmareg3.ado,ado,2026-07-08
lincom2,lincom2,lincom2.ado,ado,2026-07-08
lclogit,lclogit,lclogit.ado,ado,2026-07-08
lclogitcov,lclogit,lclogitcov.ado,ado,2026-07-08
lclogitml,lclogit,lclogitml.ado,ado,2026-07-08
lclogitpr,lclogit,lclogitpr.ado,ado,2026-07-08
fmlogit_pr,lclogit,../f/fmlogit_pr.ado,ado,2026-07-08
labeldatasyntax,labeldatasyntax,labeldatasyntax.ado,ado,2026-07-08
lmhcw,lmhcw,lmhcw.ado,ado,2026-07-08
lincheck,lincheck,lincheck.ado,ado,2026-07-08
labup,labup,labup.ado,ado,2026-07-08
logithetm,logithetm,logithetm.ado,ado,2026-07-08
logithetm_lf,logithetm,logithetm_lf.ado,ado,2026-07-08
labmv,labmv,labmv.ado,ado,2026-07-08
lmavon2,lmavon2,lmavon2.ado,ado,2026-07-08
lassoutils,lassopack,lassoutils.ado,ado,2026-07-08
lasso2,lassopack,lasso2.ado,ado,2026-07-08
lasso2_p,lassopack,lasso2_p.ado,ado,2026-07-08
cvlasso,lassopack,../c/cvlasso.ado,ado,2026-07-08
rlasso,lassopack,../r/rlasso.ado,ado,2026-07-08
cvlassologit,lassopack,../c/cvlassologit.ado,ado,2026-07-08
lassologit,lassopack,lassologit.ado,ado,2026-07-08
rlassologit,lassopack,../r/rlassologit.ado,ado,2026-07-08
lassologit_p,lassopack,lassologit_p.ado,ado,2026-07-08
rlasso_p,lassopack,../r/rlasso_p.ado,ado,2026-07-08
lmabgnl,lmabgnl,lmabgnl.ado,ado,2026-07-08
lmhcwnl,lmhcwnl,lmhcwnl.ado,ado,2026-07-08
le8,le8,le8.ado,ado,2026-07-08
labvars,labvars,labvars.ado,ado,2026-07-08
lmabp2,lmabp2,lmabp2.ado,ado,2026-07-08
lmadurm,lmadurm,lmadurm.ado,ado,2026-07-08
labundef,labundef,labundef.ado,ado,2026-07-08
locproj,locproj,locproj.ado,ado,2026-07-08
lpgraph,locproj,lpgraph.ado,ado,2026-07-08
locproj_str,locproj,locproj_str.ado,ado,2026-07-08
litdiscover,litdiscover,litdiscover.ado,ado,2026-07-08
litdi,litdiscover,litdi.ado,ado,2026-07-08
leftalign,leftalign,leftalign.ado,ado,2026-07-08
rightalign,leftalign,../r/rightalign.ado,ado,2026-07-08
log2md,log2md,log2md.ado,ado,2026-07-08
open,log2md,../o/open.ado,ado,2026-07-08
open2,log2md,../o/open2.ado,ado,2026-07-08
longch,longch,longch.ado,ado,2026-07-08
lpdid,lpdid,lpdid.ado,ado,2026-07-08
linuxlsdl,linuxlsdl,linuxlsdl.ado,ado,2026-07-08
llinuxlsdl,linuxlsdl,llinuxlsdl.ado,ado,2026-07-08
lmasem,lmasem,lmasem.ado,ado,2026-07-08
lmhglnl,lmhglnl,lmhglnl.ado,ado,2026-07-08
lmndp,lmndp,lmndp.ado,ado,2026-07-08
linkplot,linkplot,linkplot.ado,ado,2026-07-08
lppinv,lppinv,lppinv.ado,ado,2026-07-08
lmodwt,lwavelet,lmodwt.ado,ado,2026-07-08
wavelet,lwavelet,../w/wavelet.ado,ado,2026-07-08
wmcorr,lwavelet,../w/wmcorr.ado,ado,2026-07-08
wmreg,lwavelet,../w/wmreg.ado,ado,2026-07-08
wmxcorr,lwavelet,../w/wmxcorr.ado,ado,2026-07-08
wt,lwavelet,../w/wt.ado,ado,2026-07-08
wtc,lwavelet,../w/wtc.ado,ado,2026-07-08
xwt,lwavelet,../x/xwt.ado,ado,2026-07-08
lmdi,lmdi,lmdi.ado,ado,2026-07-08
lmabpg,lmabpg,lmabpg.ado,ado,2026-07-08
laplacereg,laplacereg,laplacereg.ado,ado,2026-07-08
lmadurh2,lmadurh2,lmadurh2.ado,ado,2026-07-08
lstack,lstack,lstack.ado,ado,2026-07-08
lmalb,lmalb,lmalb.ado,ado,2026-07-08
lmanlsur,lmanlsur,lmanlsur.ado,ado,2026-07-08
lmhgl,lmhgl,lmhgl.ado,ado,2026-07-08
ltable2,ltable2,ltable2.ado,ado,2026-07-08
lmcol,lmcol,lmcol.ado,ado,2026-07-08
listfirst,listfirst,listfirst.ado,ado,2026-07-08
leebounds,leebounds,leebounds.ado,ado,2026-07-08
logout,logout,logout.ado,ado,2026-07-08
caplog,logout,../c/caplog.ado,ado,2026-07-08
lclogit2,lclogit2,lclogit2.ado,ado,2026-07-08
lclogitcov2,lclogit2,lclogitcov2.ado,ado,2026-07-08
lclogitml2,lclogit2,lclogitml2.ado,ado,2026-07-08
lclogitpr2,lclogit2,lclogitpr2.ado,ado,2026-07-08
lclogitwtp2,lclogit2,lclogitwtp2.ado,ado,2026-07-08
lmalbnl,lmalbnl,lmalbnl.ado,ado,2026-07-08
logtest,logtest,logtest.ado,ado,2026-07-08
lmnadnl,lmnadnl,lmnadnl.ado,ado,2026-07-08
lmhharv2,lmhharv2,lmhharv2.ado,ado,2026-07-08
lmhgl2,lmhgl2,lmhgl2.ado,ado,2026-07-08
lmhhp,lmhhp,lmhhp.ado,ado,2026-07-08
loevh,loevh,loevh.ado,ado,2026-07-08
anaoption,loevh,../a/anaoption.ado,ado,2026-07-08
traces,loevh,../t/traces.ado,ado,2026-07-08
gengroup,loevh,../g/gengroup.ado,ado,2026-07-08
guttmax,loevh,../g/guttmax.ado,ado,2026-07-08
leanout,leanout,leanout.ado,ado,2026-07-08
logitfe,logitfe,logitfe.ado,ado,2026-07-08
lmavon,lmavon,lmavon.ado,ado,2026-07-08
lmhhp2,lmhhp2,lmhhp2.ado,ado,2026-07-08
lmharchnl,lmharchnl,lmharchnl.ado,ado,2026-07-08
ldtest,ldtest,ldtest.ado,ado,2026-07-08
ldtestmp,ldtest,ldtestmp.ado,ado,2026-07-08
lmabpgxt,lmabpgxt,lmabpgxt.ado,ado,2026-07-08
ljs,ljs,ljs.ado,ado,2026-07-08
lmharchxt,lmharchxt,lmharchxt.ado,ado,2026-07-08
lmadurhxt,lmadurhxt,lmadurhxt.ado,ado,2026-07-08
lrplot,lrutil,lrplot.ado,ado,2026-07-08
lrmatx,lrutil,lrmatx.ado,ado,2026-07-08
lrchg,lrutil,lrchg.ado,ado,2026-07-08
grlogit,lrutil,../g/grlogit.ado,ado,2026-07-08
grfreq,lrutil,../g/grfreq.ado,ado,2026-07-08
lmnwhite,lmnwhite,lmnwhite.ado,ado,2026-07-08
lmabpgnl,lmabpgnl,lmabpgnl.ado,ado,2026-07-08
lmadurh,lmadurh,lmadurh.ado,ado,2026-07-08
lmgc,lmgc,lmgc.ado,ado,2026-07-08
lmharch,lmharch,lmharch.ado,ado,2026-07-08
lsacsetup,lsacsetup,lsacsetup.ado,ado,2026-07-08
lgamma2,lgamma2,lgamma2.ado,ado,2026-07-08
lgamm_ll,lgamma2,lgamm_ll.ado,ado,2026-07-08
lgraph,lgraph,lgraph.ado,ado,2026-07-08
lmhmss2,lmhmss2,lmhmss2.ado,ado,2026-07-08
labsort,labsort,labsort.ado,ado,2026-07-08
lmtest,lmtest,lmtest.ado,ado,2026-07-08
dslab,labutil2,../d/dslab.ado,ado,2026-07-08
labdu,labutil2,labdu.ado,ado,2026-07-08
labellist,labutil2,labellist.ado,ado,2026-07-08
labmm,labutil2,labmm.ado,ado,2026-07-08
labmv,labutil2,labmv.ado,ado,2026-07-08
labrec,labutil2,labrec.ado,ado,2026-07-08
labvalch3,labutil2,labvalch3.ado,ado,2026-07-08
labvalcl,labutil2,labvalcl.ado,ado,2026-07-08
labvalpool,labutil2,labvalpool.ado,ado,2026-07-08
labvars,labutil2,labvars.ado,ado,2026-07-08
labunab,labutil2,labunab.ado,ado,2026-07-08
labcpy,labutil2,labcpy.ado,ado,2026-07-08
labdeval,labutil2,labdeval.ado,ado,2026-07-08
labren,labutil2,labren.ado,ado,2026-07-08
labmvs,labutil2,labmvs.ado,ado,2026-07-08
labmvs9,labutil2,labmvs9.ado,ado,2026-07-08
txtlabdef,labutil2,../t/txtlabdef.ado,ado,2026-07-08
uselab,labutil2,../u/uselab.ado,ado,2026-07-08
labgen2,labutil2,labgen2.ado,ado,2026-07-08
labascii,labutil2,labascii.ado,ado,2026-07-08
labrecode,labutil2,labrecode.ado,ado,2026-07-08
lab2varn,labutil2,lab2varn.ado,ado,2026-07-08
lmcovreg3,lmcovreg3,lmcovreg3.ado,ado,2026-07-08
lrplot,lrplot,lrplot.ado,ado,2026-07-08
loocv,loocv,loocv.ado,ado,2026-07-08
lmnadxt,lmnadxt,lmnadxt.ado,ado,2026-07-08
yaml,yaml,yaml.ado,ado,2026-07-08
yaml_clear,yaml,yaml_clear.ado,ado,2026-07-08
yaml_describe,yaml,yaml_describe.ado,ado,2026-07-08
yaml_dir,yaml,yaml_dir.ado,ado,2026-07-08
yaml_frames,yaml,yaml_frames.ado,ado,2026-07-08
yaml_get,yaml,yaml_get.ado,ado,2026-07-08
yaml_list,yaml,yaml_list.ado,ado,2026-07-08
yaml_read,yaml,yaml_read.ado,ado,2026-07-08
yaml_validate,yaml,yaml_validate.ado,ado,2026-07-08
yaml_write,yaml,yaml_write.ado,ado,2026-07-08
_yaml_collapse,yaml,../_/_yaml_collapse.ado,ado,2026-07-08
_yaml_fastread,yaml,../_/_yaml_fastread.ado,ado,2026-07-08
_yaml_mataread,yaml,../_/_yaml_mataread.ado,ado,2026-07-08
_yaml_tokenize_line,yaml,../_/_yaml_tokenize_line.ado,ado,2026-07-08
yatchew_test,yatchew_test,yatchew_test.ado,ado,2026-07-08
yrdif,yrdif,yrdif.ado,ado,2026-07-08
yale,yalescheme,../s/scheme-yale.scheme,scheme,2026-07-08
pvw,pvw,pvw.ado,ado,2026-07-08
pvwcalc,pvw,pvwcalc.ado,ado,2026-07-08
prevent10,prevent,prevent10.ado,ado,2026-07-08
prevent10i,prevent,prevent10i.ado,ado,2026-07-08
prevent30,prevent,prevent30.ado,ado,2026-07-08
prevent30i,prevent,prevent30i.ado,ado,2026-07-08
pisacmd,pisatools,pisacmd.ado,ado,2026-07-08
pisadeco,pisatools,pisadeco.ado,ado,2026-07-08
pisaoaxaca,pisatools,pisaoaxaca.ado,ado,2026-07-08
pisaqreg,pisatools,pisaqreg.ado,ado,2026-07-08
pisareg,pisatools,pisareg.ado,ado,2026-07-08
pisastats,pisatools,pisastats.ado,ado,2026-07-08
pzms,pzms,pzms.ado,ado,2026-07-08
pzms_sim,pzms,pzms_sim.ado,ado,2026-07-08
pzms_custom,pzms,pzms_custom.ado,ado,2026-07-08
prolist,prolist,prolist.ado,ado,2026-07-08
pctrim,pctrim,pctrim.ado,ado,2026-07-08
poverty,poverty,poverty.ado,ado,2026-07-08
posis,posw_posis,posis.ado,ado,2026-07-08
posw,posw_posis,posw.ado,ado,2026-07-08
isis,posw_posis,../i/isis.ado,ado,2026-07-08
pocvsw,posw_posis,pocvsw.ado,ado,2026-07-08
poswbic_gmm_logit,posw_posis,poswbic_gmm_logit.ado,ado,2026-07-08
poswbic_gmm_pois,posw_posis,poswbic_gmm_pois.ado,ado,2026-07-08
stepbic,posw_posis,../s/stepbic.ado,ado,2026-07-08
steptest,posw_posis,../s/steptest.ado,ado,2026-07-08
panell,panell,panell.ado,ado,2026-07-08
poparms,poparms,poparms.ado,ado,2026-07-08
poparms_p,poparms,poparms_p.ado,ado,2026-07-08
bfit,poparms,../b/bfit.ado,ado,2026-07-08
proprcspline,proprcspline,proprcspline.ado,ado,2026-07-08
proprcspline_ex,proprcspline,proprcspline_ex.ado,ado,2026-07-08
pwploti,pwploti,pwploti.ado,ado,2026-07-08
pgamma,pgamma,pgamma.ado,ado,2026-07-08
pgamma4,pgamma,pgamma4.ado,ado,2026-07-08
pca2,pca2,pca2.ado,ado,2026-07-08
partgam,partgam,partgam.ado,ado,2026-07-08
parmest,parmest,parmest.ado,ado,2026-07-08
metaparm,parmest,../m/metaparm.ado,ado,2026-07-08
parmby,parmest,parmby.ado,ado,2026-07-08
parmcip,parmest,parmcip.ado,ado,2026-07-08
povguide2,povguide2,povguide2.ado,ado,2026-07-08
prismscore,prismscore,prismscore.ado,ado,2026-07-08
project,project,project.ado,ado,2026-07-08
pwcov,pwcov,pwcov.ado,ado,2026-07-08
ppml,ppml,ppml.ado,ado,2026-07-08
ppplot,ppplot,ppplot.ado,ado,2026-07-08
colorpalette,palettes,../c/colorpalette.ado,ado,2026-07-08
colorpalette9,palettes,../c/colorpalette9.ado,ado,2026-07-08
linepalette,palettes,../l/linepalette.ado,ado,2026-07-08
symbolpalette,palettes,../s/symbolpalette.ado,ado,2026-07-08
colorcheck,palettes,../c/colorcheck.ado,ado,2026-07-08
plotmatrix,plotmatrix,plotmatrix.ado,ado,2026-07-08
progres,progres,progres.ado,ado,2026-07-08
pcdid,pcdid,pcdid.ado,ado,2026-07-08
pdd,pcdid,pdd.ado,ado,2026-07-08
grtestsub,pcdid,../g/grtestsub.ado,ado,2026-07-08
pescadf,pescadf,pescadf.ado,ado,2026-07-08
pnrcheck,pnrcheck,pnrcheck.ado,ado,2026-07-08
putwrap,putwrap,putwrap.ado,ado,2026-07-08
probitmiss,probitmiss,probitmiss.ado,ado,2026-07-08
pq,pq,pq.ado,ado,2026-07-08
psemail,psemail,psemail.ado,ado,2026-07-08
pretty_baseline,pretty_baseline,pretty_baseline.ado,ado,2026-07-08
pdslasso,pdslasso,pdslasso.ado,ado,2026-07-08
ivlasso,pdslasso,../i/ivlasso.ado,ado,2026-07-08
ivlasso_p,pdslasso,../i/ivlasso_p.ado,ado,2026-07-08
probitfe,probitfe,probitfe.ado,ado,2026-07-08
psbayes,psbayes,psbayes.ado,ado,2026-07-08
psbayes6,psbayes,psbayes6.ado,ado,2026-07-08
pieplot,pieplot,pieplot.ado,ado,2026-07-08
paramed,paramed,paramed.ado,ado,2026-07-08
paramedbs,paramed,paramedbs.ado,ado,2026-07-08
prwe,prwe,prwe.ado,ado,2026-07-08
phack_deround,phack_deround,phack_deround.ado,ado,2026-07-08
pexp,pexp,pexp.ado,ado,2026-07-08
pexp5,pexp,pexp5.ado,ado,2026-07-08
pctilesets,pctilesets,pctilesets.ado,ado,2026-07-08
pdplot,pdplot,pdplot.ado,ado,2026-07-08
pbreg,pbreg,pbreg.ado,ado,2026-07-08
pbpoint,pbreg,pbpoint.ado,ado,2026-07-08
pbpredict,pbreg,pbpredict.ado,ado,2026-07-08
pullin,pullin,pullin.ado,ado,2026-07-08
pmean,pmean,pmean.ado,ado,2026-07-08
pyramid_chart,pyramid_chart,pyramid_chart.ado,ado,2026-07-08
parttau,parttau,parttau.ado,ado,2026-07-08
gendist,ptvtools,../g/gendist.ado,ado,2026-07-08
gendummies,ptvtools,../g/gendummies.ado,ado,2026-07-08
genstacks,ptvtools,../g/genstacks.ado,ado,2026-07-08
genyhats,ptvtools,../g/genyhats.ado,ado,2026-07-08
iimpute,ptvtools,../i/iimpute.ado,ado,2026-07-08
dfgls2,panelunit,../d/dfgls2.ado,ado,2026-07-08
dfuller2,panelunit,../d/dfuller2.ado,ado,2026-07-08
pperron2,panelunit,pperron2.ado,ado,2026-07-08
pv,pv,pv.ado,ado,2026-07-08
pv0,pv,pv0.ado,ado,2026-07-08
pvtest,pv,pvtest.ado,ado,2026-07-08
personage,personage,personage.ado,ado,2026-07-08
povtime,povtime,povtime.ado,ado,2026-07-08
plotbeta,plotbeta,plotbeta.ado,ado,2026-07-08
plssem,plssem,plssem.ado,ado,2026-07-08
plssemc,plssem,plssemc.ado,ado,2026-07-08
plssemc_mi,plssem,plssemc_mi.ado,ado,2026-07-08
plssem_mi,plssem,plssem_mi.ado,ado,2026-07-08
plssemcmat,plssem,plssemcmat.ado,ado,2026-07-08
plssemmat,plssem,plssemmat.ado,ado,2026-07-08
plssem_estat,plssem,plssem_estat.ado,ado,2026-07-08
plssemc_estat,plssem,plssemc_estat.ado,ado,2026-07-08
plssemplot,plssem,plssemplot.ado,ado,2026-07-08
plssem_p,plssem,plssem_p.ado,ado,2026-07-08
mktable_corr,plssem,../m/mktable_corr.ado,ado,2026-07-08
mktable,plssem,../m/mktable.ado,ado,2026-07-08
mktable_indirect,plssem,../m/mktable_indirect.ado,ado,2026-07-08
mktable_mediate,plssem,../m/mktable_mediate.ado,ado,2026-07-08
mkheader,plssem,../m/mkheader.ado,ado,2026-07-08
pam,pam,pam.ado,ado,2026-07-08
payper,payper,payper.ado,ado,2026-07-08
pdfplot,pdfplot,pdfplot.ado,ado,2026-07-08
pheatplot,pheatplot,pheatplot.ado,ado,2026-07-08
pyconvertu,pyconvertu,pyconvertu.ado,ado,2026-07-08
pshare,pshare,pshare.ado,ado,2026-07-08
phecdf,panelhetero,phecdf.ado,ado,2026-07-08
phkd,panelhetero,phkd.ado,ado,2026-07-08
phmoment,panelhetero,phmoment.ado,ado,2026-07-08
pvfix,pvfix,pvfix.ado,ado,2026-07-08
durbina2,panelauto,../d/durbina2.ado,ado,2026-07-08
dwstat2,panelauto,../d/dwstat2.ado,ado,2026-07-08
bgodfrey2,panelauto,../b/bgodfrey2.ado,ado,2026-07-08
archlm2,panelauto,../a/archlm2.ado,ado,2026-07-08
ac2,panelauto,../a/ac2.ado,ado,2026-07-08
pac2,panelauto,pac2.ado,ado,2026-07-08
wntestq2,panelauto,../w/wntestq2.ado,ado,2026-07-08
percat,percat,percat.ado,ado,2026-07-08
province_devcat,province_devcat,province_devcat.ado,ado,2026-07-08
parseuas,parseuas,parseuas.ado,ado,2026-07-08
pipe,pipe,pipe.ado,ado,2026-07-08
poissark,poissark,poissark.ado,ado,2026-07-08
poissark_p,poissark,poissark_p.ado,ado,2026-07-08
pocoint,pocoint,pocoint.ado,ado,2026-07-08
pc_dd_analytic,pcpanel,pc_dd_analytic.ado,ado,2026-07-08
pc_dd_covar,pcpanel,pc_dd_covar.ado,ado,2026-07-08
pc_simulate,pcpanel,pc_simulate.ado,ado,2026-07-08
partchart,partchart,partchart.ado,ado,2026-07-08
pchipolate,pchipolate,pchipolate.ado,ado,2026-07-08
profhap,profhap,profhap.ado,ado,2026-07-08
powerclus,powerclus,powerclus.ado,ado,2026-07-08
pinocchio,pinocchio,pinocchio.ado,ado,2026-07-08
polar,polar,polar.ado,ado,2026-07-08
pystacked,pystacked,pystacked.ado,ado,2026-07-08
pystacked_p,pystacked,pystacked_p.ado,ado,2026-07-08
_pyparse,pystacked,../_/_pyparse.ado,ado,2026-07-08
pagetrend,pagetrend,pagetrend.ado,ado,2026-07-08
hbar,pyramid,../h/hbar.ado,ado,2026-07-08
preparation,preparation,preparation.ado,ado,2026-07-08
puse,pmanage,puse.ado,ado,2026-07-08
psave,pmanage,psave.ado,ado,2026-07-08
pexit,pmanage,pexit.ado,ado,2026-07-08
polarspike,polarspike,polarspike.ado,ado,2026-07-08
prosperity,prosperity,prosperity.ado,ado,2026-07-08
parmhet,parmhet,parmhet.ado,ado,2026-07-08
parmiv,parmhet,parmiv.ado,ado,2026-07-08
psestimate,psestimate,psestimate.ado,ado,2026-07-08
propcnsreg,propcnsreg,propcnsreg.ado,ado,2026-07-08
propcnsreg_lf,propcnsreg,propcnsreg_lf.ado,ado,2026-07-08
propcnsreg_e2,propcnsreg,propcnsreg_e2.ado,ado,2026-07-08
propcnspoisson_lf,propcnsreg,propcnspoisson_lf.ado,ado,2026-07-08
propcnspoisson_e2,propcnsreg,propcnspoisson_e2.ado,ado,2026-07-08
propcnslogit_e2,propcnsreg,propcnslogit_e2.ado,ado,2026-07-08
propcnslogit_lf,propcnsreg,propcnslogit_lf.ado,ado,2026-07-08
propcnsreg_p,propcnsreg,propcnsreg_p.ado,ado,2026-07-08
mimic_lf,propcnsreg,../m/mimic_lf.ado,ado,2026-07-08
mimic_e2,propcnsreg,../m/mimic_e2.ado,ado,2026-07-08
propcnsasl,propcnsreg,propcnsasl.ado,ado,2026-07-08
propcnsreg_ex,propcnsreg,propcnsreg_ex.ado,ado,2026-07-08
punaf,punaf,punaf.ado,ado,2026-07-08
punaf_p,punaf,punaf_p.ado,ado,2026-07-08
WIN64 plssas,plssas,WIN64 plssas.ado,ado,2026-07-08
pmsampsize,pmsampsize,pmsampsize.ado,ado,2026-07-08
pnardl,pnardl,pnardl.ado,ado,2026-07-08
pstrata,pstrata,pstrata.ado,ado,2026-07-08
prepar,prepar,prepar.ado,ado,2026-07-08
pwlaw,pwlaw,pwlaw.ado,ado,2026-07-08
pcdsearch,pcdsearch,pcdsearch.ado,ado,2026-07-08
pbeta,pbeta,pbeta.ado,ado,2026-07-08
pbeta4,pbeta,pbeta4.ado,ado,2026-07-08
parallel,parallel,parallel.ado,ado,2026-07-08
parallel_append,parallel,parallel_append.ado,ado,2026-07-08
parallel_bs,parallel,parallel_bs.ado,ado,2026-07-08
parallel_sim,parallel,parallel_sim.ado,ado,2026-07-08
pcmtest,pcmtest,pcmtest.ado,ado,2026-07-08
ghquadm,pcmtest,../g/ghquadm.ado,ado,2026-07-08
psmatch2,psmatch2,psmatch2.ado,ado,2026-07-08
pstest,psmatch2,pstest.ado,ado,2026-07-08
pstest2,psmatch2,pstest2.ado,ado,2026-07-08
density2,psmatch2,../d/density2.ado,ado,2026-07-08
psgraph,psmatch2,psgraph.ado,ado,2026-07-08
pvenn,pvenn,pvenn.ado,ado,2026-07-08
ptrend,ptrend,ptrend.ado,ado,2026-07-08
ptrendi,ptrend,ptrendi.ado,ado,2026-07-08
putdocxcrosstab,putdocxcrosstab,putdocxcrosstab.ado,ado,2026-07-08
pdc,pdc,pdc.ado,ado,2026-07-08
pantest2,pantest2,pantest2.ado,ado,2026-07-08
pmvalsampsize,pmvalsampsize,pmvalsampsize.ado,ado,2026-07-08
panelthin,panelthin,panelthin.ado,ado,2026-07-08
peermean,peermean,peermean.ado,ado,2026-07-08
probexog,probexog-tobexog,probexog.ado,ado,2026-07-08
tobexog,probexog-tobexog,../t/tobexog.ado,ado,2026-07-08
peerreview,peerreview,peerreview.ado,ado,2026-07-08
pcacoefsave,pcacoefsave,pcacoefsave.ado,ado,2026-07-08
power_cmd_single_itsa,power_itsa,power_cmd_single_itsa.ado,ado,2026-07-08
power_cmd_multi_itsa,power_itsa,power_cmd_multi_itsa.ado,ado,2026-07-08
power_cmd_single_itsa_init,power_itsa,power_cmd_single_itsa_init.ado,ado,2026-07-08
power_cmd_multi_itsa_init,power_itsa,power_cmd_multi_itsa_init.ado,ado,2026-07-08
power_sim_single_itsa,power_itsa,power_sim_single_itsa.ado,ado,2026-07-08
power_sim_multi_itsa,power_itsa,power_sim_multi_itsa.ado,ado,2026-07-08
itsa,power_itsa,../i/itsa.ado,ado,2026-07-08
itsadgp,power_itsa,../i/itsadgp.ado,ado,2026-07-08
glm2,power_itsa,../g/glm2.ado,ado,2026-07-08
permin,percom,permin.ado,ado,2026-07-08
combin,percom,../c/combin.ado,ado,2026-07-08
postrri,postrri,postrri.ado,ado,2026-07-08
power_cmd_tworates_zhu,power_tworates_zhu,power_cmd_tworates_zhu.ado,ado,2026-07-08
power_cmd_tworates_zhu_init,power_tworates_zhu,power_cmd_tworates_zhu_init.ado,ado,2026-07-08
predcalc,predcalc,predcalc.ado,ado,2026-07-08
ppp,ppp,ppp.ado,ado,2026-07-08
paverage,paverage,paverage.ado,ado,2026-07-08
pwmc,pwmc,pwmc.ado,ado,2026-07-08
pwmc_version,pwmc,pwmc_version.ado,ado,2026-07-08
pwmci,pwmc,pwmci.ado,ado,2026-07-08
pwcorr2,pwcorr2,pwcorr2.ado,ado,2026-07-08
pwcorrs,pwcorrs,pwcorrs.ado,ado,2026-07-08
pcmodel,pcmodel,pcmodel.ado,ado,2026-07-08
ghquadm,pcmodel,../g/ghquadm.ado,ado,2026-07-08
pairdata,pairdata,pairdata.ado,ado,2026-07-08
pweibull,pweibull,pweibull.ado,ado,2026-07-08
pweibull4,pweibull,pweibull4.ado,ado,2026-07-08
parmparse,parmparse,parmparse.ado,ado,2026-07-08
power_cmd_kappa,power_kappa,power_cmd_kappa.ado,ado,2026-07-08
power_cmd_kappa_init,power_kappa,power_cmd_kappa_init.ado,ado,2026-07-08
psr,psr,psr.ado,ado,2026-07-08
povimp,povimp,povimp.ado,ado,2026-07-08
pfs,pfs,pfs.ado,ado,2026-07-08
plot_confidently,plot_confidently,plot_confidently.ado,ado,2026-07-08
power_cmd_loa,power_loa,power_cmd_loa.ado,ado,2026-07-08
power_cmd_loa_init,power_loa,power_cmd_loa_init.ado,ado,2026-07-08
prodest,prodest,prodest.ado,ado,2026-07-08
prodest_p,prodest,prodest_p.ado,ado,2026-07-08
psiduse,psiduse,psiduse.ado,ado,2026-07-08
psidadd,psiduse,psidadd.ado,ado,2026-07-08
phenotype,phenotype,phenotype.ado,ado,2026-07-08
ppssampford,ppssampford,ppssampford.ado,ado,2026-07-08
polishpaper,polishpaper,polishpaper.ado,ado,2026-07-08
praisk,praisk,praisk.ado,ado,2026-07-08
praisk_p,praisk,praisk_p.ado,ado,2026-07-08
pvvar,pvvar,pvvar.ado,ado,2026-07-08
pwcorrf,pwcorrf,pwcorrf.ado,ado,2026-07-08
prody,prody,prody.ado,ado,2026-07-08
power_step,power_step,power_step.ado,ado,2026-07-08
poi2hdfe,poi2hdfe,poi2hdfe.ado,ado,2026-07-08
plotrpys,plotrpys,plotrpys.ado,ado,2026-07-08
pdi,pdi,pdi.ado,ado,2026-07-08
pdi_outcome,pdi,pdi_outcome.ado,ado,2026-07-08
pem,pem,pem.ado,ado,2026-07-08
psweight,psweight,psweight.ado,ado,2026-07-08
parseloc,parseloc,parseloc.ado,ado,2026-07-08
percentmatch,percentmatch,percentmatch.ado,ado,2026-07-08
pisareg,pisareg,pisareg.ado,ado,2026-07-08
plausexog,plausexog,plausexog.ado,ado,2026-07-08
ppml_panel_sg,ppml_panel_sg,ppml_panel_sg.ado,ado,2026-07-08
power_cmd_swgee,power_swgee,power_cmd_swgee.ado,ado,2026-07-08
power_cmd_swgee_init,power_swgee,power_cmd_swgee_init.ado,ado,2026-07-08
power_swgee_examples,power_swgee,power_swgee_examples.ado,ado,2026-07-08
prodvars,prodvars,prodvars.ado,ado,2026-07-08
pretty_baseline,pretty_suite,pretty_baseline.ado,ado,2026-07-08
pretty_linear,pretty_suite,pretty_linear.ado,ado,2026-07-08
pretty_logistic,pretty_suite,pretty_logistic.ado,ado,2026-07-08
pretty_text,pretty_suite,pretty_text.ado,ado,2026-07-08
pobrezaECU,pobrezaecu,pobrezaECU.ado,ado,2026-07-08
preliminary_changes,pobrezaecu,preliminary_changes.ado,ado,2026-07-08
poverty_undertendency,pobrezaecu,poverty_undertendency.ado,ado,2026-07-08
poverty_overtendency,pobrezaecu,poverty_overtendency.ado,ado,2026-07-08
poverty_growth,pobrezaecu,poverty_growth.ado,ado,2026-07-08
poverty_recovery,pobrezaecu,poverty_recovery.ado,ado,2026-07-08
preserve_globals,preserve_globals,preserve_globals.ado,ado,2026-07-08
printgph,printgph,printgph.ado,ado,2026-07-08
pgmhaz8,pgmhaz8,pgmhaz8.ado,ado,2026-07-08
pgmhaz8_ll,pgmhaz8,pgmhaz8_ll.ado,ado,2026-07-08
psacalc,psacalc,psacalc.ado,ado,2026-07-08
psacalci,psacalc,psacalci.ado,ado,2026-07-08
python,python,python.ado,ado,2026-07-08
approx,python,../a/approx.ado,ado,2026-07-08
fdi,python,../f/fdi.ado,ado,2026-07-08
prem,python,prem.ado,ado,2026-07-08
test_python_plugin,python,../t/test_python_plugin.ado,ado,2026-07-08
pre,pre,pre.ado,ado,2026-07-08
pre8,pre,pre8.ado,ado,2026-07-08
povdeco,povdeco,povdeco.ado,ado,2026-07-08
povdeco5,povdeco,povdeco5.ado,ado,2026-07-08
paretofit,paretofit,paretofit.ado,ado,2026-07-08
paretofit_ll,paretofit,paretofit_ll.ado,ado,2026-07-08
partpred,partpred,partpred.ado,ado,2026-07-08
partpred_examples,partpred,partpred_examples.ado,ado,2026-07-08
probgenextval,probgenextval,probgenextval.ado,ado,2026-07-08
probgenextval_ll,probgenextval,probgenextval_ll.ado,ado,2026-07-08
probgenextval_p,probgenextval,probgenextval_p.ado,ado,2026-07-08
persuasio,persuasio,persuasio.ado,ado,2026-07-08
persuasio4ytz,persuasio,persuasio4ytz.ado,ado,2026-07-08
persuasio4ytz2lpr,persuasio,persuasio4ytz2lpr.ado,ado,2026-07-08
persuasio4yz,persuasio,persuasio4yz.ado,ado,2026-07-08
aprlb,persuasio,../a/aprlb.ado,ado,2026-07-08
aprub,persuasio,../a/aprub.ado,ado,2026-07-08
calc4persuasio,persuasio,../c/calc4persuasio.ado,ado,2026-07-08
lpr4ytz,persuasio,../l/lpr4ytz.ado,ado,2026-07-08
pathmaker,pathmaker,pathmaker.ado,ado,2026-07-08
pcorr2,pcorr2,pcorr2.ado,ado,2026-07-08
powerq,powerq,powerq.ado,ado,2026-07-08
power_cmd_oneroc,power_oneroc,power_cmd_oneroc.ado,ado,2026-07-08
power_cmd_oneroc_init,power_oneroc,power_cmd_oneroc_init.ado,ado,2026-07-08
pathof,pathof,pathof.ado,ado,2026-07-08
pwcorrw,pwcorrw,pwcorrw.ado,ado,2026-07-08
pfwb,pfwb,pfwb.ado,ado,2026-07-08
pariv,pariv,pariv.ado,ado,2026-07-08
pajek2stata,pajek2stata,pajek2stata.ado,ado,2026-07-08
pcorrmat,pcorrmat,pcorrmat.ado,ado,2026-07-08
ppmlhdfe,ppmlhdfe,ppmlhdfe.ado,ado,2026-07-08
ppmlhdfe_header,ppmlhdfe,ppmlhdfe_header.ado,ado,2026-07-08
ppmlhdfe_p,ppmlhdfe,ppmlhdfe_p.ado,ado,2026-07-08
ppschromy,ppschromy,ppschromy.ado,ado,2026-07-08
putdocxfreqtable,putdocxfreqtable,putdocxfreqtable.ado,ado,2026-07-08
predsurv,predsurv,predsurv.ado,ado,2026-07-08
predbasesurv,predsurv,predbasesurv.ado,ado,2026-07-08
probcalc,probcalc,probcalc.ado,ado,2026-07-08
petpoisson,petpoisson,petpoisson.ado,ado,2026-07-08
petpoisson_ll,petpoisson,petpoisson_ll.ado,ado,2026-07-08
petpoisson_me,petpoisson,petpoisson_me.ado,ado,2026-07-08
probitiv,probitiv,probitiv.ado,ado,2026-07-08
hyphens,probitiv,../h/hyphens.ado,ado,2026-07-08
power_cmd_abk,power_abk,power_cmd_abk.ado,ado,2026-07-08
power_cmd_abk_init,power_abk,power_cmd_abk_init.ado,ado,2026-07-08
pcontract,pcontract,pcontract.ado,ado,2026-07-08
panels,panels,panels.ado,ado,2026-07-08
prtab,prtab,prtab.ado,ado,2026-07-08
pwexp,pwexp,pwexp.ado,ado,2026-07-08
power_arima_itsa,power_arima_itsa,power_arima_itsa.ado,ado,2026-07-08
povguide,povguide,povguide.ado,ado,2026-07-08
predperf,predperf,predperf.ado,ado,2026-07-08
predxcon,predxcon,predxcon.ado,ado,2026-07-08
popsim,popsim,popsim.ado,ado,2026-07-08
powercal,powercal,powercal.ado,ado,2026-07-08
pathutil,pathutil,pathutil.ado,ado,2026-07-08
path,pathutil,path.ado,ado,2026-07-08
punafcc,punafcc,punafcc.ado,ado,2026-07-08
punafcc_p,punafcc,punafcc_p.ado,ado,2026-07-08
pls,pls,pls.ado,ado,2026-07-08
paran,paran,paran.ado,ado,2026-07-08
polyspline,polyspline,polyspline.ado,ado,2026-07-08
poisml,poisml,poisml.ado,ado,2026-07-08
mypoislf,poisml,../m/mypoislf.ado,ado,2026-07-08
plztowknr,plztowknr,plztowknr.ado,ado,2026-07-08
mph,pace,../m/mph.ado,ado,2026-07-08
mpm,pace,../m/mpm.ado,ado,2026-07-08
pindex,pindex,pindex.ado,ado,2026-07-08
psid,psidtools,psid.ado,ado,2026-07-08
psidadd,psidtools,psidadd.ado,ado,2026-07-08
psiduse,psidtools,psiduse.ado,ado,2026-07-08
psid_install,psidtools,psid_install.ado,ado,2026-07-08
psid_long,psidtools,psid_long.ado,ado,2026-07-08
psid_vardoc,psidtools,psid_vardoc.ado,ado,2026-07-08
psreg,psreg,psreg.ado,ado,2026-07-08
parplot,parplot,parplot.ado,ado,2026-07-08
primes,primes,primes.ado,ado,2026-07-08
p2ci,p2ci,p2ci.ado,ado,2026-07-08
powersim,powersim,powersim.ado,ado,2026-07-08
powersimplot,powersim,powersimplot.ado,ado,2026-07-08
adjustrcspline,postrcspline,../a/adjustrcspline.ado,ado,2026-07-08
adjustrcspline_ex,postrcspline,../a/adjustrcspline_ex.ado,ado,2026-07-08
mkspline2,postrcspline,../m/mkspline2.ado,ado,2026-07-08
mfxrcspline,postrcspline,../m/mfxrcspline.ado,ado,2026-07-08
mfxrcspline_ex,postrcspline,../m/mfxrcspline_ex.ado,ado,2026-07-08
pspline,pspline,pspline.ado,ado,2026-07-08
power_cmd_oneroc,power_roc,power_cmd_oneroc.ado,ado,2026-07-08
power_cmd_oneroc_init,power_roc,power_cmd_oneroc_init.ado,ado,2026-07-08
power_cmd_tworoc,power_roc,power_cmd_tworoc.ado,ado,2026-07-08
power_cmd_tworoc_init,power_roc,power_cmd_tworoc_init.ado,ado,2026-07-08
pooledsd,pooledsd,pooledsd.ado,ado,2026-07-08
pciplot,pciplot,pciplot.ado,ado,2026-07-08
pcmdif,pcmdif,pcmdif.ado,ado,2026-07-08
_pcmdif,pcmdif,../_/_pcmdif.ado,ado,2026-07-08
ppml_fe_bias,ppml_fe_bias,ppml_fe_bias.ado,ado,2026-07-08
power_cmd_tworoc,power_tworoc,power_cmd_tworoc.ado,ado,2026-07-08
power_cmd_tworoc_init,power_tworoc,power_cmd_tworoc_init.ado,ado,2026-07-08
pccmtoolkit,pccmtoolkit,pccmtoolkit.ado,ado,2026-07-08
pelod2,pccmtoolkit,pelod2.ado,ado,2026-07-08
pim3,pccmtoolkit,pim3.ado,ado,2026-07-08
prismscore,pccmtoolkit,prismscore.ado,ado,2026-07-08
png2rtf,png2rtf,png2rtf.ado,ado,2026-07-08
povcalnet,povcalnet,povcalnet.ado,ado,2026-07-08
povcalnet_query,povcalnet,povcalnet_query.ado,ado,2026-07-08
povcalnet_aggquery,povcalnet,povcalnet_aggquery.ado,ado,2026-07-08
povcalnet_cl,povcalnet,povcalnet_cl.ado,ado,2026-07-08
povcalnet_clean,povcalnet,povcalnet_clean.ado,ado,2026-07-08
povcalnet_examples,povcalnet,povcalnet_examples.ado,ado,2026-07-08
povcalnet_info,povcalnet,povcalnet_info.ado,ado,2026-07-08
pairplot,pairplot,pairplot.ado,ado,2026-07-08
path,path,path.ado,ado,2026-07-08
panelview,panelview,panelview.ado,ado,2026-07-08
paragr,paragr,paragr.ado,ado,2026-07-08
predxcat,predxcat,predxcat.ado,ado,2026-07-08
piaacdes,piaactools,piaacdes.ado,ado,2026-07-08
piaacreg,piaactools,piaacreg.ado,ado,2026-07-08
piaactab,piaactools,piaactab.ado,ado,2026-07-08
powermap,powermap,powermap.ado,ado,2026-07-08
plottabs,plottabs,plottabs.ado,ado,2026-07-08
plotb,plottabs,plotb.ado,ado,2026-07-08
plotbetas,plottabs,plotbetas.ado,ado,2026-07-08
plotinit,plottabs,plotinit.ado,ado,2026-07-08
plotm,plottabs,plotm.ado,ado,2026-07-08
plotmeans,plottabs,plotmeans.ado,ado,2026-07-08
plots,plottabs,plots.ado,ado,2026-07-08
plotshares,plottabs,plotshares.ado,ado,2026-07-08
plott,plottabs,plott.ado,ado,2026-07-08
plottwoway,plottabs,plottwoway.ado,ado,2026-07-08
power_cmd_icc,power_icc,power_cmd_icc.ado,ado,2026-07-08
power_cmd_icc_init,power_icc,power_cmd_icc_init.ado,ado,2026-07-08
palette_all,palette_all,palette_all.ado,ado,2026-07-08
pcm,pcm,pcm.ado,ado,2026-07-08
power_cmd_concord,power_concord,power_cmd_concord.ado,ado,2026-07-08
power_cmd_concord_init,power_concord,power_cmd_concord_init.ado,ado,2026-07-08
perturb,perturb,perturb.ado,ado,2026-07-08
reclass,perturb,../r/reclass.ado,ado,2026-07-08
power_cmd_onesens_init,power_diagnostic,power_cmd_onesens_init.ado,ado,2026-07-08
power_cmd_onesens,power_diagnostic,power_cmd_onesens.ado,ado,2026-07-08
power_cmd_onespec_init,power_diagnostic,power_cmd_onespec_init.ado,ado,2026-07-08
power_cmd_onespec,power_diagnostic,power_cmd_onespec.ado,ado,2026-07-08
power_cmd_pairsens_init,power_diagnostic,power_cmd_pairsens_init.ado,ado,2026-07-08
power_cmd_pairsens,power_diagnostic,power_cmd_pairsens.ado,ado,2026-07-08
power_cmd_pairspec_init,power_diagnostic,power_cmd_pairspec_init.ado,ado,2026-07-08
power_cmd_pairspec,power_diagnostic,power_cmd_pairspec.ado,ado,2026-07-08
power_cmd_twosens_init,power_diagnostic,power_cmd_twosens_init.ado,ado,2026-07-08
power_cmd_twosens,power_diagnostic,power_cmd_twosens.ado,ado,2026-07-08
power_cmd_twospec_init,power_diagnostic,power_cmd_twospec_init.ado,ado,2026-07-08
power_cmd_twospec,power_diagnostic,power_cmd_twospec.ado,ado,2026-07-08
pmcalplot,pmcalplot,pmcalplot.ado,ado,2026-07-08
pascal,pascal,pascal.ado,ado,2026-07-08
pretrends,pretrends,pretrends.ado,ado,2026-07-08
wid,wid,wid.ado,ado,2026-07-08
wid_example1,wid,wid_example1.ado,ado,2026-07-08
wid_example2,wid,wid_example2.ado,ado,2026-07-08
wid_example3,wid,wid_example3.ado,ado,2026-07-08
wavenardl,wavenardl,wavenardl.ado,ado,2026-07-08
wdenoise,wavenardl,wdenoise.ado,ado,2026-07-08
_wavenardl_diag,wavenardl,../_/_wavenardl_diag.ado,ado,2026-07-08
_wavenardl_dynmult,wavenardl,../_/_wavenardl_dynmult.ado,ado,2026-07-08
_wavenardl_stars,wavenardl,../_/_wavenardl_stars.ado,ado,2026-07-08
wald_mse,wald_mse,wald_mse.ado,ado,2026-07-08
monotone_mean,wald_mse,../m/monotone_mean.ado,ado,2026-07-08
wasstest,wasstest,wasstest.ado,ado,2026-07-08
weai,weai,weai.ado,ado,2026-07-08
weai,weai,../s/scheme-weai.scheme,scheme,2026-07-08
winratio,winratio,winratio.ado,ado,2026-07-08
winratiopower,winratio,winratiopower.ado,ado,2026-07-08
decide_winner,winratio,../d/decide_winner.ado,ado,2026-07-08
wridit,wridit,wridit.ado,ado,2026-07-08
fridit,wridit,../f/fridit.ado,ado,2026-07-08
williams,williams,williams.ado,ado,2026-07-08
_binom,williams,../_/_binom.ado,ado,2026-07-08
wdireshape,wdireshape,wdireshape.ado,ado,2026-07-08
paverage,wdireshape,../p/paverage.ado,ado,2026-07-08
writepsfrag,writepsfrag,writepsfrag.ado,ado,2026-07-08
wtdttt,wtdttt,wtdttt.ado,ado,2026-07-08
ranwtdttt,wtdttt,../r/ranwtdttt.ado,ado,2026-07-08
wtdtttdiag,wtdttt,wtdtttdiag.ado,ado,2026-07-08
wtdtttpredprob,wtdttt,wtdtttpredprob.ado,ado,2026-07-08
wtdtttpreddur,wtdttt,wtdtttpreddur.ado,ado,2026-07-08
mlwtdttt_exp,wtdttt,../m/mlwtdttt_exp.ado,ado,2026-07-08
mlwtdttt_lnorm,wtdttt,../m/mlwtdttt_lnorm.ado,ado,2026-07-08
mlwtdttt_wei,wtdttt,../m/mlwtdttt_wei.ado,ado,2026-07-08
weakiv10,weakiv10,weakiv10.ado,ado,2026-07-08
windowsmonitor,windowsmonitor,windowsmonitor.ado,ado,2026-07-08
weeklyclaims,weeklyclaims,weeklyclaims.ado,ado,2026-07-08
whichpkg,whichpkg,whichpkg.ado,ado,2026-07-08
wgttest,wgttest,wgttest.ado,ado,2026-07-08
workdays,workdays,workdays.ado,ado,2026-07-08
wgtdistrim,wgtdistrim,wgtdistrim.ado,ado,2026-07-08
winsor2,winsor2,winsor2.ado,ado,2026-07-08
_welcom_inst,welcom,../_/_welcom_inst.ado,ado,2026-07-08
_welcom_vers,welcom,../_/_welcom_vers.ado,ado,2026-07-08
webimage,webimage,webimage.ado,ado,2026-07-08
wordconvert,wordconvert,wordconvert.ado,ado,2026-07-08
wdiscrim,wdiscrim,wdiscrim.ado,ado,2026-07-08
which_version,which_version,which_version.ado,ado,2026-07-08
wclogit,wclogit,wclogit.ado,ado,2026-07-08
winprob,winprob,winprob.ado,ado,2026-07-08
winsor4,winsor4,winsor4.ado,ado,2026-07-08
white,white,white.ado,ado,2026-07-08
wordcloud,wordcloud,wordcloud.ado,ado,2026-07-08
whittle,whittle,whittle.ado,ado,2026-07-08
wwwhelp,wwwhelp,wwwhelp.ado,ado,2026-07-08
hhelp,wwwhelp,../h/hhelp.ado,ado,2026-07-08
wtd,wtd,wtd.ado,ado,2026-07-08
cf_exp,wtd,../c/cf_exp.ado,ado,2026-07-08
cs_exp,wtd,../c/cs_exp.ado,ado,2026-07-08
frexp,wtd,../f/frexp.ado,ado,2026-07-08
frlnorm,wtd,../f/frlnorm.ado,ado,2026-07-08
frwei,wtd,../f/frwei.ado,ado,2026-07-08
fwtdgen,wtd,../f/fwtdgen.ado,ado,2026-07-08
iexp_xtr,wtd,../i/iexp_xtr.ado,ado,2026-07-08
iexptl,wtd,../i/iexptl.ado,ado,2026-07-08
imc_int,wtd,../i/imc_int.ado,ado,2026-07-08
imc_tail,wtd,../i/imc_tail.ado,ado,2026-07-08
mlwtd_exp,wtd,../m/mlwtd_exp.ado,ado,2026-07-08
mlwtd_lnorm,wtd,../m/mlwtd_lnorm.ado,ado,2026-07-08
mlwtd_wei,wtd,../m/mlwtd_wei.ado,ado,2026-07-08
wtd_is,wtd,wtd_is.ado,ado,2026-07-08
wtd_loglik,wtd,wtd_loglik.ado,ado,2026-07-08
wtd_set,wtd,wtd_set.ado,ado,2026-07-08
wtd_show,wtd,wtd_show.ado,ado,2026-07-08
wtddiag,wtd,wtddiag.ado,ado,2026-07-08
wtdml,wtd,wtdml.ado,ado,2026-07-08
wtdpred,wtd,wtdpred.ado,ado,2026-07-08
wtdq,wtd,wtdq.ado,ado,2026-07-08
wtdset,wtd,wtdset.ado,ado,2026-07-08
worldstat,worldstat,worldstat.ado,ado,2026-07-08
wbopendata,wbopendata,wbopendata.ado,ado,2026-07-08
__wbod_api_read_indicators,wbopendata, ../_/__wbod_api_read_indicators.ado,ado,2026-07-08
__wbod_api_read,wbopendata, ../_/__wbod_api_read.ado,ado,2026-07-08
__wbod_cache,wbopendata, ../_/__wbod_cache.ado,ado,2026-07-08
__wbod_check_version,wbopendata, ../_/__wbod_check_version.ado,ado,2026-07-08
__wbod_check_yaml,wbopendata, ../_/__wbod_check_yaml.ado,ado,2026-07-08
__wbod_countrymetadata,wbopendata, ../_/__wbod_countrymetadata.ado,ado,2026-07-08
__wbod_get_source_name,wbopendata, ../_/__wbod_get_source_name.ado,ado,2026-07-08
__wbod_get_topic_name,wbopendata, ../_/__wbod_get_topic_name.ado,ado,2026-07-08
__wbod_get_yaml_path,wbopendata, ../_/__wbod_get_yaml_path.ado,ado,2026-07-08
__wbod_info,wbopendata, ../_/__wbod_info.ado,ado,2026-07-08
__wbod_linewrap,wbopendata, ../_/__wbod_linewrap.ado,ado,2026-07-08
__wbod_metadata_linewrap,wbopendata, ../_/__wbod_metadata_linewrap.ado,ado,2026-07-08
__wbod_parameters,wbopendata, ../_/__wbod_parameters.ado,ado,2026-07-08
__wbod_parse_yaml_ind_v2,wbopendata, ../_/__wbod_parse_yaml_ind_v2.ado,ado,2026-07-08
__wbod_parse_yaml_ind,wbopendata, ../_/__wbod_parse_yaml_ind.ado,ado,2026-07-08
__wbod_query_indicators,wbopendata, ../_/__wbod_query_indicators.ado,ado,2026-07-08
__wbod_query_metadata,wbopendata, ../_/__wbod_query_metadata.ado,ado,2026-07-08
__wbod_query,wbopendata, ../_/__wbod_query.ado,ado,2026-07-08
__wbod_refresh_yaml,wbopendata, ../_/__wbod_refresh_yaml.ado,ado,2026-07-08
__wbod_search,wbopendata, ../_/__wbod_search.ado,ado,2026-07-08
__wbod_sources,wbopendata, ../_/__wbod_sources.ado,ado,2026-07-08
__wbod_sync_preview,wbopendata, ../_/__wbod_sync_preview.ado,ado,2026-07-08
__wbod_sync,wbopendata, ../_/__wbod_sync.ado,ado,2026-07-08
__wbod_tknz,wbopendata, ../_/__wbod_tknz.ado,ado,2026-07-08
__wbod_topics,wbopendata, ../_/__wbod_topics.ado,ado,2026-07-08
__wbod_update_countrymetadata,wbopendata, ../_/__wbod_update_countrymetadata.ado,ado,2026-07-08
__wbod_update_indicators,wbopendata, ../_/__wbod_update_indicators.ado,ado,2026-07-08
__wbod_update_regionmetadata,wbopendata, ../_/__wbod_update_regionmetadata.ado,ado,2026-07-08
__wbod_update_wbopendata,wbopendata, ../_/__wbod_update_wbopendata.ado,ado,2026-07-08
__wbod_website,wbopendata, ../_/__wbod_website.ado,ado,2026-07-08
__wbod_write_stats_history,wbopendata, ../_/__wbod_write_stats_history.ado,ado,2026-07-08
__wbod_yaml_metadata,wbopendata, ../_/__wbod_yaml_metadata.ado,ado,2026-07-08
__wbopendata_search_cache,wbopendata, ../_/__wbopendata_search_cache.ado,ado,2026-07-08
__wbopendata_search,wbopendata, ../_/__wbopendata_search.ado,ado,2026-07-08
__yaml_collapse,wbopendata, ../_/__yaml_collapse.ado,ado,2026-07-08
__yaml_fastread,wbopendata, ../_/__yaml_fastread.ado,ado,2026-07-08
__yaml_mataread,wbopendata, ../_/__yaml_mataread.ado,ado,2026-07-08
__yaml_tokenize_line,wbopendata, ../_/__yaml_tokenize_line.ado,ado,2026-07-08
_wbod_tmpfile1,wbopendata, ../_/_wbod_tmpfile1.ado,ado,2026-07-08
_wbod_tmpfile2,wbopendata, ../_/_wbod_tmpfile2.ado,ado,2026-07-08
_wbod_tmpfile3,wbopendata, ../_/_wbod_tmpfile3.ado,ado,2026-07-08
wbopendata_examples,wbopendata,wbopendata_examples.ado,ado,2026-07-08
wbopendata_populate_list,wbopendata,wbopendata_populate_list.ado,ado,2026-07-08
yaml_clear,wbopendata,../y/yaml_clear.ado,ado,2026-07-08
yaml_describe,wbopendata,../y/yaml_describe.ado,ado,2026-07-08
yaml_dir,wbopendata,../y/yaml_dir.ado,ado,2026-07-08
yaml_frames,wbopendata,../y/yaml_frames.ado,ado,2026-07-08
yaml_get,wbopendata,../y/yaml_get.ado,ado,2026-07-08
yaml_list,wbopendata,../y/yaml_list.ado,ado,2026-07-08
yaml_read,wbopendata,../y/yaml_read.ado,ado,2026-07-08
yaml_validate,wbopendata,../y/yaml_validate.ado,ado,2026-07-08
yaml_write,wbopendata,../y/yaml_write.ado,ado,2026-07-08
yaml,wbopendata,../y/yaml.ado,ado,2026-07-08
waffle_plot,waffle_plot,waffle_plot.ado,ado,2026-07-08
waffle,waffle,waffle.ado,ado,2026-07-08
whichlist,whichlist,whichlist.ado,ado,2026-07-08
wooldid,wooldid,wooldid.ado,ado,2026-07-08
weathr,weathr,weathr.ado,ado,2026-07-08
wtp,wtp,wtp.ado,ado,2026-07-08
writeinput,writeinput,writeinput.ado,ado,2026-07-08
wosload,wosload,wosload.ado,ado,2026-07-08
wntstmvq,wntstmvq,wntstmvq.ado,ado,2026-07-08
wbull,wbull,wbull.ado,ado,2026-07-08
wxsum,wxsum,wxsum.ado,ado,2026-07-08
whereis,whereis,whereis.ado,ado,2026-07-08
whotdeck,whotdeck,whotdeck.ado,ado,2026-07-08
wyoung,wyoung,wyoung.ado,ado,2026-07-08
weakiv,weakiv,weakiv.ado,ado,2026-07-08
wscv,wscv,wscv.ado,ado,2026-07-08
weave,weaver,weave.ado,ado,2026-07-08
codes,weaver,../c/codes.ado,ado,2026-07-08
div,weaver,../d/div.ado,ado,2026-07-08
html,weaver,../h/html.ado,ado,2026-07-08
img,weaver,../i/img.ado,ado,2026-07-08
report,weaver,../r/report.ado,ado,2026-07-08
reportcheck,weaver,../r/reportcheck.ado,ado,2026-07-08
results,weaver,../r/results.ado,ado,2026-07-08
tbl,weaver,../t/tbl.ado,ado,2026-07-08
txt,weaver,../t/txt.ado,ado,2026-07-08
weavend,weaver,weavend.ado,ado,2026-07-08
weavercheck,weaver,weavercheck.ado,ado,2026-07-08
weavercontroller,weaver,weavercontroller.ado,ado,2026-07-08
weaverjquery,weaver,weaverjquery.ado,ado,2026-07-08
weavermarkup,weaver,weavermarkup.ado,ado,2026-07-08
weavermath,weaver,weavermath.ado,ado,2026-07-08
weaverstyle,weaver,weaverstyle.ado,ado,2026-07-08
weaverversion,weaver,weaverversion.ado,ado,2026-07-08
weaverwkhtmltopdf,weaver,weaverwkhtmltopdf.ado,ado,2026-07-08
weaverzoom,weaver,weaverzoom.ado,ado,2026-07-08
welflossas,welflossas,welflossas.ado,ado,2026-07-08
wdi_deflate,wdi_deflate,wdi_deflate.ado,ado,2026-07-08
weibullfit,weibullfit,weibullfit.ado,ado,2026-07-08
weibullfit_lf,weibullfit,weibullfit_lf.ado,ado,2026-07-08
winsor,winsor,winsor.ado,ado,2026-07-08
writekml,writekml,writekml.ado,ado,2026-07-08
wordy,wordy,wordy.ado,ado,2026-07-08
word,wordy,word.ado,ado,2026-07-08
wor,wordy,wor.ado,ado,2026-07-08
wo,wordy,wo.ado,ado,2026-07-08
w,wordy,w.ado,ado,2026-07-08
wordy1,wordy,wordy1.ado,ado,2026-07-08
wordy2,wordy,wordy2.ado,ado,2026-07-08
wordy3,wordy,wordy3.ado,ado,2026-07-08
wordy4,wordy,wordy4.ado,ado,2026-07-08
wordy5,wordy,wordy5.ado,ado,2026-07-08
wordcb,wordcb,wordcb.ado,ado,2026-07-08
weakivtest2,weakivtest2,weakivtest2.ado,ado,2026-07-08
weakivtest,weakivtest,weakivtest.ado,ado,2026-07-08
wtd_perc,wtd_perc,wtd_perc.ado,ado,2026-07-08
mlwtd_exp,wtd_perc,../m/mlwtd_exp.ado,ado,2026-07-08
mlwtd_lnorm,wtd_perc,../m/mlwtd_lnorm.ado,ado,2026-07-08
mlwtd_wei,wtd_perc,../m/mlwtd_wei.ado,ado,2026-07-08
webdoc,webdoc,webdoc.ado,ado,2026-07-08
wtpcikr,wtpcikr,wtpcikr.ado,ado,2026-07-08
wtpkrinsky,wtpcikr,wtpkrinsky.ado,ado,2026-07-08
wtpmeasure,wtpcikr,wtpmeasure.ado,ado,2026-07-08
wcbregress,wcbregress,wcbregress.ado,ado,2026-07-08
wosaddress,wosaddress,wosaddress.ado,ado,2026-07-08
witch,witch,witch.ado,ado,2026-07-08
whitetst,whitetst,whitetst.ado,ado,2026-07-08
winratiotest,winratiotest,winratiotest.ado,ado,2026-07-08
winratiopower,winratiotest,winratiopower.ado,ado,2026-07-08
decide_winner,winratiotest,../d/decide_winner.ado,ado,2026-07-08
