e1,e2,e3,e4,s1,s2,s3,s4,g1,g2,g3,g4,ra1,ra2,ra3,ra4,mp1,mp2,mp3,mp4,rm1,rm2,rm3,rm4,in1,in2,in3,in4,ef1,ef2,ef3,ef4,gr1,gr2,gr3,gr4,soe
-0.45831194002236975,-0.47564920567331775,-1.061763286804231,-0.27909725133120805,-0.23483031656389242,-0.7262806852477498,-0.7807708124723902,0.42376633723575,0.2699017766120543,-0.8748469682674698,-0.41136006532555125,-0.20312919890202505,0.43486048830061985,-0.9152248771562983,0.35054863161266087,-1.626821148729709,-1.3318767049026896,-0.7215712774991793,-0.3123786769848599,-0.8626468099720557,0.27807164907788673,0.42296156356073555,0.9239702770573915,0.9851325575784121,-1.1115305029994367,-0.6943362823213304,-1.334075614006014,-0.5815883697468045,-0.759320718477289,-0.9862250438976021,-1.0725612447699908,-0.751385340213328,0.24618834115621074,1.287233482950821,1.0831170560261847,1.7684764141106089,1
-0.1773717026828227,0.4912349014109246,1.0514754895169738,0.25775498296561195,0.3424263938503913,-0.16723687706742826,-0.12845879910825106,0.4134264310891735,0.9023802580622373,0.6122873641259864,0.483902407613243,1.3430272595045922,1.4144970624300506,1.8996646032651847,2.1011368495188907,2.0668895480457614,-0.5520353372781218,-0.6537278385398808,-0.3561933034459965,0.40666320243205056,-0.35241855003620925,0.008572289405135112,0.014812460513736778,0.104813877861683,-0.9918107982188497,-0.05719555023928469,-1.2860699314860167,0.13016807451720405,0.17038084751648191,1.1052648357201509,1.2252956688766,0.9679548626069312,1.1826886690165135,2.004380614581683,1.8434928666454595,0.4958760518547205,0
-1.1925600133713614,-1.3119604214994232,-0.21284412369262062,0.596242965553968,0.018259735156825614,0.6098260775529274,-0.13696287806949015,-0.7942713980504243,1.2222324800522077,0.04740380991950239,0.17289269860268563,-0.38447701392959216,0.6033520264410417,0.2711598855231664,1.5544002803688277,0.7842771330728866,0.21227609055599386,-0.9392113198518707,-0.10548207063265475,-0.3987658536085693,0.23091065711631603,0.33060391781183035,-0.036065408776508094,0.8635798927804472,-1.1890872097536707,-0.7597649955526815,-0.2648002089102637,-0.825064030018731,-0.6250523067858913,0.8814349152443928,-0.48780015575062774,-0.3315465515185498,-0.26495172375124876,-0.6131046490710615,-0.13977936161411963,-0.020049308079043055,0
-0.09554547638954636,0.49875224200173357,-0.49795319728968146,-0.7264907986125273,-1.4621549631545838,-1.5164964157309089,-1.796680754987829,-2.4007591697902164,-0.28297722340000214,0.3719275537981832,-0.27172552814254397,0.7094461771984629,-1.0710072787916878,-1.4844075234601553,-1.9911853354002917,-1.6175686013644877,1.190379545604083,0.9019476413244599,1.7518513898797445,0.6146259502521745,-0.7469397761428518,-0.8452298413698407,-0.1982783948868557,-0.36043632185767566,-1.3994936849006876,0.3632179228008336,-0.7525248701367172,-0.6952238480683401,0.49402879576084274,0.4672982771979396,0.5604550467626588,-0.029041337132500292,0.9896975231368805,1.6893074565586128,0.6045722406811388,0.4695482324312913,1
0.4619512008754995,0.48952113522334806,0.6688795657379344,1.4535859417452714,2.0361119212341356,1.1310132508599864,1.90882483402412,0.7488144868306802,-0.2837228635537622,0.12036336954529167,0.21865643785799085,-0.6397955973655002,1.5762979988556698,0.5220959570067264,1.3969607116961371,0.19850174677424062,0.9824115348097336,0.04392122480085848,1.132360560896439,0.6679640721156207,-0.11857019985115079,-0.004621245447640332,-0.502797060809275,0.13662911356445062,0.06481712692508625,1.0278209649347763,-0.16603428793934302,-0.2909345821410016,0.637694652157124,0.41140465146168675,0.2652992773353522,1.5700209078683875,1.03429301547717,0.08865038479606152,0.10706737715433738,0.3153325965940277,1
1.7306643705961788,0.9089355661395775,1.37088440431157,0.7372043133557197,0.6292348559393169,-0.2605944476144341,-0.10278599996611158,0.7117724505784785,0.47497964392711245,0.22347295829224004,0.697869085605626,0.8622677881206151,0.5977377643779171,0.9012309801293464,-0.26245952539575257,0.8400531677202427,-0.2749128852730349,-0.8703217040388813,-0.32933846170805914,-0.11620454207084394,0.5026726625005162,0.4022038750896155,1.8069601951839613,0.17027480314926813,0.4549046488209396,1.1286854698658442,1.1714444923707161,0.9385597560845055,0.2416010681857944,0.34628987863820376,0.3853282656274316,-0.22654263288861262,-0.015393896796503756,-0.24500957790334804,0.9928276480541234,1.0146199376248497,1
-0.14422278803272262,1.37780496453653,-0.9138279021934703,-0.7041525600480052,-1.3584651743291045,-0.9709875164108048,-0.5787818696999029,0.5919828562811668,1.0037852730508243,1.1102303602512928,1.3315700315614099,0.06211246633331265,0.906050173076743,0.16551997915647162,0.18318048573029308,0.25640651314741975,-0.8691259575056111,-0.91404357085644,-1.7925458707158606,-1.0127943020841785,1.0952651920817025,1.4690105423644835,-0.28409923307245494,0.4608410851873143,1.310930150851094,0.8077780896268799,-0.3216537213812126,-0.3372867579870617,-0.6748480618984807,-0.9616061086719405,-1.3239577189414915,-0.6930976464311415,-0.16628601177219782,-0.2798506095772902,-0.9702752758970061,0.31333538391216964,1
0.38752358683920335,0.17816147025747187,0.49278743773297184,-0.3257690220419441,-0.18858930864395637,-0.13393050244825383,0.734229387118846,0.3236042390788587,-0.3288397042071834,-0.10748057792948883,0.15852670905611366,-0.38061181136406236,1.2845823646087013,0.43679211775143095,0.4481467263729206,2.0409843167114667,-0.7788139841329217,-0.7355610002270551,0.3773235015282027,-2.188344413047723,0.09810381888686046,-0.2501908428852687,-0.059725595599582695,0.20214336010598694,-1.0156478417150463,-1.2775122783071908,-2.2198436989305708,-1.677349510958414,0.17919124309815093,-2.222395500449234,-1.4936013417327472,-0.5812775205769383,-0.7931084151557205,0.8554795638682208,-0.9519728373656744,0.8382412241693411,1
-1.8602440385301093,-1.3356495211249184,0.6891668120079169,0.2545429440404613,1.824708101015373,0.2830725951224466,1.8643536063466348,0.906807446899036,-2.455459827185373,-2.4583329721510565,-1.9947254573922981,-2.457967234898804,-0.07572876237025808,0.639092691604643,0.28005588986947577,-1.0262765051466358,-1.5732562066079423,-2.174583226576292,0.04253347307592185,-1.2102022467036209,-0.9579649184974331,0.7545750035797625,-0.1530736095101754,-1.0556372451077052,-0.5416163196144375,-0.222473972000068,-0.947807726217128,-0.2058474236538645,1.267430959105512,0.4863682467496426,1.157466594191038,1.18451040142996,-0.27163983822263066,0.825026777172678,1.6028550904333312,1.6041361368545095,1
-0.3216624910924927,0.010645193798413147,0.8069140321945762,1.688112443846606,0.24641640095659006,-0.8992600045934717,1.1497906925912478,0.05321332357070031,-0.0017886805550283095,0.3241343990035615,-0.5457543578668771,0.03520603186992296,1.6503328253499772,0.9800948994107533,0.2628400464027475,1.0618422786549577,-2.044107716442952,-0.6581855129252767,-1.0924963590825107,-1.1885720708749803,1.336598555101361,-0.686584439955257,-0.17846101248965052,0.8306340957579503,-0.7616025647350452,-1.5410948893544174,-0.44161384350858207,-1.2576334899724697,2.0407804788838413,2.039618914593871,2.646871054118179,0.33733148459981704,0.04082595275672849,-0.12706590180612704,-0.04473072444543017,0.623263023087131,0
0.7975822113831433,0.7032872483305262,-0.900356843513405,0.6177226462039533,-0.9939271264093094,-1.8763295819388108,-0.5994289430233022,-0.9238898204349684,-1.1389517868284642,-0.22473936739028771,-1.339548296023975,0.12995413368807351,-1.6684215537593114,-1.0556649900462498,-0.9082092294955874,0.289042335020382,1.3928103775960372,-0.6207908076587213,1.1765557821973887,-0.22669946915003247,0.7470547925648802,-2.6460515249552934,-1.9990824283774726,0.9951294877010572,-1.4908577405371255,-0.3012835791252273,-0.6426748473128913,-0.8987064293967608,-0.2626364995135351,-0.9520421411454544,0.9361977803280083,-1.297376526465241,-0.5717176195340519,0.20863191846481496,0.19433563899982387,-0.9161124906759578,0
0.4638512656268495,-0.8411806381047037,-0.3117000069752961,-0.3379066672782542,-0.3967757432803607,-0.22310186619830336,-0.04685263827124953,0.8161444963062447,-1.3200700326283794,-1.3548779149094332,-0.5610058791240085,-1.3425053474906734,-2.1607834441785547,-1.3031248511580331,-0.36073792909374247,-1.4294948709192878,2.2151787537383436,-0.06229292171376903,1.1270410807870517,0.4795275535014366,0.23329765511759726,-0.22322903606448008,-1.1957288341229528,-0.4038319266203,2.048380443871945,0.06644676341258875,1.5702145892915866,0.9616199367465825,-0.09489056813338194,0.8370164289531398,0.5439185401271989,1.2071205388480972,-1.3040238211885187,-1.385024172444287,-0.17020106392623957,-0.6017140526037865,1
1.0106326003659114,0.4487161388526006,0.02197498188369768,0.6946607746419329,0.3115568773408279,0.01009408846188538,-0.08084127412667758,-0.7836122286770711,1.145095324182642,1.9735997698998073,1.731638572653641,2.024579734332296,1.2541153910598437,0.9332338803852768,1.4469225874509746,0.8203457066179352,-0.3475500296507743,-1.0462200150168997,0.1297352054161706,-0.24745019307982125,0.5968542357755389,0.9291170136656768,0.43911680475170906,0.3798308520135924,-0.5869142078406778,0.8713925657182786,0.9998568750021034,0.8118581619907179,-0.8166353929099617,-0.7313161076739726,-0.8515083939591909,-1.3541344292871131,-0.3751228782493579,-1.2820317294916104,-0.4513696795323738,-1.0295860998297122,0
-0.4046975538106539,-0.5233354898643428,-0.14848464554437835,-1.3000153734339164,0.02896296690812862,1.1446163987648925,1.4836370118241105,0.6738488469380449,0.36646442180133487,0.7058280792073338,-0.20728039470580367,0.5133679438679104,-0.6988796460559594,-0.18524939533965354,-0.31202101309577335,-0.7765794652743624,-1.3468087385079759,-1.5926165320736536,-0.9414427547723281,-1.4506865516959007,1.439581834452074,0.912584936600369,-0.7259529238915566,0.24875852164407292,-0.10606010531656405,-1.2016308756267686,-1.0367047116940635,0.17575493770380937,-0.3595697948189123,-1.1401696505490901,0.3460021501679672,-0.9220666368037156,-0.5787245140147035,1.0974057294838615,1.0904689674836967,0.17109490354337625,1
0.7849399172656547,1.0762314612157238,0.6559260810385139,2.222845895334117,0.11395858309173168,1.3327865914678674,1.181110671186735,0.21236328818223518,0.5697064764624521,0.7480367832547575,-0.029159030072435685,-0.026280991892315173,-0.6948295976000134,-0.5277492073986909,-1.4049597063399764,-2.803622919536497,-0.11012234613216566,-0.2775919523253649,0.20915663358674333,-0.3222679585517763,-0.09518225539234937,0.010964798766515946,-0.5554075230758333,-0.25790234022184105,1.7437539833587203,1.1139043238014659,1.0158649177078487,2.223245211371584,-0.5450421528121168,1.0271950343432068,0.5763880854897468,-0.7117777930345891,1.4439784202757078,0.8058623855112819,0.7805821311354579,2.148001961563916,0
0.5849773599120306,-0.1790647027974031,0.23909392625709466,0.2498303977700733,-1.0565489899672131,0.8481192362008381,-0.9763141146978623,-1.3252199113112684,-0.2186668620767448,-0.5500747569470399,-0.08436337254766169,-0.3979011890078573,0.0680319012144793,2.402864355966369,-0.4768134266536845,-0.14711410707902836,-0.01571834424466149,-1.0305406558456387,0.24891026154924745,-1.5688975914638175,-0.5863891632302173,-0.14025255650512292,-0.582136952873555,-0.43482186214508717,0.3384449331597399,0.8365598802944638,1.335175480147859,0.8831139654903086,0.7412884638195933,0.18119675718711742,0.817062682314976,0.019377434836873673,0.14981595229012584,-1.1520809435510186,-0.4125069440271348,-0.17029147261533006,0
-3.2088456187463605,-2.4076386325078163,-2.341653491733889,-2.6054579804090756,-0.7653834670268366,0.3893403156675104,-0.2862480812936043,0.06272603646952829,0.5798282520554429,-0.11809178562691697,-0.6851570640018543,-0.30422844262360216,-0.08141859471223459,-0.5348101513780297,0.3132577140399768,-0.865986424111682,-0.6578206419308317,-1.2380329229411065,-1.1970930068719463,-0.6891422227584331,-0.9020264094136109,0.7216515811410847,-0.4856898152584236,-0.1598723633945077,-0.7856153498661499,-1.1229951339227442,-1.3391445751507975,-1.1827169915449598,-1.6774756867487295,-1.364189073327754,-0.557124883619701,-0.06921667686588263,-0.3378020451639267,0.36610485725360215,0.8674220306950677,-0.19932601175744358,0
1.3648932135927545,1.3098535742292652,1.647237516476485,-0.016481426232220164,0.3156172041849204,0.9328742109139937,0.86848478354334,-0.3725863064012854,1.590970279932413,0.5563784473905795,1.5651653891949224,0.7327318157215832,-0.15429784166170285,-0.5843854124067904,-0.09658151551274048,-0.4193037190381278,0.6252383731907423,0.38746359344315656,-0.9592409943608721,1.1547412988311538,-0.005795001336858457,-0.011537628049593228,-0.7470761008441169,-0.44328542442218016,-0.93893009629107,-1.1575945702552661,-0.11370959173025458,-1.5160232682413144,-0.7769962739616207,-0.49045204333841064,-0.6931992793215456,0.2149979274889155,-0.0019245948385168282,-0.3048558244060437,0.9904519576119271,0.08817755979982535,1
-1.2449050674463489,-0.3679228879977666,-1.0904268857534656,-0.6467358070107775,-0.954416286227089,-2.1502245777414593,-0.3137371534515392,-0.5015546177562907,-0.7815521733145321,-0.5317506812743461,-1.8678524420693683,-1.6239849664652197,-0.8158163459711006,-0.6052732157418619,-0.8323728233404349,-1.3178384156711764,-0.10562672058095493,-1.185499475448958,-1.0242686610706653,-0.2328611337032888,-1.4458899138833776,-1.633161703682354,-1.4457855050559463,-0.8315683309687315,-1.545289357593169,-0.6314274080398271,-2.4070118061071915,-2.1232819415252977,-0.15225588009828836,-0.5615582946436245,-0.6157666947588772,-0.9501429360355931,-0.6180720174515091,-0.15549239775147297,0.22047337055998853,0.6976843707076666,1
2.051139889860023,0.9888693742560806,0.9991998926085169,0.9569833948421449,0.765107225585149,0.2416278276677937,1.0121399301230445,1.1189318210137456,1.3672213092780412,0.8103737113780684,1.9641491631044488,0.6904886659033231,2.1933068620506813,1.68814709594439,2.09794289097476,1.6748736279258774,0.24996856197609876,0.7968744746301831,1.5015099234364537,1.207076304559151,-0.12508180505020866,-1.4784690960419378,-0.07430796349778064,0.06122951525505193,-0.43372006472623886,0.35609915336583814,-0.06531363746056121,0.24304276475038608,0.5998076132266991,0.9086785961767182,-0.7387700221369745,0.18104237844392027,0.52233097410368,0.3583193531424974,0.6522487904301841,1.4623353484222428,1
0.3969384167631803,0.9393658670753028,1.7131380846161468,-1.2041026504909174,-0.48655218549726587,-0.5217496639855947,-0.4488884319528805,-0.07185485575443316,0.6236227877642675,0.9316462497276102,1.7928576083561323,0.02411025101586908,0.0056558290579804115,-2.13216049709398,-0.4547209108969817,-0.9233732273271874,-0.11900036188934912,0.1053786668896562,-1.8417954384111124,0.20307110108175408,-0.7430421858859483,-0.10477435443774351,-0.047752224769159336,-0.5341921189158463,-0.9320774231189886,0.8743319280386663,-0.17389616465083754,0.5605562733181937,-0.828074042224901,-0.35123662141412787,-1.3268209542217593,-0.7363542797684293,0.5372886368481943,-0.6299151185525403,-0.09284857609960316,-0.9734249044995954,0
1.1948141365271934,1.1038300634034293,0.9446314854456013,0.5924904429610769,-0.6750323567090387,0.7512856914617647,0.39466885346364844,0.8139183819414758,0.317018585465481,0.9866132721490799,-0.2340597342113099,0.9572953867983056,0.49533369224386875,-0.19013773425433517,-0.798750261511551,0.11130917741469798,-0.6602581121520866,-0.6901339102777323,-0.20988855192013475,0.4418022561391433,-0.120595508743436,-0.24268680688647112,-1.0114635568360888,-1.2370427246036566,0.17988982509394008,1.3973686924163369,0.6241774882739118,0.7428942922162549,-0.1428941507777678,0.5542295363542907,-0.34394154508412106,-1.1181304775348864,-0.6032645009662763,-0.7800239808746273,-1.4960602801543275,-1.244944895992513,0
1.022510992092548,-0.021960331851252228,-0.19441955860494925,-0.5277770373405356,-0.14824853440253377,-0.8674049681210421,-0.0686509626308275,1.0125835336900557,0.3562961042408411,0.5762497284688266,-0.7892603276024015,-0.5508163402654398,0.6460278525133749,1.4220258721251535,0.49144748613661093,-0.2386883886887359,-1.2256770006367053,-1.0649374869431047,-0.12120026502548437,-0.7183145817394608,1.2504696808049052,0.7189332706764984,1.2190137158280023,0.8192395207074027,0.4415185712699168,0.6841020535693623,1.8793501030642088,0.1308496439141746,-2.585261132893733,-2.049005599807997,-3.2731245852091937,-2.0857528300107684,-0.9217316682234967,-0.45378689657742677,0.06810035657040336,0.7427496623658036,0
-1.3328727569168175,-1.4411482446830886,0.11397354067242044,-0.8849273763200683,-0.23006882267932383,-1.4899960056939512,-1.336085145506029,-1.9579214019050541,0.40527490590102144,-0.6986278131407715,-0.5568089689457377,-0.319060898917327,-0.3719123361806659,-0.20530572884663903,0.37652623636338045,-0.031047257390299298,0.552967222610739,1.8667625190340909,1.3185405063602784,0.27884784293794357,-0.22932957797342862,0.19019831525959122,-0.064198887637976,-0.5218478401768861,0.39277191377582893,-0.46275613340755034,0.0005440208727911983,0.9315274799178042,0.11239623009938356,-0.44479158301710126,-0.014297153304848834,-1.104086233733192,0.40384485197794623,-1.3559118188176276,-0.07681779942187067,-0.014839601884247088,1
-2.4538114113206837,-1.020648652845214,-1.4126573758330037,-1.0389568387727954,-0.7630740738510691,-1.0910370277259707,-1.1925806344279049,-1.3623757244871495,-2.634651196301339,-1.3155721213707903,-0.336032955884778,-1.7344720614272708,-1.0823876989476555,-1.0638209163003407,-1.8342527177095342,-0.18631934677850281,-1.982595975390392,-0.2514873068012526,0.3514453967333936,-1.0159831410829692,-2.3755194735905043,-0.594638083081194,-1.4238494149893506,-0.852954528040766,0.50050988010466,-0.19017708879397038,0.8067080338225641,0.15285855112204957,-0.09670235358711016,-0.47213386119914735,-0.9908180000133077,-0.2378887825933033,-1.2269000131379297,-2.476302089425648,-2.2317468687383353,-3.6288460740352617,0
-0.2840846080097084,-0.3538932174312737,-0.7157601620476977,-1.0202191375269583,1.2757130571722737,-0.17261815988572798,1.5162072396622013,-1.0055258043500133,2.071288128392216,1.5420047225924753,1.831477027952139,1.635210414490467,0.009789212135784058,1.2150546800816922,-0.16501792701002269,-0.758836816853649,-1.2684238328654498,-1.2984167460776095,-0.4394441035461177,-1.328306693464943,-0.5566220973881062,0.1582783898757971,-0.06585968929942744,0.05599723915762056,0.9208794789835629,0.400884641480952,-0.4478785749904421,0.5636527276416279,0.5724696081689755,0.43859070688280655,0.5471750611511711,0.17559689219832572,1.3430390697318195,0.7609079092882133,0.16502071115270786,0.6418804001341448,0
0.1268586086441342,0.6817396748732321,0.5513516361108292,0.22392620091572285,-0.3942863341595254,-0.72148544387003,-0.618143131163495,-1.232793549999636,-2.0616965324610312,-0.33753321347785437,0.6080083455986871,-1.1960025063136233,-1.5790229041986432,-1.4420886117000515,-1.6036840728501014,-1.3316712153000667,-0.1587643572146432,-0.4239309345291107,-1.6699283378099898,0.3432547911381909,0.6006567697119313,0.08128331573203931,0.0404988811998716,0.5494686401145757,-0.41442598777323064,0.4036575063513349,-0.7926454258642618,1.527698438276517,0.21370053853385096,-0.48331091327597653,-1.0161009680057576,0.16170145957468554,-0.5258097880152074,-0.41998896661143326,-0.05750626188481275,-0.40422982818438186,0
-1.2215472599177695,1.0058296554807833,0.21937371536085887,-0.4114777380359973,1.1662736185455318,0.9633795829732039,-0.06293645074567762,0.6106525998116171,1.5030685129208752,0.8623600196234953,1.093599423042417,0.6834625889129529,0.4407188758647273,0.43995014336254695,1.7679843846400922,0.39117878563569586,0.7028518770160032,1.4311592134798805,1.6145383392805355,2.256458022644314,0.8460986072003435,-0.5722850692505211,0.46045742492313824,0.44423321401697824,-0.736607987224074,-0.4599485669763442,-1.305973762088768,-0.8821282861356432,-1.3458955808808808,0.03001388036153003,-1.4916620283407311,-1.3544742441839734,-0.3190217615296077,-0.15013688829617583,-1.8996701960284108,-1.4335255042115598,0
0.724173195073455,0.266944238529518,1.0136343286669895,1.8834502598139098,1.1552616573500023,1.156364132509122,1.0915289247059126,1.029704221782059,-0.7702373029031185,-1.1884674405906424,-0.053889013230486546,-0.9617613093108457,0.8466835143464215,1.0780568792661307,0.636163853779625,0.974804402580075,1.6553076930586523,0.26450539324961886,0.9439536605753776,1.622524711110243,-0.054541567866144065,0.27284814118248724,-0.5968031383078695,-0.4739817381030063,-0.3287801159646634,0.722384119403585,-0.2631497926730299,-0.20820877296378362,-2.2471682109359583,-0.586633064138614,-0.09085658186242224,-1.9415388513403717,0.10201877753428643,0.6535224665378336,1.199354389269995,1.4703876769280875,1
-1.3378869793082855,-1.3100817569969376,-1.6135072100818058,-1.7430300339975024,0.3448330762234068,-0.268996602551067,1.0275545906567805,0.18006016454808815,-1.1632863839417942,-0.6330965658426075,-0.4553773482784304,-1.0833384866522504,-0.028073751338988606,0.42700442916808046,-0.17348797587541903,-0.07503327849712056,-2.2675495156083034,-1.8012104281084418,-2.2502712461030394,-1.620119477020615,0.17908421368900085,-0.2923574999826249,-1.0102240456456204,-1.1350450952420337,1.524207238463791,0.9861764525923872,0.7356935395185418,1.042484876671431,0.8182978885424658,0.6853130908169665,-0.10751333874959981,0.6461123094502862,1.0521968971714657,0.7256531518175867,0.4890938992313194,0.45933718847865657,0
0.8769293114383749,0.5160114951833119,-0.37789388253564526,0.440611993260957,-0.49254174682984253,-1.1343333181756288,0.16805214651810477,0.3991228904163396,0.08794654274248746,-0.08106758648659469,0.28026595206644683,0.07664611996884181,-0.05173476064856532,-1.1414566059320015,0.3668935356309579,-0.9541235385376796,-0.3377806810514183,-0.7174186853193165,-0.34983763593970485,-0.4503201453936229,1.509034718236143,0.7210818046552897,1.2444320518998422,0.397237714269206,0.7502189038444124,-0.5023897488867101,-1.4855175601179942,-0.6152416181470781,-0.2715259735635751,-0.039983596209421345,-0.2915421441027193,-1.1889246693211453,0.6125392060858313,-0.4614127538484591,-0.2931309093366296,-1.0585760158742628,1
-0.7527605056516541,-0.8464918097521631,0.2982897824264972,-0.3857511110439358,0.336731065408619,0.15089151977546222,-0.43013950154004504,0.13992954308097363,-1.93551582902069,-1.474003727482603,-1.429635853885112,-1.3036812990414652,-0.6496993932210419,0.08809766158782471,1.2475206163782677,0.3573887759802139,-0.08160191428883971,-0.9985713090502596,-1.4290352067522814,-0.5363038069493352,0.8249016097063602,-0.3252285733488205,1.961599022522634,1.1045274050000236,-1.6367173469014835,-1.207161912979185,-0.46636470265508373,-1.1878315358311777,-2.497612077869881,-2.7978770929381622,-1.5336672453569506,-2.3060505972009535,-2.225533408962515,-1.850250151623778,-2.1040212093930837,-1.0561452461878662,0
1.5259353636120558,2.539971874663404,1.9775005477460423,1.3856729320311945,-0.05175233955632561,1.2467225559247048,1.5351514552748462,1.1245662309467974,-0.136046986209194,0.14419174573116056,0.4811751393069405,0.2856514041356558,0.1735773857561724,0.04398658744653951,-0.053025300293019655,0.035578636892918666,0.09729173159209929,-0.12565665381273247,-1.7143995088949473,-2.8508421825470753,1.614819856469765,0.9392447188192409,1.4999198623255037,2.6742293982098193,0.6567841665405548,0.9132130569719193,1.3141541707193096,0.3326319395994808,-0.7041030480277454,-1.5842791031846135,-0.01465995175072045,-0.8790964036590625,0.03745637413358043,0.6029671636568741,-0.7532479914147439,-0.5851935162756112,0
-0.7183326189603595,-1.4209294821112965,-0.3061578050575536,-1.519868097853526,0.08287274835073695,-1.1767129585971892,-0.6895936885505036,-1.3773671749466483,-1.2869368249841424,-0.31001019628207777,-0.7244163669268178,-0.3782692183803079,0.3662086050808948,-0.2042077017159494,-1.449009664580139,-0.09740224980527397,-0.05498185375409158,0.1918729849007286,1.07137736704388,-0.13644211264284775,0.32008081839375335,0.9397583763057513,0.9821551681328873,1.191088729658471,-0.6852886684536881,1.1221856540635318,-0.2946208658718213,0.07819305485093461,-0.23966259428268605,-0.12078134179332627,0.02676815273987089,0.2849120767568694,0.4020441510144154,-0.5822720389292387,-0.18899944072985536,-0.38332066915929724,0
-0.45387899154488476,1.5362430284390576,1.5191513094398315,0.5562367515707485,-0.4951968066440568,-0.8909766189026701,-0.152524550089996,-0.20445495243145625,-0.037881397715148694,-0.23671235772580212,0.26371159086702767,-0.9726620448578666,1.0794964843827861,1.3159760061852415,0.22263964268517034,0.6705941143523546,3.034585090166766,2.5021390443707476,2.2628156528860095,0.8987083454072415,-1.0579879143154,-0.19889254019861372,-1.1032915698373842,-0.5309703249861095,1.8919161511677827,0.10270899651188196,0.4315139323611496,0.39742207960140924,-0.3201265670865013,0.7891228199071058,-0.7996176927293022,-0.8643897570623025,2.254873449331008,2.426092064043762,1.2848662343804556,1.1474068254591416,1
0.6714943732096574,0.45552917202240806,0.11646959154760385,-0.4595203520184004,0.2758778400018298,0.7710640335609779,0.39539837252902177,0.3947546905442041,1.2360184089259532,0.4510335295355317,0.7349401494595547,2.1682735722290647,1.0610972374408292,-0.5610176534611921,0.11115225904807985,0.07655359584458363,0.787614779189475,2.2228883366653154,1.0861724741944319,1.0214922679356362,0.0668100297125122,0.7220713071438742,0.6467241801010626,0.28698034443412535,2.1365068556186997,0.9449992259806589,0.7126269009162165,0.3551005388504138,0.4425059978232297,-0.23355877786868445,0.9660841150457607,-0.7730198905758675,0.6746003576894846,1.0097926935976658,0.46105369506702226,1.0603272549511689,1
-0.23619501096918444,0.46556060770134045,-0.3146987551707357,0.6043197860163408,-0.12449686995334455,0.7199533509263116,-0.7094376893964315,-0.0023712771861402453,0.23920457503446893,-1.6560711167853408,-1.6640953092913284,-1.142936524460969,0.35127526990490554,0.054410412262996866,-0.265113186729245,0.4983075402122552,-0.8767329807282909,-0.8345526794222758,-1.7525174603582994,-0.26962988473525995,0.4506533984166967,-0.7673145256969851,-0.12909571116915297,1.5561659559864496,-0.05009088851898713,1.2377876768684068,1.0579822762268398,-0.26217938111996764,0.5242169991662321,-0.0024485465818444873,0.46501973828984505,-0.4429205376643946,-1.7307334939293175,-0.305139780325276,0.017259222770257526,1.1273863884697377,1
1.4178584864417945,0.5868092778201877,0.8048067680867987,2.023541763200087,2.2216802421584587,1.9891355237203452,0.6204220358259892,2.110436215937024,-1.4682315776783808,0.3910127066532358,-1.2416314175554106,0.6550777843123972,-0.14193440133111823,-0.08717886638375176,0.7353538246955145,-0.9191088152352118,1.7481160853346507,0.5271019967782178,0.49366713287394576,1.5166820898985645,0.874787785617864,-0.2514975624686485,-0.5729581891634143,0.19585925856698397,-0.12054412201239609,-1.203998931158986,0.35720829401912024,-1.3167254793279057,-0.31726021373135643,-0.6913013705790537,-0.0703363073698544,0.3392143629646282,-0.9495137869890842,0.43097308498545345,0.2518999331603993,-1.3156844888859331,1
-0.4293981490774265,0.14118179649502982,0.31063516952814185,-0.15863428713538782,-0.8013378226761105,-0.9566785233440575,-0.25992833815146055,0.4686872947669995,-0.09944582479551921,0.11933397962992559,-0.5235556924889518,0.035595678795227265,-0.36701592596883803,-0.39453981735887217,0.020282051665523538,-0.5359559862673098,0.549881685382909,0.40349568072036335,1.6613374279287283,0.13489893953876872,0.14736474024575638,0.9980735057386999,1.4896357839205487,-0.017382733935205345,-0.03156152150669941,-0.557024168838897,-0.229826122581064,0.3617824607671571,-1.693082442368934,-1.7853080428651238,-1.5181523408926583,-1.240558827860792,0.3925279585631664,0.31383747954674884,0.5794913025703987,-0.3222397220832115,1
-0.957201895419549,-1.448759910837173,0.5475489898640584,-0.2273594903138315,0.2671012768114318,1.1215299782848667,-0.7790964441215942,-0.7239055210499076,1.4492339851129874,1.1434731665201463,-0.3267307068468682,0.5519563606666553,-0.6884028933571988,0.3702184226458641,-0.11709588528319913,0.06697581790643653,-1.1557844159146429,-0.17731166360516332,-0.03619455175705208,-0.9744852585637336,0.15406948985505045,1.0038630604290764,-0.4546361212743849,-0.14978916238039805,-1.1745452250708306,-1.216717660453543,-0.11380372366081688,-0.487607354245698,-0.238015199594811,0.6573610191625122,-0.21920337212578656,-0.7440935346322595,1.2506079617775876,0.7136502284288639,1.8189826737066759,1.7254616085734784,0
0.2484791905186598,0.926771818750221,0.8006113188111158,0.21024528698969086,-0.24677270248094416,-1.1091137030602722,-0.26114966419580604,-0.7134377299972309,-0.5129576338409378,-0.475682622894038,-0.9735674101638262,0.22535991517195897,-0.35307782722588427,0.5866322798238701,-0.6423625106958986,0.7571129449923197,0.8401932223499365,0.7586549772571071,1.0131595278935626,0.053676173360242566,0.05045965169482872,0.0713595611913128,-0.2621091068309831,-0.1990170408581718,0.01928593114894497,-0.9625450792805876,0.18118275003805018,-0.017609432814931374,0.9974731498123407,0.6161311040684131,0.4902733645983504,0.22088162986131957,0.052773018315873624,1.3201520273937275,0.02086811308338317,-1.0417815581428602,0
0.6148184779353321,1.4199781180744135,0.5444719012948765,-0.026170684509374972,0.6238899748501662,2.065988288766499,-0.08294207972596931,0.6539888009016471,-0.23800006398783588,0.0068372450098715745,-1.714868542302772,0.4456674358754354,-1.6130236837453007,-0.36580690084899287,-0.33830361143176463,-1.529972868756554,1.1130114281917545,-0.3607341440574943,-0.8553796243528587,0.4573010721629353,0.4258418226658924,0.10973928783959058,0.40337407595629315,-0.625514634534057,-0.3552130991380367,0.6182141125463361,-0.7440461860111616,0.4436726721746499,-0.9415866123953881,0.44588939469715655,-1.5052624499029919,-2.1797339012208488,0.17761549357520062,-1.3448666562079599,-0.7574061841680384,0.037456635030194044,1
-0.09315064178604612,-0.4326988080591908,-0.15464523573503106,-0.15432312611361823,-0.8558406065889042,-0.6096042703176802,-0.18117617994229185,-0.08183116161006244,0.128818494771781,-0.46584020072494,0.9651194848716488,0.336278965383111,1.5425604427698927,-0.4112170261896906,0.8688497959490193,1.6754803637395967,1.1956454317248661,0.7762557492734906,0.22773976338373353,0.5891380438382606,-0.349831214119859,-1.7969013032561736,-0.9037490172670842,-1.6530029580698467,-0.035592670062880055,1.3466998565508956,-0.1354892571991975,0.284771802873335,0.12545114431457807,-0.2766167093603715,1.2809699513535602,0.6182132756862061,0.10473181638988967,-0.27966893580223146,-0.5625182653159849,-0.2927632082779903,0
1.4005049621388816,0.3330355260481612,0.2948861806744334,-0.6433512427166647,-0.5445772814976487,-0.009458454164319964,0.07249217189888471,-0.7211623402920726,0.6141579459034054,-1.359314084204215,-0.4893663611967152,-0.7905791747466822,-0.3325470957261941,-1.2003781812543255,0.10579454901914001,-1.6495087502738444,1.1102867407910495,1.228474988059838,0.34286499491696293,0.837510009671769,0.14888501325277081,0.3500294093412008,0.25487720607729103,0.08932788415706806,2.576593451562369,2.482818039067066,2.138547897477092,1.9772017202962946,1.9620941795802935,1.4699122094586723,2.363990628336773,2.5681871542432466,0.29150716433992396,-0.26961667735758904,0.3043311771042022,0.790912917962123,1
-0.6359862738314308,-0.24740097121872826,-0.6246136942383904,-1.0392754592995395,-0.0664762719270227,-1.0075460509684222,-0.8310174137989111,-0.9701662637550034,-0.22001636988547385,0.21559005484349267,-0.3191171865067575,-0.5028087779519721,-1.4358036557322147,-0.6168578353773218,-0.047984578910221065,-1.3178064217076726,-0.442394280931758,-0.49404895882466265,-0.6364430601490703,0.4682944927826633,-0.38431432305988816,-0.16323900896142465,-1.1643321365226451,-1.0812594601524759,-1.8298865662405277,-1.187824966894626,-1.846928264245626,-1.8887103780317784,-1.371422613176143,-0.7955775249997341,-0.41734058618196096,-0.9817880771480538,-1.1129282151553468,-0.4564929614870373,-0.7644356848832269,-1.8150907663137483,0
-1.3035607012856536,-1.1745291977584038,-1.0905666150625464,-0.3919037786909802,-0.2547694787866149,-0.1746740427952803,-0.4930975751437448,-0.6352843618419589,0.3347378988078737,-0.8980607806334041,-0.35910826703182325,-0.3628845861678996,-0.8010187253312785,-1.953572907731156,-0.7885574327556003,-0.8893589221355916,-0.5921911027596894,-1.7577819970709487,0.03590465641782548,-0.04527241986015096,-0.34398453027521986,-0.7620241334891615,0.790535943148187,0.252826195866326,0.9838948814198623,1.4540510743858313,1.4152376961082422,1.98895612695919,1.163066879384637,0.08407157976339283,-0.2903145432172432,1.0798826752053037,0.25628554371184337,-0.6211550519810272,-0.7759440918204386,0.0589990697903825,1
-0.647827809797973,-0.24316581750378283,0.6256046197035061,-0.18343438461054745,1.7280320339603312,0.8337256624848873,1.5923590541850272,1.1352070316311438,-0.033424765598129916,-0.9072656209160546,1.6508850539172226,0.7568416186737984,0.8530438477930701,-0.7064374840608876,0.6092759226759561,-0.09574059194724369,2.0147877429390877,-0.11172409906051066,2.077503918351552,0.3612712542697678,2.217048035723222,1.2437157466435165,0.6835302060112945,1.1967246164538228,0.10684183562544246,-2.0221689293277203,-1.6717400858759797,-2.008763517134166,0.43897845366541655,1.8047169479017213,2.144425834456629,1.5424432799534158,-1.1058298610477681,1.4196387454300197,1.2815539314314657,1.277313675986898,0
0.8557974818769931,1.2682412853605456,0.8421062753208073,0.35881655665414025,1.25199950721716,0.9479379741048611,1.0399310431841087,-0.16240746239023715,1.480831460465201,1.2227735556837958,-0.07093153629379327,1.074122375977901,-0.9025722613838192,-0.3617533473520271,-0.6104158077752654,0.022276081021065694,0.2366569681969356,1.652677257186649,1.246784959391804,1.1224710108647318,1.2305167166416477,1.622153933562897,1.6716753530077504,1.8283596716426898,1.73074040715364,0.4708616453001225,1.6946032828147084,0.7672756665914249,0.9758064414122889,0.5342968171119709,1.5514526445782129,1.522399828532332,1.1025739326064083,1.176435818228471,1.6512109392377667,0.8477061647028334,0
0.5632349586832204,1.2630973687094889,1.136561197256206,0.911304560565162,0.5625044646773979,0.7193719513345908,0.33535171939979297,0.39497435883022186,-0.6761061831999654,0.3969235455036481,0.15413331396069732,0.9220009524451954,-0.7721858100653964,-0.8316869886967002,-0.3655093547011468,0.3125033719107272,2.2707673208192185,0.530047703604843,1.2603033401551658,0.0099889104194167,-0.5907586198198083,0.7262226010983959,0.364740996114456,0.49300471028966814,0.0314259862596908,-0.5171402090190977,0.8536234569458759,-0.32081143506073295,1.0256285370876201,0.049111396600614865,1.720992975475455,0.9251922958239529,-0.34437740454007143,0.3751697101230923,0.44811398768425403,0.20050506247876673,0
0.9715988579519924,-1.310415852718336,-0.34898416072212957,0.7122199196454394,-0.9261009215667169,-0.8635786651653198,-0.7877769782770396,-0.8233455756523611,0.11627759847123717,-1.0499961474195234,0.3307179522857211,0.33050184359674134,0.031205694857187296,0.635699330400739,0.7217608987661808,0.3331756615112334,0.30289491319491274,0.5612493452887021,1.70538592717181,0.9973561090891451,-0.23108669486980793,0.7408611291607237,0.7852179166271597,0.4401278946440899,0.7876166051684085,0.4252641457321766,0.07050305542740361,1.2029106171422697,-0.5742169385307678,-0.622776747301414,0.18145907743879922,-0.884891684838272,-0.4234380456101523,-0.5894807379881407,-0.8099168791544423,-0.0526610862405887,1
0.45934481338252314,-0.14929305046679248,0.22633542836626144,-0.14906902279166157,-1.387995343192794,-0.3486056342615722,-0.34154627977715446,-1.5306556561475482,-0.16461998532230032,-0.3173164186707409,-0.13271583416089458,-0.7632170814807233,0.33356053655180334,-0.9736041269117428,2.409792970837805,-0.6990222695605999,-2.2600085413969815,-1.08498315649116,-1.4070661516481835,-0.21967555434842576,-1.0913122557526334,-2.0164793490889865,-1.4629873014010288,-2.7784190221059135,1.2952839674492411,1.2613008160645793,0.6707791025262672,0.8215595407008797,0.336990337539823,-0.5427105317796708,0.2640984095039974,-1.088800785044087,-0.40422561993489303,-0.08123281261601031,-0.17259580913248668,-0.6204410075122373,1
0.7023515518914799,0.9532085064455529,0.25811722316440366,1.313644365943307,0.01922233169263512,0.10996995635210671,0.40178418084581413,0.9283744659383595,-0.4856211500606755,-0.6807814116759915,-0.05091111499204975,-1.122687168005207,0.5321930915118314,1.1919226074879976,1.5192298617965987,1.0186773924683585,0.046435004737891646,1.5606403958838946,0.4575619495832628,0.8280917794886123,-1.3439322120567918,-1.0406384829898663,-0.5528744485662872,-1.6358332942866374,0.3411506518713518,-0.3216847404954678,0.9011313178492613,0.310138986330202,0.06639795358652043,1.1274177479624752,0.06583086954619402,1.8687775550272536,0.21843604103301395,-0.24831232523862856,0.41718459327435414,0.5039499464724335,0
-0.8261525173482134,-0.4851274963105013,-0.8923863313002619,-1.1553090700616098,-0.6024045228952811,-0.39035720488873465,-1.2838229499817446,0.3604073069318772,1.0292534068761727,1.0792683189289283,1.6343682995173339,0.8931963960005571,2.34260338434814,0.5528908614371852,0.9777015168604571,0.7733447716858544,-0.9866989188059648,-0.2025379315748618,-2.330254704564253,-0.44353889243711553,-1.627441442929342,-1.0581155831630216,-0.8714155651195061,-1.893181361928976,1.2227362942564386,-0.16014816124232462,1.4869920871234772,0.2666632813340407,0.4129530265565532,1.715439167052549,1.55127001720354,1.2363314295328425,2.3939008299587643,1.300545305065487,0.28385388105343495,0.7723848918092964,0
-1.3611207952406197,-0.26507588057809617,-1.1836885880019112,-0.06628160611446218,-0.5807115053507601,-1.2614251474530624,-1.198920593241326,-1.2641502382019985,-0.21039228243619762,-0.40194720910142195,-1.7135236692058293,-1.807925702904751,0.7847165206697584,0.7624213737038955,-0.5663575061012517,0.3141846719148653,-0.5021996581518474,0.751022183420231,0.09813514792864252,0.07829684131966524,0.41650803976730955,-1.202557342154901,0.24573254348736925,-0.0053682434752534165,0.9176356682942872,0.35082874486873755,0.5936014730530585,0.39704427376968215,2.8678739140453655,1.3463551265106402,1.8032920544020175,2.343486698180574,0.5327230257248925,1.257884041876737,0.4175384805972998,1.5271852619136965,0
0.9355280383742671,-0.6474278368476016,0.4837443655557238,-0.3604423787990315,0.16719878712210393,0.43677462059266003,-0.665997780870572,-0.3364898750627551,-0.5142848532539168,1.1140315486656063,-0.011214588954254307,0.1908475060942846,-0.8481489340382389,-0.5149023635843681,-1.7565460804997335,-0.7876977298999761,-0.2880537920672043,-0.9938000820370696,-0.8553135309674897,0.10917982021584365,-0.5433928189663533,-0.45299223191600735,0.6066829523656102,-0.6818472991396933,-0.09135034196371343,-0.4613848177814632,-0.8207106690200913,-0.013587801305695639,-1.248397987636627,-0.43980229228776946,-0.3584217772421853,-0.6044161262574732,-1.2914913668904169,-1.5198529731730053,-1.7381819824819296,-2.105759348598862,0
-0.6015250950452813,0.9039634591308185,0.7128582678475152,-0.339474202869315,-0.6435094508787259,-0.7222382345031237,-0.6620174767289078,-1.0907039397820733,0.11963472754409245,-0.02207683356155497,-0.013404060347936501,1.4910091640000371,0.5660808432846912,-0.2534530414900938,-0.7468167482342267,-0.387187946082533,0.20254558107195028,0.24613816635477254,0.49316100623547326,1.3603605323581118,-0.5404585591494119,-0.3897154285240189,0.8862774567075429,-0.29798520716378846,0.43075238269403804,0.37353584984759514,-0.742160612264631,-0.891977744495309,1.0291414211762626,1.493747894936077,0.292019755554851,1.149206344221757,0.27835283487751133,0.19297454956314167,1.3762903867724852,0.26805230341813496,0
0.5635431251953956,-0.5706722796828986,0.02824104966667883,-0.6762806462641354,-0.4305959860991528,-0.7989210282818389,-0.23340652497173325,0.07882091571420662,1.2781961976167358,-0.05078045624779659,-0.2378694745152315,0.5114982621896287,1.677437070569034,1.432987220137172,1.2813613951359772,1.5358030550717012,1.4339359584648514,1.5320402241046223,1.487355661868516,2.6249552240541396,-1.212199707116325,-1.48432622333506,-0.8186396671339871,-1.3887204667269744,0.811099572773884,1.0376015694102116,0.009813051215550655,0.956702366968781,2.1805957608068747,2.913785076235793,1.8496496832918496,1.955224297192201,1.4497302529107108,1.7876186254131599,1.152730544523414,1.428021303020504,1
0.7966388521827066,2.629169571158422,1.2213643447006157,0.87635611088313,1.7116397433190957,0.7631181761109835,2.0917453519441103,1.8929643860119538,0.2193216333877417,0.060419568106674974,0.3175829158121167,0.357861225047225,0.42341144571032535,0.13077435566383872,-0.023473740556657907,-0.6592969435643765,-1.0640164514812984,0.40758361145516475,0.3412461802383687,0.7876163218171058,0.8218262242304025,2.9531163220392185,-0.01786609446999004,1.205705991149259,-0.6384228677283479,-0.3465954659003191,-0.8369621462362689,-1.281702019076959,-0.5020536521482247,0.5126382625104554,-0.6178468388801396,-0.5808846998690329,-0.002591543539270295,0.6908066322556782,0.4107996421828465,-0.08785612508265105,0
-0.36966345867810346,-1.1612748578897578,-0.6344252071330113,-0.09985940181432075,-1.2585985584604167,-0.49995883871082686,-1.0663832528816448,-0.07029207000301609,-2.2764064634026635,-1.345012515950129,-0.9610692853015932,-0.8405450636928682,-2.4638073642297296,-1.4811356329247083,-2.3579012339144145,-0.31699532402858704,-0.2145687230229777,-1.659857134409977,-0.44339153506357887,-1.528236979815055,0.2048663317216315,-0.3175869001428757,-0.07673508804581845,-0.10771180036992568,-0.4353732524044694,0.1436525265763788,0.09122091197464283,-0.4397579217670809,0.5058120144073458,1.210739742253111,0.89335520102003,0.8742170105582177,0.8309612657225774,0.9729162668088476,-0.6847415427582043,-0.7901304561909271,0
1.2203226940171437,0.5523520826538932,1.687182024920689,0.4602907599780116,-1.3554110197953704,-0.5079494037193388,-0.8527706262984388,-1.8423302151536403,0.9415205650661039,1.9733139833006752,1.777458575909433,1.392526257758181,1.078832000920065,1.266820794004171,1.204333956505247,2.814752043785183,-0.8714088274863833,-0.5054490951472111,-0.8692863917854279,-2.3130158831455674,-1.7135209365935489,-0.9076389353690937,-0.828908860773428,-0.20534600964603808,0.5066619357298339,0.8032082209627368,0.18477207699170556,-0.0965819749435099,0.8817342940057021,-0.6132696454355769,0.723208544070759,0.9661806331772551,-0.2714183520455208,-0.04440753177643645,-0.1608965286934022,0.33189117597622364,1
0.5599959913869674,0.9488211899964641,0.5312221276952209,0.9649207921392546,-0.04593209186968241,0.22255947813039814,-0.19487840473860554,0.2769224857580831,0.652147685417008,1.2765466008855353,0.5958823802410685,0.4426606508506701,-2.013054921630946,-0.9990578869480707,-2.2947745922427103,-1.2063398885804613,-0.17089935878306928,-0.23326475216014045,-0.5417942640794697,0.8241953526274411,-1.3624662843040116,-1.6493767480993708,-2.435298111147495,-2.132518706934179,-0.8974448404884731,-0.13921478400170978,-1.3729319944533647,-0.729310946417856,-0.23918976059633087,-0.7054207225282916,-0.3132672172214315,-1.0517028368778316,-0.664209032595221,1.2492518649300033,0.6424801222305974,0.09896414063331163,1
0.8653052211971561,-0.10982866516211472,-1.3716153308688488,-0.9289378813109345,-0.08658423920347952,-1.0097693929454767,-0.0604949867028415,-0.22703097566167177,-1.4230728025120358,-1.445854389582183,-1.7185963568798586,-0.8394163385375973,-1.8979968538390841,-1.8735256416357413,-0.8814530717905532,-2.3291999856772825,0.6595488275931484,1.4003663187682738,1.1660533334979928,0.5461585823788341,-1.0125331084887157,-1.948618974072245,-0.25019382375372107,-1.8367688195668388,-0.10241772569616696,0.9823790688813552,1.9672572964216264,0.47570435226264113,-1.9928312603147476,-1.0575289197533841,-0.7434766466543373,-1.1434943676623592,1.9909849757217077,0.9467065867344361,0.7716685890142891,0.14807427915113816,0
1.320939095808193,1.3010403903024341,0.9861036043677555,2.1338327665055306,0.6533583853849105,-0.3428229657977579,0.32332205562937966,-0.3104113232838542,-0.27980130614637455,-1.4624271062485035,-0.20065780007841788,0.19052679736050696,-0.6634203391851988,-0.5030576904759357,-0.61666039869347,-0.5066376659212541,0.08070045271068942,-2.0487223049813506,-1.0500830012406281,-0.057169714313320526,-0.23955276423359925,-0.5755958596790718,0.7864849725306867,-0.3683241698527007,0.6177178597427926,0.3123945220982091,-0.03950262421456584,0.12622569618528215,0.5241553697188456,-0.3414952622444542,1.8626704087568158,0.9279352355607698,-0.3773222582728112,0.2433294834307417,0.6218518916647005,1.009387535150418,1
-0.4125621991643425,0.9340602912542675,-0.5930839279661334,-0.14024106716712656,-1.3853427453491898,-0.962542700461703,-0.839646850808609,-0.9667734123957391,-0.39787044109689385,-0.694633904675711,-0.7195248212124832,0.21411387867589374,-0.5782857199291984,0.23950020102331618,0.20044311111170263,-0.0806125548777956,-0.35768763239068957,-0.27543982599676237,0.1639222033340411,0.846147748146526,-1.7619658112004333,0.3114774954727486,-1.3879022124850255,-0.374257282983657,0.9281544313839406,-0.9938047203902338,-1.0406034069525518,0.15966323284012518,-0.036518393297500215,-0.557576364948458,-0.11872853305435047,0.22420062400502577,1.6681064694087289,-0.8996202466579046,0.6452499724700969,-0.15988247900855646,0
1.3407156154129125,2.4105532581041116,2.7264117398605574,1.7947597814367828,2.9801546006412414,2.9058020841731156,1.9228898239979464,4.004524271549589,-0.19229979778392706,0.18674494567344185,0.3023943380946965,1.2594755416208763,1.990197495260292,0.9704274447323297,0.08289758287867997,1.284599632743882,0.8194302481617406,1.4257401229781173,0.5628282405378885,0.7521525444094733,1.735439056976096,1.651986626054204,2.0191778026451637,2.4153801918096023,-1.2506623225152753,-0.10038674304410697,-0.03757105263158286,-0.4425518068065767,-1.793449384788464,-1.7892855589237315,-1.362822403145258,-1.3101068261448952,1.0506374304349346,0.3676361060853817,1.0626293903064712,1.1090874253325445,0
-0.4430326915499189,-1.5501102008780232,0.6967970942082183,0.3102753133262659,-0.7817984094637932,1.1214700511034896,-0.4897749134251387,-0.13356671926347252,0.24217820790623812,0.37734198406701674,1.375557372231768,0.024161415482459248,0.1943076824508793,-0.2930064294338964,-0.37528402066064664,0.9154702143040053,-0.5335456076437342,-0.8997672527679983,-0.38163263923326124,-1.2423959219962648,-1.3810807851676343,-0.6875536207458701,-1.1638238555282956,-1.6409903468063662,-0.7353894998153236,-1.5351218676482006,-1.6406445721097396,-0.3184941631630633,-1.216980913641777,-1.3558457818464664,-0.974008451824205,-0.986912025818684,-0.9906964597958916,-1.034340119908066,0.031066731649710827,-0.3217789004757231,0
1.4334238775332446,1.6980578434777098,0.5108625126272909,2.1884855921786723,2.1197556458512605,0.7419958010618747,2.3476639129281485,2.376716772357913,-0.1435844692061752,0.060573253698336674,-0.7536377078425295,1.1546174137715846,-0.2394624594398005,-0.21048121468626135,-1.505501662360548,-0.15591095563497012,-0.8562238359748764,-0.6626724699175565,-0.3665666951349525,-1.1282469182066448,0.3839490542021233,0.9793970409652548,1.4107849028471529,0.9051393849935254,-0.022736748041898684,-1.03800398840692,-1.0511692497200167,-1.2064377418199792,-0.6896857597736182,0.5256483635564734,-1.2200648517744985,0.511887932899852,-1.9066612357150379,-1.3751093740557314,-0.5898219410113321,-1.2406037002853674,1
0.024124318124055633,-0.054370721137960605,0.09294309201975223,0.6291281197615466,-0.411251923720697,0.22006305544891192,-0.27868711788168854,-0.21857667767420472,0.49174835926117816,0.6561568895555099,0.037078800753141926,0.4415955011335268,-0.41157025128992075,-1.2444717036082802,0.4484915326633104,0.33319399768224645,0.6832702853805693,0.9403916512348979,1.6192329799594094,0.8808971056260868,-0.6140988695342658,-1.143240009614682,-1.6967256331220404,0.2965032164807125,0.981655654734849,0.6106871838608766,1.2987542092301905,-0.32199962213907035,-0.3848782299936932,-0.2891049565717158,-0.4638330068902368,-0.7576863385447187,-0.1554786162436122,-0.645941353307012,-0.8618844916022506,-1.0402264520891424,0
-0.5523212373311449,-2.239770674076364,-0.749090306299536,-1.1847441818141367,-0.22074491799001147,-0.25241569626166516,-0.14268031424359348,-1.101631898412058,-0.8077679360051787,-0.14318396603301525,0.18807038043029742,0.4013630172511115,-0.07205418552788609,0.5473999367245984,1.0503105826170478,-0.0547045835807793,0.8496177125632783,0.990721481657402,1.7855210634553984,1.142543942981041,1.357339444545021,0.617008278871984,0.525167779033377,0.32128695103582905,-0.3683676681116679,0.5779548453193157,1.433663440179656,0.8991648976608034,0.7418017759691481,2.2478520307201046,2.088350922642298,0.6176713576835039,1.1974378886164279,-0.630415481774781,0.6246205247843445,-0.13174413079029754,0
1.1857329681097788,0.26787322075070386,1.1432999950272404,1.6346620742484106,-0.3283198718543467,-0.6088850278968859,-1.274289278066924,-0.04016449135430524,0.05962310414720598,-0.5066596005683965,0.18120019368490445,-0.415095387719709,-0.5540204748241843,0.13737989806172,0.7086676592503608,0.616479071744533,0.57322778909674,0.6227538044332227,0.923862743522286,0.3020982583589551,2.0271167626625726,1.5932800405826266,0.9412959164618252,1.4179748762931188,0.9791689653660473,1.1124726004285796,0.43486016891521084,0.9140035857692583,0.12262855632676833,0.2588400621291252,-0.19281157281247413,0.4480672101732788,0.864411499209053,1.5711238026421743,1.1529213967046343,1.4929319780689707,1
0.6320741177773154,-0.692717895205975,0.5704209706706482,0.5809805982608864,-0.05686400582498621,0.3626964586595214,1.3279533423204237,1.0230999050629213,0.250145801110779,0.277993565915005,1.831377315288356,-0.14031298717725862,0.5788402535004891,-2.1137111777920974,0.8200539311293356,-0.8067848602549691,-0.39827055691667224,0.41260181183927164,0.0476285521636605,0.43106270626721005,0.7663065229465313,-0.46314734472764146,-0.21271321846045457,-0.5228144394542322,0.0532766241492762,1.2863909710578472,0.4272676032328815,-0.9289403289771291,1.1549243034628598,-0.9487198644696396,-0.6272535492117618,0.3247258956396631,-0.7458867000404883,0.5421218112389906,-0.5977880857642097,0.9345340292831518,1
2.246254297084368,2.5283505474489814,2.53288097748692,0.6128821021932154,0.9243948304829478,0.48741055538198613,1.3578598581646415,0.6993887105917932,0.9344885232729251,0.3932558183158413,1.896118936863047,-0.14394987593179978,1.535601399571101,0.6163316741278417,0.8476305119058343,1.1580055540517182,0.5656606892396481,2.5618148566936636,1.9910694248982532,2.612899552413137,1.057078091398187,1.9250555372009368,0.9714120072150015,2.0582351304936415,0.6987069813491624,0.1712839814631362,0.7891911557207854,-0.41219276182320747,1.9504237815479977,1.450193612132425,1.0557543986922249,3.104087364460356,2.6410212652109166,1.1218711701574884,0.6468115737746802,1.1899885586198855,0
2.74445838476048,1.6363008451217744,1.8913878841321894,1.611225252441522,2.4464279796875616,1.6658693368343525,0.8922442066468215,0.9828418854828924,1.8025129008916136,2.2836631410257824,1.5945115513464727,2.1063940434794786,-0.12395822079534312,1.5065729167669288,1.2355521649762353,1.2413690173772767,-0.09485496238771074,0.23743263307637244,0.44235791115839074,-0.08887397876580443,-0.6260519326550137,0.09325080833977906,0.05749511552356356,-0.21306360244632544,-0.3641973766773182,0.9453610445160291,0.08084950060788787,-0.3557651588967263,0.5859175263915666,-0.26771485396766115,-0.9268019281791308,-0.3777141578018991,-0.8606180050705806,-0.031163158705434225,0.3154682213379403,0.015248789307538506,1
-0.5846088209004374,-0.9851058046743922,-1.9326656801979871,-1.0928342119192929,0.2643801390865477,0.1334570938765706,0.1009294203725678,0.1811985590631134,-0.23722699395302418,-0.846627246090338,-0.056258778522775756,1.2909411208874402,-1.987608484559168,-1.0704661706446963,-1.8435941333279195,-0.7465116813181462,0.48371117536393393,-0.1826771520811772,0.4456820405970491,0.30983924044926964,0.5367268755621277,-1.2044678030571094,0.1885381353559972,0.10049137814205593,1.9442157408889282,0.631361941496777,1.055323737214097,2.010337597602761,0.09143132337075806,0.5375656134492798,0.10094972787815343,0.9331496692085598,-1.7876588882820834,-1.6508298061300637,-1.8489739469935225,-1.3032238027538114,1
1.193255776768634,1.3556218683978472,1.678329357754779,2.084679780712804,2.409204259217658,1.5920815642869728,1.2890072514427882,1.8193605486059026,1.5814478161729533,2.0428294642283973,1.3897698228978694,1.0476351220162488,3.18939616145065,2.5245479423897015,3.6858629418600066,3.279280757548909,0.4558344084250331,1.0196936288614133,0.3703778324809105,0.6418664269622523,2.2863013738950047,2.44466955000402,3.0942785683722307,2.520035829392934,1.9746244654807814,0.780376251715757,0.11683649322115623,0.3508504937648773,3.2986879662625985,2.687964412078093,2.1573901018171173,3.3184898939599106,1.0140753978068893,1.2992128262797693,0.41098497836086173,1.0264552559121445,0
1.1687373659340834,1.198854262125518,2.5416861673719247,0.9229238433348288,-0.13843666389899464,-0.8487106673601478,-0.4415285418315143,0.2558129486213707,0.1730297943774533,0.6511857201382012,-0.8357265070916691,-0.6119107483823029,-0.12981051828431953,0.3124745319931514,0.6801028873348224,-0.15954252532607233,-0.4105771942102651,-0.48700731317513607,-0.9087112206526693,-0.8102560956287299,1.598377025766199,0.26134539025875886,0.5093861090624698,0.594376199108722,-0.9000034063324968,-0.3359582811761762,-0.979031186025976,-1.0597096544348192,-1.6469707321848541,-0.15028518921739842,-0.6804506123812337,-0.26514696407460336,-0.7324796076706894,0.4765542365837581,-1.0064788150792823,-0.35469702029325334,1
1.1338028629878667,-0.14639110788811227,-0.6692261642289159,-0.5574892240468501,-1.2129608460203856,-0.6760046355341262,-1.4443907858229499,-1.3498099577509346,-0.8312818610990652,-0.9765021388085285,-0.46896233130525183,-0.2120136066919343,-1.6972687604066292,-0.605304920524415,-0.96162972998634,-1.922079198048404,2.4141948815721395,1.313518202816028,1.999052556784202,1.3987644768624032,0.2500967360718967,-0.44461201247196597,0.21483785372220116,-0.5841737029974938,-1.35367595664965,-1.5819753161175778,-1.1602090495835564,-1.555406627953623,-1.2464896166388202,-1.1208731842864859,-0.16662115557467158,-0.09234084133021758,-0.37302112336463855,-0.9193829368079326,-1.462382389842521,0.6660832957089161,1
-0.08264538609649036,-0.6304751306779173,0.3114825520093987,0.7100447148703556,-0.5910968038558229,0.9270065413724161,-1.175259564730849,-0.3040413182821585,0.3628351905790485,1.8216580141175256,0.8844487020490946,0.689750007307575,1.4516209090120273,1.4223608829107444,0.6699440406149876,0.5182955579766022,1.559865024332241,0.8689041641094019,1.7515150413867335,1.3094561063793562,-0.19960311115189258,0.7602745725494476,-1.599263673402962,0.2562768816955841,-0.072222553457317,-0.50108846117765,0.5392020199080769,0.3184477425882522,-0.8243407190301532,0.15468059026540407,1.683954709436685,-0.35253546433691285,0.15514917466812492,0.5042313778387482,0.4019599237775653,1.0145340856776166,0
0.3684008575278,0.1997507059022828,-0.878662868385686,-1.6418217641680926,1.397719958154481,0.8312723218435308,0.48318846438503366,1.5038704000072953,0.10535542867248875,1.6168897613475617,0.4708236764012799,0.025180597365692156,-0.9139264335309911,1.7732703660256386,-0.7193220265404526,-0.01895907732484738,0.17267929203226268,1.0108980759377504,0.4918635818748363,-0.4609070803353607,-0.17187778877729928,0.07091209421598035,1.1509913671643484,0.23971254839329278,0.4199126224646552,0.7921154580364872,1.1271561503137129,1.3187545277110146,0.19386561335763444,1.431992786352947,1.1649810874279973,0.2202828278627232,-0.7833577446925418,-0.3382798646324981,0.07539341557886768,-1.062880943464939,1
-1.4026682512379258,-0.6242371136991199,-0.9941621313215968,-1.2186727505762642,0.677648494525465,-1.5665603310377962,0.3043708437551632,0.269071229910455,-0.39248732785229795,0.6112005022278488,0.09371396127893511,0.5779170590431689,0.8587216082123956,0.46248915147403846,0.7360735172878757,0.5136270164855342,0.7712260322658552,1.3141761551808928,0.06359345781020298,1.8223907542064468,-1.0600592794705235,0.17798910615782182,-0.81557872186603,-1.4525532387483688,0.9688375378397012,0.09699333873021566,0.04461997299862962,-0.41958526142064956,0.4296517857519055,-0.38078189330452855,0.19621780947772013,-0.5475999265924654,0.39712553915767795,0.5837321425410152,-0.21032843074562893,0.6090001345032205,1
-1.2034520423992945,-1.8731006447013199,-1.881066571084862,-0.7038511552595184,1.153289335715243,0.007400362896105855,-0.12230001933106925,1.020626486706762,0.6833826275025077,-0.1821391391563631,1.1135470864276356,0.4473158450443966,-1.6665069262135683,-0.9353919605011611,-1.4063265039155475,-0.6267699343815816,-1.0870899359868962,-1.3677483237789525,-0.8839597826245694,-0.9587846773518726,0.30311998085511926,0.4093839893672701,-0.9825504402135387,-0.5290466869255165,-0.5507028405853616,-1.107293714196457,-1.3544846846625322,-1.0888694237152243,-0.3694979130749559,0.6523353307978862,-0.7208398153002132,-0.029635171915437856,-1.128696954310023,-2.2691743335273116,0.058108352444189174,-0.9095702478940015,1
-0.0950403502563682,-1.3791286044565363,-0.7940281241095527,-1.2946210371069091,1.0813144712844938,-0.5625852982544658,0.37538416963263743,-0.15031143112328743,-0.31230367297019823,-0.5033529875876286,-0.7266670421182959,-0.6663347025313177,-0.5288034992194365,-0.05625691155724977,0.30406606793787566,-0.45496622199365033,0.44445780351132397,-0.0455423034209067,-0.064116604516457,0.17680904538278489,0.00010369430739541502,0.03990007412819203,-0.5956999565698273,-0.24104856214218962,0.05670716237679882,-1.4071190821922226,0.014233730889201412,-0.8190778127952869,0.46384621881523064,0.15835078695749547,-0.00738594508920604,-0.11672123201334283,0.4778707671539816,-0.31205240505500065,0.4627248254535334,-0.22601077323034507,0
-1.639138872529509,-0.6837534662623149,-2.243462610592824,-0.8791232732088441,0.34321942596115984,0.3056542230510236,0.8162880780797787,0.6065910320444948,-1.059414280923651,-0.8664923687462726,-2.178139005504704,-0.5109334801340638,-1.0594250027128533,-1.6117420073654882,0.2231890787153996,-1.140944559760716,-1.988281704941133,-1.5242795112166676,-2.6697058135666722,-1.8191280711736657,-1.4340096063118708,-0.28243525798988156,-1.4834244153274956,-0.8356335874962467,0.6717904461772352,-0.19479610674898734,-0.7781585923354402,0.24537011447762688,0.06256557785692034,0.16845185443327695,0.2225767700385482,0.9655837076409509,-0.5092480457979462,0.7416644936372627,-0.2792793620805612,0.44387102397453604,1
0.055570705521687636,-0.016628314593749884,-0.3711365288541199,0.31898171574937867,0.01391089154745959,0.5262477545080637,0.05211074416227301,0.2550116906062491,1.115283840817977,1.3950167829255562,-0.34139865288863963,1.4192162209554802,1.0975930616911247,0.9006845998641273,0.37418006412692023,0.48430838799182235,-0.16310699738061504,-0.623491282475945,-0.6730568499876219,-0.5909613567999642,0.9710973057508149,2.1539050766810157,1.9466252850750423,1.5664240829299152,2.0894647352751585,0.4247529836848515,1.2674667173382241,1.722134165626109,0.25047273994800645,0.2836335557301508,1.2065182853842715,0.6164709488433187,-1.196003558159568,-1.112386710074823,0.8749853434072064,0.1802523802998392,1
-0.09003370846758764,-0.1266929492261133,-0.8447828914767641,0.3237486951203969,-1.3336599760774657,-1.2582966853830841,-1.891263178789848,-1.1008113783482585,-0.9540698117480784,0.26395976931465104,-0.07715424293437066,-0.9503155258277033,0.7217875037533327,0.3442670853171413,-0.639667429179292,-0.5277407967984115,0.6545616314015628,-0.6300683184928287,-0.9891857023558623,-0.25937891932274254,-1.556390116690671,0.3690271106702965,-1.041225904947159,-0.9048760897162713,-0.44680336600552145,0.4444134389397955,-0.48273808457718864,-1.3160294581446654,-0.24645264174375078,1.0238104279689624,-0.4822378798623747,-0.2370532309908544,0.5486716262525371,0.627898841072102,1.2712626532960238,0.21463674230152716,1
0.2498807215313403,-0.2752045766959539,-0.29900312605967444,1.2683861946559107,-0.42221902478711926,0.21197329193432232,0.7255198603336067,-0.07887182532314244,-0.4872193898773994,-0.15035576057709732,-0.42145487529693976,-1.4798778107135346,-0.014075159552457334,-1.1538399773928187,0.17791968464259306,0.3462030683318232,-0.3580227927754413,0.9278414824306566,-0.5969511212308265,-0.9891868063415538,-0.9261484718088189,-0.6985537517065882,-0.7211749353744473,-0.38592032816321287,-0.7031156083765784,-2.017467085619439,-1.3722551951448976,-1.8031318059783343,0.4203520282063021,-0.6275989454183922,-0.4064422720045952,-1.074249781730421,-0.18959026096114684,-0.58352235624941,-1.536425766606655,-0.6978226908977373,0
-1.7702930096097351,-1.8607703879070017,-0.5670791715773833,-0.8062128606417225,-1.124276890851941,-1.4129038741013649,-1.4843352008137385,-1.6453831470851084,-1.0554331056401827,-0.5738317851311748,-0.6746323585964025,0.39532297187418824,-0.25661828624334165,-0.4738666541841533,-1.2511022438182704,-0.4467752665181532,0.01936255548745968,-1.1175085849475412,-0.7033282112693495,0.9942147706904397,-0.7389658095821559,-0.9193594600035689,0.4227914080381487,-0.052790435093464746,0.1386800635331233,1.0145167550609933,-0.055176712596922535,1.5413905061187423,-0.3950623198556549,-0.24375457801378114,-0.4814641137193754,0.315730976593992,-1.095738503022112,-1.1021033019349307,-0.2657669251981534,-0.8497057335757396,0
0.5316482335208347,0.7355073188628987,0.006326982565561144,1.1351566639843327,-0.567016693248919,-1.57906790393093,-1.1787126267371428,-0.25767835764959723,1.6699347386196772,1.174619566569125,3.5505781890059738,2.6631567776312144,0.061901387060357464,-0.3099107448850562,-0.6427966872607,0.31595838567800677,-0.633377476056468,-0.2990828861146327,-0.5807590083574561,-0.847194202751647,-1.2295850708916034,-0.3049707415120782,-0.6732188124930145,-0.3298102581772133,0.23415061994261102,0.16871178143827256,0.18878358030943956,-1.1205590061485566,-0.4314292061032017,-0.6430828770049364,0.03862188797529661,-0.37879247409780564,-0.3700223593976206,-0.9141426199138876,-0.16973006149368466,0.5187548886483712,0
-0.4081143223731525,-0.8427067541613893,-0.8997564207321028,0.13252247453360988,-0.37342330257377393,-1.1516182627336762,0.06756114656094254,-0.11833262295137192,-0.08418533430037871,-0.862822212619053,-1.0724876868778335,-1.428967268544517,0.8664585372946475,0.7300798634276516,-0.2075796086578879,-0.07434160721993147,1.0037837916174872,0.8776529765254192,0.5172034973182145,0.22699421129137537,-0.6635006699951081,-1.625892176679341,-0.8805422070423689,-0.5281542649818821,-0.4417469173436383,0.9346108570512682,0.07596857034509072,1.690425953631109,-1.0233137024919012,-1.6396583918176812,-0.7100136264029333,-1.521978036663924,0.014601900240692923,-0.3942085245603377,0.5676656495633374,-0.14137937353638116,1
-0.4897809849110224,-0.3207529126613181,-0.1594601012351931,0.10710800419525238,-0.8979348206277549,-0.013233322704580271,0.32916842593843515,-1.4749443047114095,-0.5819391355928404,0.1768908449402885,0.5015406659854429,0.14863538342354654,-0.9493989373178864,-0.35269349433627717,-0.4498047703296443,-1.2489995365190563,-0.7728051413935081,-0.4517545816267654,-0.08363756524270181,-0.16292350664666633,-0.5907101301340324,-0.5760963090315117,-0.25120884729944026,0.7675456325438945,1.0644662324303729,0.7415447631041903,0.6240552499511068,0.06870086674874266,-1.7409852829923043,-1.1873611252255682,-1.1174209611815011,-0.3644233587196347,-0.24734013589856435,1.420590127867539,0.9613369718021806,0.18022282099330456,1
-2.1677334021750436,-1.0249780917391462,-1.5527868961469309,-1.3244642130425661,-2.3749187819525965,-1.9968821917874413,-2.848492625328929,-1.632280706640615,-1.0633399855336845,-1.1226472448351335,-1.7110734995193344,-1.9703772350981084,-2.4315339534475444,-1.625549364843636,-1.470673666786626,-1.3910860395422144,-0.8187059544654868,-0.8928055254853846,-1.9725531360882014,-0.6612364487679916,-0.41992036490306045,-1.3786493444890435,-2.15186889130949,-2.058449305618913,-1.4117366055170533,-1.7718332465914743,-0.8345286987456905,-1.721251683881896,-1.1349464668788192,1.0258485674568436,-0.23397338604950582,0.24146829465889005,-1.0281096209204599,-0.627385075279376,-1.4907924487229416,-2.191877362583582,1
-1.6035990702507559,-0.7770454432651924,-2.019301905016767,-0.9872276602496064,0.4777215056123314,0.13296871782497946,-0.2942494889469456,-0.572663623388027,0.2069671063824006,0.4155195042181792,-0.012007195516601829,-0.4451860480049705,0.68269667948042,1.3171389440655423,1.8732624055972875,1.0357380122700912,0.6518652504583098,0.7574611640242432,0.10056554713898927,0.47576219516016033,1.1237830307767886,-0.7068736641628452,-0.6280896676966577,-0.01876459595632664,0.12437908856490791,-1.0648520277203855,-1.2722695288874701,-1.0761043933708776,0.46642153288892807,0.6014777769843169,-0.33731090396960045,-1.0221692265755387,-0.9104659942807036,-0.8176287737713098,-1.5448655741024853,-0.7432640237887058,1
-0.45998526430351827,-0.9055477310792508,-1.4349981248879462,0.6480682459077285,0.7966799669471398,-0.10278842304477084,1.132694130287046,1.4242660651677377,-0.7393462282415499,-0.9163472490706867,0.11300725372617307,0.67088948880687,1.0789296054286768,-0.5636582939402253,0.19853813917735058,0.020530482958563526,0.782950474614613,0.6682123800263494,0.3753271159396602,-0.0850648983275903,0.2788482875321648,-1.0048504047444375,-0.6188750421092449,-1.1070843806273822,-0.1304491370628805,-0.26158762131767194,-0.5321852455224622,0.5542999268146326,-0.763007038641433,-1.0469077911518354,-0.8437277152498058,-0.8642822055083822,-0.030502655668232792,-1.2218204804007584,-1.5818911796390862,-0.7910404777909972,0
-1.5026741592129078,0.2551622544876141,-1.1943898116581944,-0.5303291455019079,-1.0914055514622198,-1.320876918566608,-1.3679511876971608,-0.3817159492259783,-1.3169743841112795,0.20822802739880716,-1.1534977185661048,-1.1025101117688343,-1.5907892432198012,-2.6178708212572084,-1.5427769809129035,-1.2941050874740878,-1.3318335264310721,-0.5823932705927194,-1.206251484070562,-0.34445357483511846,-1.4789395405277397,-0.30537324452273285,-0.0020909514378044235,-0.08215423789619572,1.5306668449121217,-0.199076068327925,1.0834736183702365,1.6486566058279857,-1.3616324918409326,-0.8413621592027494,-0.8123455069762917,0.29991747728808127,-0.5040374042622406,-1.375518159893735,-0.9850311760877196,-0.20168950081425527,1
-0.9955461163773139,-0.12062171670250489,0.8549122399607112,-1.0790409838692914,0.05690294874441338,-1.5113500983596115,0.21674390990663162,-0.8286422566848576,1.580768444363937,0.49587047139918555,1.3114187868555198,0.4484500210883851,0.06658638614069044,-1.676170958158036,-0.37111278619395316,0.6166275074723226,-1.05595916699455,0.10733871177558928,0.02601019452233862,-0.44842266099225964,-0.9688784961462634,-1.599450254595731,0.1504317715086707,-1.356605000265649,-0.16986339081444118,-0.07436400853151443,-0.07191196547144109,-0.14869445887175617,0.5761259542743108,-0.9773815747524575,-0.19683836955181808,0.4035587600576293,1.2200867969974665,-0.36411723203678303,0.05372329273692405,-0.05917064934510147,0
-0.09118362443080733,-0.8047250751792886,-0.40376081258510305,-0.12910675705216407,1.4433674983539257,0.9178331213967618,-0.5050258673122859,0.16866263984989194,0.713373639441427,0.9757217574915182,0.9705590040790157,-0.17809448178618295,1.4989718422828335,0.3610688110813703,1.1282138145752472,0.4629374288410129,2.1637406047921037,2.0990473829860603,1.822719574135204,3.0664305033221533,2.057367630827275,1.3787668022479342,1.981220521683844,0.005292760864194634,2.0084270219425653,1.6628144169941665,2.4439126483928835,1.0330984043742377,0.7702048266430078,0.1200193375579383,1.5081344567394086,0.4563988654312435,2.10033345553683,1.3844136340596647,1.1822137163335398,1.0627516197396107,1
-2.2511215890030427,-0.13083121741427794,-0.17647057703395475,-1.8238250540535657,-0.404008092536465,-0.5158516262236366,-0.5434847396846019,-0.6256118072915087,-1.936600320855443,-1.821206754751875,-1.3491746625758068,-1.3390354836665552,-0.7963324962849484,-1.2139975927716093,-1.9546602949678995,-1.0269625117763261,0.8571666215702484,-0.45783715992534596,-1.5553272412501076,0.338045296678135,-0.4329924599354785,-0.10568298443356922,-0.6657374112528562,-0.4018067111809512,-1.9933253948908307,-1.3102150893793878,-1.9858822949244626,-1.1319891809576503,1.0551007290190098,0.1903401838532387,0.6077072085587284,0.17488575691107353,-0.6358037861609155,-0.46005943203880484,-0.5970477148934543,0.17478694760267122,0
-0.22882863431662906,0.14998805738762827,0.9744807215380712,-0.19489633995274772,1.0557287447172223,0.9546911334737463,0.6561651436072993,0.9190241080975905,-0.21597718725995785,-0.897258692155188,-1.7417046982548698,-1.3634527265802368,1.567396515724493,1.1244884605814098,-0.3935713798765326,-0.13008805558757788,0.07245642720817,-0.49444106805344,-0.08576832216416927,-0.3546771177425152,0.14544402584800198,0.6885416212875506,-0.40779449443120763,-0.6586977927319755,0.5643182883189883,1.4859591855428609,1.668664987017038,1.2379467752687217,0.22610426988781962,0.7301827540872093,0.25565278926125307,0.06758285206138044,0.7594436946045481,0.8857721322703546,0.9712371456528024,1.0804887078668548,0
1.420334211507902,0.7485036483330035,0.8612913187499712,1.3940715648701887,0.42129546968370046,-0.0717205057937346,0.16092970343315333,-0.626024405361299,-0.4095261535379216,0.44856365541921833,-0.6332213474124417,1.5686604725124436,-1.1928442398220034,-1.0088209661827747,-2.2111944000753505,0.0310950986981526,0.5191442397565362,0.14666019845332534,0.13659787886600716,0.03070659963631111,-0.19802396239394832,0.921437064859062,0.8952981182526378,-0.20616697238358123,-0.3073138355532878,0.9741224401806561,-0.6129402209614313,-1.0803344390657945,-1.135555098577956,-1.5714699269432393,-0.5133612087999897,-0.560944125204675,0.7816347496716229,0.1033505645884134,0.7509496889654906,-0.3383467388699034,0
1.0611762317589073,-0.9492618493884121,0.5883781980773718,0.14152647574823496,-0.6168862115818361,-0.966459566236226,-1.028328418084079,0.050581805276549985,-1.1076958111531248,-0.795396694281224,-0.03183587603970428,-0.9748347649546532,-0.8533371701195505,0.12254913301356359,0.375860259505325,1.2615108365297394,0.08177926674148986,0.31149786780015615,0.060584607895755954,0.7021759184324099,0.9879908390550691,0.0695594229173156,-0.44572491566314837,-0.4862012275436993,0.41097011338195905,0.8047085671802414,0.8220529510164651,-1.0216212954822699,0.541645701564034,-0.1220051831014429,-1.296427096361097,-0.31099214352798743,-0.4645489816676093,-0.4737259648039239,-0.5848999090007252,-1.1485067140900231,0
0.3820896339424813,1.3239103871384952,0.2979234333281796,1.3576694797426978,-0.4867155846507913,0.8953866078611842,0.3175424299162515,-0.4215446161476612,-0.18249344932150538,-0.9338474754128259,-1.3297356192061336,-0.08424750296760102,0.2718205363721207,1.0761617058038309,-0.0009395471963858429,1.452369696812533,2.2986928316835384,1.3485928678513879,0.7682244884156098,0.7074568064221946,-0.3877756850635398,0.9888534793245665,0.38209102841087017,0.4888876049997469,-1.24641188040964,-0.1784311284859568,-1.5166534999596895,-1.1493763147502025,-0.572547521176962,-1.2626375863674508,-1.222249602749872,-0.45046114306039986,0.8648543798238769,-0.1670842613021721,-0.7801458327163381,-1.355501751323583,0
-0.6118521708569026,-1.7766861991645295,-0.9312135361708987,-0.9274899617167837,-0.5527342778468903,-0.1387022316624798,-1.2890283538769485,-0.3837918509564519,0.13458785099198592,-1.6061449097162002,0.003221053948805911,0.04935946470563442,0.43821384626210486,-1.0975997695593127,0.05158007953027526,0.7940229520808891,0.01923330883039315,-0.8797882910084256,0.673609346880075,0.5461284954735408,-0.15344198795371675,-1.169560227286741,-1.531389930982261,-0.786514586001119,-0.47923398457669364,-0.17854348354410055,0.05779953917505702,0.5435982114547129,0.21379635553812812,-0.3259320514104828,-1.3473949372661638,-0.9434124073366825,-0.78211094130405,-1.5248153208706932,-0.11763162486695135,-1.1654529921460592,0
-0.4227893375318231,-0.03273344456688835,-0.8262543024655469,0.47750307007323917,-0.08916864133400003,-0.03259706670644451,0.2758646880865127,-0.4246434265054936,-0.996641363616911,-1.3905852186148533,-1.7876847292951696,0.4221792503295108,-0.6529073967889538,0.30674756503392187,-1.3590564218482923,-0.7679558781310156,-0.13824654617536736,1.099380311244379,0.30596573235360314,-0.01862352512200952,-1.1138848803441947,-0.8550147156911535,-1.62841285236032,-1.6532444303300946,0.08304174371318984,-1.3089839271271708,0.04678740435622791,-0.058877759567997456,-1.030577087796955,-1.6488310466889238,-0.07274696947757268,-0.7438429984554134,0.6193380460128288,-0.5644589890564261,-1.05065073679315,-1.073073082383427,0
0.5500057264146363,0.6338357989037463,-0.9510085383157999,-0.3920690617139417,0.044329002873923246,-0.4209492576797698,-0.6285046219752569,0.41276074936999624,0.3290930345619047,-1.229456518392985,-0.42260233733313796,-0.7915033073490466,-1.1040577948548793,-1.2734366339672765,-0.9055467441695494,-0.6494665584078753,0.6036859494866494,0.8766346532962608,-1.314627444552626,-0.6742340007137101,1.5295147645751057,1.342557394462439,0.9148782457511672,1.001724259328596,-0.12112449940449369,-0.47702017099762634,0.5090601949114322,0.3371663046022545,0.5758781556074648,-0.012736184019509204,1.0915828025076928,-0.9324325256911766,-0.4413710468559927,1.3083966026136464,0.7255925816184748,0.2746758421913862,1
-0.12271706753116968,0.04425064915155017,-1.1763036778638907,-0.5259578454757643,-0.004346385589969728,-1.4534035322975647,0.3240234356297731,0.25718439691796047,-1.3183368612984327,-0.99237165673491,-1.8559876056644935,-0.8650854104724558,0.16364387086865598,-0.18362741106970015,0.2972346558286236,-0.2730987666331507,0.9210487219764331,0.9374127301722862,0.2688357173039795,-0.5914043865196159,1.1949229901267868,-0.2857292925297804,-0.9294662955509579,-0.5188580819130753,-0.35698543393848725,0.9892775242079312,0.3490641989416741,-0.8750692683440271,-0.598362657733978,-0.8188709242128245,-0.11349502022535071,-0.058299130060640275,-1.3705555749983518,-0.9085395551509081,-1.170946347256247,-0.980151188457866,1
0.7799900324211742,0.6381568548147202,0.3817441431793035,0.7725076618164461,0.11105509113686832,0.17612666529832463,-0.20603414662565547,0.4418916029599665,0.8214714835130917,-0.33399755022339855,0.5333368191012492,0.4131596960148683,0.791258474517087,0.19433401820216514,-0.29189443627209544,-0.38139932614600386,-1.611987662541284,-1.4097426141531846,-1.254187613728369,-0.9483009974529808,-0.3342092861448718,0.4500297236542535,0.20781856831705936,-0.5612710231742416,0.7559319183355597,0.31597942110202465,0.2652401254356525,1.249312753783023,-0.9537759495324305,0.0014954887081586432,-0.434334296026114,0.5984570360140246,0.0793090097895435,-0.18104327622753735,0.06280987599243948,-0.38745904152557054,0
0.10573872702891482,0.3794432864182468,-1.2279766455141918,-0.26575288296611377,0.3458401736995711,1.4929755994833283,0.08015447057752792,0.17300423928670872,0.25572673479245933,-0.6494410505149182,-0.38219008660488807,-0.15768165279573668,-1.7037987591893409,-1.0737372572962738,-1.2033347530102931,-1.5319021520230172,0.13087723926036615,0.39503048519001543,0.7696407015394912,0.031544455555396145,0.03134184078214831,-0.960131737236751,-0.3499523030616658,-0.588153562762313,-0.8698616149478074,-0.9203208123863937,-0.5814267321389944,-0.5874796401822504,-1.853421871552016,-1.3465370957430431,-1.3594858859937695,-0.5890339311798488,-1.4896607686471934,-0.2728663333246729,-0.6183718499241909,-0.330696310841696,1
-0.919288573245767,-1.5137272341291965,-0.36865100462211065,-0.7265343977872055,0.039087300082451766,-0.7250795152135373,0.0035554697198955055,-1.5801193396747615,-0.8556430809314857,-1.5051091486587578,-1.185225555314079,-1.386351550313756,0.14546399524970802,0.02915979584816295,-0.900675952795522,-0.13585085546638026,-0.7777781295303241,-1.8730057890393181,-1.922374243489351,-1.584667556058649,1.0221496358021744,0.9092489876693315,1.462513410727154,0.22206433187758848,-0.9164521789122557,-1.065042457976333,-0.9025075816006803,-0.5625429187938378,-2.5459791066745936,-1.2434043705090734,-2.1778749361852645,-2.102697639500034,-0.13738895836953668,0.1731117780188638,0.1572240656829859,-0.42214823851293887,1
-0.547688080341336,-0.04234013255010498,-1.3983422187469596,-0.4150725856386801,-1.8647262495929873,-1.529298069270234,-1.0961395469127782,-0.8554387173720528,-0.7713164791483432,-2.1611605813984456,-0.8505775398102643,-1.5954260797898054,-0.5424846836959513,-1.2210906314145877,-0.025937706266104057,-0.8250013598599364,-0.5324859575236885,-1.2899193826224977,-1.087837464343296,-0.8922262611317753,-0.182085123878122,-0.8093544712778732,-0.4242295020171911,-0.07054583589272924,0.8325721013223243,0.4746341111221934,1.3553828645813564,1.1992286002115429,-0.9318009555499513,-0.351634160678952,-0.06894358428738324,-0.37565600834155904,0.46685844037897684,-0.7317577509114014,-1.2606571878373891,-1.7623497022486987,1
-1.2069087655362183,-1.867480124722737,-1.076541870490407,-0.7490775828798208,-0.7428286316250318,0.12977787291466425,-0.4302116366769106,-0.2047799811291965,-1.5133879452074213,-1.9029910811289157,-0.40032596242751667,-0.5369521010227055,0.38272570100363107,-0.8768911122177033,0.027545267634762442,-0.5428412879219082,-0.4216342942982757,-2.452502778718588,-1.6599155694107859,-1.788792766065424,-0.7197305183860804,-0.6857467171605081,-0.606321994278755,-0.36996018859879204,-0.756767527945226,-0.6294278845776715,-0.38181232832380163,-0.6759721805335684,0.25724525206342946,-0.7987105046539159,-0.5628597299498199,-0.9800748625181468,-1.640693241746318,-1.592629647111731,-1.6683773863040106,-1.054414420980945,0
-0.5396825313787939,-1.0374026932973166,-0.7899823973772155,0.5405187983968734,-0.41688952864190737,0.6362734727106883,-0.5724562130294354,-0.7402354230488898,-0.7278081950242292,-1.0637938581441075,0.3953941307989507,-0.18453387749838943,-0.704212348899665,-0.7333845761756265,-0.05341378603350283,-0.956936605008476,0.638509385812083,1.191428291190203,2.4078832588736234,1.308152910633126,-0.7743105593362268,0.3112770981192038,-1.0411766968655882,-0.5002099980042332,-1.2769882075014165,0.0046349114121301055,-1.6949526640766783,-1.5130966030394757,0.3555083197323953,0.2820757215194589,-0.541115087562547,0.269631614276562,0.6195675680584588,-0.13277101731192786,-0.30931290402478573,0.24814820689952566,0
1.3171775296118196,0.6232122026435122,0.7630123159168679,0.49713871275812116,2.2723036966999506,0.5862481969160201,1.2789709099330997,1.583233293775212,0.5085610185984393,0.9123328618262789,0.39516707298023845,1.5406605676608445,0.8311332687751805,0.8565826086332985,0.3813959042759103,0.7125833128367841,0.35480006586619806,-1.0424241670120475,0.9770952796407608,-0.5944975336867708,1.4077943078873647,1.5730676000486834,2.182953380862893,1.83017988856262,1.0954857008614154,0.5884755252063474,0.7619000162542581,0.13126580330187942,1.313933416098565,1.1751034982056687,1.2071162239361564,1.5412892751923606,2.6633891671056196,2.2036278423086886,2.9443117590588765,0.7758041490610001,0
-0.501370640241574,-0.887215089142433,-1.3009514678453986,-0.29019503526504076,-0.7278383990449939,-0.51201960448443,-0.9367495799367813,-1.002039162845783,-2.5558491448171705,-2.0360826143998683,-1.6556123012490496,-2.5522222663283256,1.1055054966171391,-0.6144626737691543,0.42823975495128913,1.4226195151885177,0.3404986397818764,0.29728851827135494,-0.19761632902536122,1.0888660213106154,-1.1928481678286251,-1.0447944648761283,-1.1629619081370326,-1.0753001847543624,-0.6572364717918034,0.133429766693784,0.42921592670325465,-0.005248951525220752,-0.7428594631638492,0.28303615220358813,-1.01534092354172,-0.770614079149144,-1.3671252379574441,-1.186371286173933,-1.457209856196433,-1.078218460878501,0
0.8154065774860443,0.8486920356670008,0.6747509144367728,0.7872485988660073,1.4994248875853993,1.1138756660452158,0.9911178022228135,1.5429377862910085,-0.18987391605728104,0.40850308630738424,0.1873335913282619,-0.0796815391722098,-0.24937608528338723,0.6789924383299655,0.10642852747135223,1.420080840187356,-0.0159627172569772,0.3611912978258621,1.054804051999469,1.868194696897418,-0.6082208918863691,0.11150482693471112,-0.688419006879832,-0.14243182570878377,0.8082175105016465,-0.8573757390376257,0.3764655853691471,-1.003640104021585,0.24797576605847627,-0.6514330781935076,-0.8198906883187054,-0.12730602390378493,1.3113197279261304,0.4972386175070447,1.4804553264817129,0.8306686497743496,0
0.9370579587889675,0.9917059658742665,0.1830775567760408,0.2414927654717949,0.48739562530054603,0.949380428760982,0.9491110120446388,0.24276826068158797,-0.4840443187572488,-0.2390864078912324,0.34453110067521314,-0.18539936194555925,1.5056035213356003,1.1862869667809435,2.5854459767689892,0.4481375362675765,-0.2410741760254816,-0.9024372036652062,0.7270455611950651,-0.9122315941836414,0.7019038787944976,-0.07969755470745445,0.9249153330885453,1.744038879123549,0.5609572739527275,0.7356662221159453,0.13814025380879277,0.98018112467666,-0.7556786028807151,-0.9485867721143953,0.9007065912077588,-0.6485460744036134,0.7458898570228752,0.05676042663043167,-0.31263214238729786,0.4132526713294688,0
-0.9589120257889304,-1.2472345426730922,-0.4810362833231467,-1.463459489866111,0.0730404063853571,1.1361397172794392,-0.00848501945393223,1.5236643727860448,-1.2638845979185922,-1.0679349444233721,-0.8271215068802341,-1.0880871539467962,0.5825835085702927,1.5898997667258004,0.744162099684873,1.2596637902037802,-0.9438024069988781,-0.6812403754506084,-0.8392254368168244,-0.3390810953244802,0.04439101287346655,0.9373899213573282,1.3907573699618816,0.6066397840492345,0.9498462092152676,0.9853144448808993,1.0807074566974109,1.8039917167155306,-0.565280190846583,-1.1192647322590188,0.32816681284276566,-0.17566622320224984,2.3626858442581122,1.2117828293593653,1.2747296458160307,1.7690754115073026,0
-1.1979346108770934,-0.8542136166696745,-0.48923960588964926,-1.096758284180254,-0.12881549411431514,0.07600495766942603,1.154326148028874,-0.3130064600563668,-0.9579970249726107,0.004161038727285224,-0.49106474011930834,-1.6300858579144955,-0.20660940300584973,-0.18938244447496122,0.23204924152533304,0.4197948641339859,-2.1744443308517374,-1.6428196705101021,-1.0186687934795453,-0.6509553468490136,2.124987738829358,0.7773281410053104,1.758551675354636,0.4834671184964227,-1.617917469614748,-1.5243476171170454,-2.0911950678792968,0.15450416109087342,-0.656344028686024,-0.465714846231975,-0.8494115165366002,-0.6665268987050174,-0.7276650270729459,-1.7598459343306363,-2.9894333368988546,0.17202553286887737,0
-0.012421145011151885,-0.8632270684355776,0.2988708689560764,-0.052660308575334484,-0.13997838804630106,0.0839245700442798,0.6451921357221997,0.7382155816597703,-0.3280020913578323,0.914997228054575,0.6462044299514277,-0.29750050669555045,-1.0846088647106342,-2.094253818114113,-1.8272947215673812,-0.9321180258549588,-0.7257918933092884,-0.6930060349419074,-0.8024535715532475,-1.0392059996965093,0.17236332990269848,-0.5134279946691127,-0.056582668412578314,0.6177834398951034,-0.14889722608555095,-1.0386515917922807,0.4607468975178559,0.13057316351421774,1.9794496116185767,1.3586345699436515,1.0157177537701676,1.702177997338396,0.1888577083198398,1.223993417718643,-0.07888105601827952,0.5212524450991625,0
-1.41376104375996,-0.4337973628713089,-0.4875784701199288,-0.49133171219871574,-0.31335334989956193,-0.6535604386188946,0.06930608144196782,-0.7420538984594899,1.444991462363977,0.5260340487804059,1.1682260643243947,1.2050950632887394,-1.1833929465182749,-0.0067686895557423354,0.3911665821884131,-1.6379336323812466,0.024294509909243287,0.25517013724952564,0.8065572872142692,-0.902484373347533,-1.0759168985744023,0.5117146991669181,-0.18898017522451394,0.027155895395115363,-0.6320352527242459,-0.8548713137233167,0.18423094513024843,-0.13384364788455147,-0.5342341434895546,-1.6880703112743412,-1.3635812495879787,-1.071388876385473,0.5470990335536127,0.43817128329438815,0.23488581891936927,0.3648698962177694,1
-2.3013259349396558,-1.3816614379062522,-0.506913322080833,-0.6662460406772249,-0.9387444421257993,-0.9426050079952021,0.21949341712719916,-0.04842207191807814,1.7867257444113647,1.2880606418537262,0.07310738505780243,0.4247995420274801,-0.5169846757116389,0.92122870573598,-0.1303132850882291,0.7828743285747316,-0.3980079446993422,-0.8774972766800936,-0.5473985300436758,-1.9948629566103637,-0.811648747354462,-0.03179632748878049,-0.5792253489211596,-0.7856753555284086,0.9440994093325515,0.5561765714834923,0.6246328474852962,1.3102677983913578,-0.11676104267435196,-0.8969206247291251,-1.2370095196819582,-1.2662518758729058,-0.5445508637759985,-2.6257943017964798,-1.9761014875072316,-1.8348734999709126,0
-0.4157743155878589,0.02085247082872771,-1.0977402514711139,-0.1415632680419408,-0.21905196153424278,-0.36281919084188474,-0.7920327354655523,0.5486854416973764,1.284733914801545,0.9298701681995105,-0.5942828116456876,0.3149938054363315,-0.4418167530947449,-0.21490927814929497,0.07521530479934309,-0.14252514649177908,1.3072547597413882,0.8094718111552986,1.2087147956092643,0.8658433980481323,-0.36406331566171896,-1.8428789674289086,-1.0009171513424306,-0.7925946558486272,-1.0242591062497661,-0.8322253234847183,-0.6799038587071914,0.163255011128719,-0.7595487174991298,-1.4763092698186193,-0.8118433455251987,0.2584671012143765,1.3184976315341215,0.5311752312360549,0.3140260262130828,0.7332809935926146,1
1.0184506609342083,1.2962055601896556,-0.42795154613324,0.23821821911907515,-0.9742033726788721,-0.40939033076416625,-1.2891274771212713,-1.0137359310984824,0.2113065395895747,-0.19470404149167772,-0.14784556627678616,-1.2346083576099056,-0.22323030431999763,0.6070661135435965,0.3203625577254751,0.21690585009175428,-0.23434075093331902,-1.1237955226338905,-1.0044516961023906,-1.175059988737161,-2.124223569901066,0.4106654438627333,-0.6759392743470978,-0.11809817625973709,-0.9742337971116939,0.007201756612190638,-0.2082166349719299,0.2972313142077986,-0.9279422148512063,-0.5369788301711074,-1.4146488448484633,-0.5932108356537837,-0.6641054688288286,0.07190558530758633,-2.072923973829583,-1.5276791550345041,0
1.9078595974579162,1.7079981542591203,2.8522231370803466,2.244625863295026,1.6918051108676944,1.2393919768224153,2.327077566754992,2.0856723768897987,1.333980949984957,1.383797342110269,0.07778418086802807,2.2455651075723604,1.6230086721575692,2.18622734207684,1.1079035916280222,0.4911361577298864,-0.21759281247058718,1.0192393556316754,0.9104246688328815,1.952416288099029,1.5477186632015487,1.092903824171752,2.1625060018508866,1.9364582274030353,1.1135282819527945,0.9120998404329407,2.16199258466097,1.7093671034614686,0.42355691118901484,1.037344688258327,0.5479003375992934,-0.20301832987617877,1.6593951339116857,2.2200350691935773,1.651526796745444,3.3124376062990915,1
0.9700384356957026,0.9935842033322525,0.8810416820520829,1.9218248338162547,-1.0771636546413395,-0.9912148436157864,0.06576936632538626,-0.20999608953625118,2.1743294194644203,1.5316113139928165,1.7699271900421016,1.7864013550650428,-0.4974749576922825,0.004373425869284105,-0.49096374820833794,-1.3424641144452492,0.2205877105803043,-0.02212791137980402,0.8616108005398558,0.331758664884705,1.585209623792083,1.9328647606232736,1.4675382256079765,1.3444657670353009,-0.43290493628069077,0.09571289696971126,-0.46279312443282655,-0.7990495313579765,0.464667641340584,1.2173031483211902,1.3258124156409579,1.6027443183858547,-1.2732702285391957,0.14389019703314607,0.12594834380033446,-1.467678093878639,0
-0.35742958351908694,0.6186380712153033,-0.6372051041122788,0.5532083910179046,-0.1708293415294502,-1.10784105600268,-0.3085467108123268,-0.542080757119257,-1.0009983221839145,0.08017831125968475,-0.5465015218321793,0.6537706692844661,-0.7888433396872879,-0.5540430844308367,-0.3832210049728785,-0.16877144871232982,-0.6482037832942182,0.49612708433474845,0.5382958396987274,0.6054520072447651,-1.0189824240415957,-2.538645173384486,-1.888792640699192,-2.560263979605697,-0.26509974980604206,-0.02830871279333418,-0.05847151220130346,0.6387304932492659,0.17441225759027898,0.6325780812373258,0.7429266395508248,0.37588151156545047,-0.020531099826315187,-0.8712235379822785,0.21514533583802314,0.8390092579353053,0
-1.6276870636426917,-0.587998342003296,-0.8933959297727941,-0.4221553385069863,0.37894663460768707,-0.01672276298593626,0.18197243558278745,0.9372052439278094,-1.373913715834221,-0.312931790385425,-2.0497118461583916,-1.8613898003148246,0.2733225637342751,0.14043542310442528,0.30451709208514405,0.5163841707740153,0.19466823194737332,-0.19180811147429463,-0.8839164553431387,-0.389054934486424,0.27384876664658675,0.3143874254433148,-0.4864608624496752,-0.32898768983997223,-0.6645376060773289,-1.129729838041334,0.9193611477473513,0.7431606450722469,0.65859202910439,-0.6388168216319923,0.08520092071998954,0.8588043920796573,-0.7421268199085087,0.08394454272096684,1.0740111989685361,0.6311870933364501,0
0.1550121880334022,0.6303054244482655,0.07177340312449748,0.27193008642180444,0.2750551135511097,0.18689323335824654,0.8151120530323599,1.2053224556531743,-1.4590738009492803,-1.1856208167554918,-0.8812563344301378,0.4615492484395404,1.0907441025639186,0.08674895417089673,-0.10011153041111683,1.258007412414303,0.3633080347015462,0.7686128038211293,0.5390837928288992,1.1285716835652853,0.21781380350109253,0.5125823296134302,-0.6204146003144022,-1.2667737237668089,0.34769804542047084,-0.0006375377083715068,0.5853610284589132,1.4187254384999248,0.8099624288192326,-0.8323960697527945,1.7863718539053688,-0.3769654242921432,-0.07834227056529924,0.1126394885078898,0.8710290294979057,0.4556587264874064,1
0.03694830809681509,-0.06629306996018637,1.1323206433565072,0.970260177037957,1.0152003493229425,1.9858859817202046,1.7096136614626924,1.6059264421357597,-0.008433187961863405,0.42623854143167295,-1.0403870120364664,-0.3979534654016205,0.5485964517444877,-0.557685346004514,-0.34748883285283744,-0.22448674656280426,0.374544406306675,0.22218629933138262,-0.11772935695100828,0.27788999225008754,-0.419863545740119,0.4811247322377582,-0.22085838063158955,-0.05662177235609975,1.5229516309747833,-1.262143435886818,1.051741213000696,0.8223797779963817,1.2228815913490967,1.9718721265733539,1.6062517310080213,1.4298869769446905,-0.10383890017364718,1.4756785321468093,0.2584705537477375,0.4967307515993354,0
1.4710357941285377,1.2309444150073254,2.093977494776909,-0.03323294251666528,1.4842835744148413,0.6578723050973351,0.1445590182738803,1.0525926375761037,0.4830853002732119,0.8354407992210037,0.8735653302428877,0.762994891178933,0.8603271236569683,1.144803832454898,0.30709847385505934,0.41537015998743965,-0.8382604387780366,-0.012692350047108796,-0.6846109093121155,-0.08674505561889373,0.7654609811147752,1.5954574236690504,1.2808088098162997,1.5609499774556685,1.0184810866812573,0.8217256982111344,0.8199987901843973,1.6534016193645966,-0.5404915433389655,0.8805208471226134,-0.1795506556414811,0.7985335207421798,1.169349907376958,0.7153292287988248,0.09563305846412391,-0.5594507140190687,0
-0.6045179204498521,-0.8089535602495157,-0.6161609796087343,0.23808223067652615,-0.2945915170443036,0.01347872973569948,-0.2534735522524289,-0.3856158498550777,-0.94553071636409,0.8615723461063672,-1.233823510936481,-0.4563112894246575,1.3452925133024427,0.1171247465285641,1.693654459559306,1.0393454221417382,1.1125088071261289,0.2839995349456362,0.972277939563155,-0.10303404503156717,-1.2053058746049372,-0.09009889592212433,-0.5012718407712954,-1.1154638023441985,-1.2962090498968297,-0.49998999222676266,-1.2548899578577606,-0.7402301627497111,0.41873919610772314,-0.01565284361859911,-0.4128000433749544,0.05261398162323747,1.5531264084691212,-0.10583139694090808,0.1556504455651501,0.7852046857748411,0
-0.5863110475278454,0.14796702135973377,-0.07769035752960252,0.28005077003217194,-1.9881274235141368,-1.357412385609651,-1.3884269332879053,-0.37774951174253174,-0.3593738944666282,-0.5007612178535045,-1.209170133857016,-0.4937091917882764,-0.47267785048242916,-0.604842540391018,-1.4806880857644336,0.0026221243701238916,1.4505076305637306,0.878505306279886,1.3116011976229554,0.3129507189776255,-2.1512432123555145,-0.7165950816898766,-1.642518973244568,-0.7558207310646756,0.7667587439188185,0.5259724232568144,-0.46807335376436643,1.1079129932515803,-0.3785360622272435,0.7584976912229157,1.6819075012892721,0.4393375480354846,0.23353136122551363,0.7465845243011674,0.8245385560142746,0.29750382008514864,0
-0.7452642853921858,0.15638943429918453,0.11887083938473236,-1.892665036776237,0.618548077203078,0.7098143683161054,2.2506944623820546,2.1120063602985937,0.6062449974803663,-0.3388237578701516,-0.47046171635258766,-0.3580729680568141,-1.4114225342530091,-0.78298139264402,-0.8881301298049565,-1.7065097141645102,0.7403046477745001,-0.07091604016441933,0.3451168778103159,0.43174201611655366,1.0865247067770045,-0.9061156716553047,0.62957212287389,0.9635697302540073,-0.4927549419413826,-0.9112356557341015,-0.5842543092996235,-1.3555844066050755,0.37680797632211427,-0.15946822958757326,0.3774698109298307,0.7625301840356875,0.09667677004061055,0.124676758412252,0.6153442061358602,0.7810688909937717,0
0.47660460312103453,0.6618656610193329,-0.008821419095310265,1.1132733896958813,-1.8553756287867451,-1.6752703675775646,-1.666503959892989,-2.1877136891887368,1.1114891403625247,0.31123377264275026,-1.1689465988180898,1.2527168445784074,0.36803361843786886,-0.35397010757378916,0.4573487450605257,1.2059571266907758,-0.23332409317551794,-0.44031278538953994,-0.05006859632348187,0.3709168531668217,-2.2451666261463084,-0.7031693482901779,-1.7136758741126707,-1.6840189669171615,-0.6449648677863399,0.31214306663617236,-0.09353856282777212,0.6140449285334404,0.18398778047133676,0.5357670699838394,0.5415479448763734,0.16434959161887286,1.020571192454975,1.1832040566524442,0.924241383350669,0.6409076930487442,0
-0.3398831197125884,-0.5596661857082531,-0.6894770490442401,-0.8224832339944775,-0.27747069317163586,-1.377964954555675,-0.1397521345647903,-0.8797338596070217,-1.6271394666628745,-0.47084235434101246,-0.36972603999933285,-0.681778545861373,-0.8403856455091915,-0.49863027062211546,-2.2562307394151957,-2.5052378464552656,0.3181705931631408,0.4993544205436993,-0.8197960444457933,-0.10199592420960454,-0.39413263345717775,0.7919948367158154,0.5485750906174843,0.6850617282585174,-2.3875786076571903,-0.48393987793935317,-0.7237262095403189,0.4231062395057658,-1.7589145600025464,-2.067878820685491,-1.4678738291599995,-1.685845737654305,2.140481366590432,0.7193533989854562,0.17846780989631292,-0.9404516318638868,0
0.08670875185946289,-0.5313853529671025,-0.10164949119060193,1.989127857333532,0.2858908113650378,0.2865983315513625,1.5461235324389284,0.46052822214526196,0.8047644449842225,-1.0311330402588983,-0.18965830802268607,-0.8294776634980702,1.1574507394682814,1.1830087100049522,0.7025619503960986,1.4750015707192317,-1.1175558254362759,-0.8744515418387934,-0.8577414990825876,-0.5944944930693281,1.6739966193213567,1.9448462171645413,2.3635867518566744,1.1060561157532223,-0.7816201806924477,-1.5297840043726945,-0.19416707975749328,-1.139670714659346,0.4996870531777329,1.6584493743015827,1.7128006071875754,1.0255859082533216,0.4116530539218439,1.4181209672844297,0.2777440497844174,0.5730962714816195,0
0.12804431604652927,0.5244818605792025,-0.14765237838191683,0.8772334169269915,0.3183400222052663,0.25567394430272333,-1.124163984812741,-1.5073286107683381,-0.9377015887078167,-0.20457628164659036,-0.3845315739711413,-0.1670659488361657,0.18691731913827453,-0.8190771106054198,-0.046211824508857136,-0.31643556864260014,-0.34737417253924413,1.308437857404104,-0.2990004199475779,0.06097357313043602,-1.1770412556156007,-0.2290490621751099,-0.8738844225337405,-1.1347630820884471,-0.10806730509267619,-1.0896462885009808,-0.44437098277374726,-0.8517099578006564,1.095066701540709,0.8773849300804247,0.031657877268803446,-0.41728623201321235,0.9624485600637013,-1.5273557623988716,-0.4551923530726994,0.5503192050055769,0
1.0729606084014136,0.10752879121820004,0.798885859273926,0.6249739918431981,0.6833412183530274,0.6508930070107363,0.935891081072953,0.5009709804186745,0.42606661074078656,0.10214634185275888,0.2834358678191376,0.5138012234559645,-0.16345240102020708,0.44954872308726546,0.03381114267414861,-1.1837831114275692,-0.1599153615214258,0.04784572795800979,0.9311476049833554,1.3634895570731407,1.0552386873195474,0.5558364027703152,1.2115343077252227,1.2098193681369032,1.541642192256906,0.5596451621356479,2.4119546981619044,0.9067309402966371,-0.1550701280051349,-1.7163525184301336,0.6654467016017169,-0.20979607150062174,1.6963729348898746,0.1843799479532223,0.932659528798041,1.3638079505853338,0
0.8985392612020244,0.753342032089515,0.808722694471106,2.105130419931289,-0.9853834857344279,0.5159595659516238,-0.2758832576395222,0.1832638357117401,-0.4162666318363498,1.7229772643342491,0.6892935632559452,0.9999101896302119,0.9066760852183873,0.9742479451195113,1.0172532902555087,0.8966108997998739,-0.9332020345543787,-0.9889559805210916,-0.2805583883945591,-2.190561385260849,-0.8383330928352949,-0.6862445722186871,0.32473336477276094,0.03875093200979355,0.17984336922302904,0.36590733371328343,0.26203309263466823,0.5826306649875048,0.8021128042918646,-0.06322391089971685,0.09147114495753124,-0.4103454302997812,1.1172582197602414,0.5642947504317831,0.259476316820538,-0.11753478292657402,0
-0.5792592409973698,1.012166718920592,-0.5958128238361873,-0.9933354723779763,1.7244902915717837,1.6882277265516945,2.0138656780297137,1.1990451713188883,1.1234296713847305,0.800688804758159,0.6470429166213947,1.2049608714118132,0.5559514090945991,0.5863199570324026,0.6036310264322092,0.4855211010669075,1.0051802007434363,0.6098308902557986,1.158284917342159,0.1273479618398137,1.2866719506877686,1.235431647283819,2.0852563344722226,0.5660192135672819,1.4753578110507903,1.0033397534112223,2.235271677205365,0.9706183693653155,2.411923425937505,1.3617571118534086,2.0077917263782723,2.4665473772401634,-0.30936038199495464,2.0624419273647088,1.4721569223376627,1.9214849610961953,0
1.059032905775521,1.0489790479770493,0.7714157621799833,0.6651907632091772,1.3495264758306502,1.8055195035932181,2.8788684214953992,1.0578213893925204,0.6152279970831258,-0.10659557172018053,-0.48361693084527646,0.6925168021868194,1.5826599511840116,0.21151515333361356,0.3143280867407921,0.5434449190423646,0.8844524428870874,0.9826242643388398,0.0985471942386696,0.7158561877975075,0.6013203357883511,0.7367747121665408,-0.16218386746194452,-0.013128121246983213,0.1468762531490873,-0.30984528024325236,0.7390483042684187,0.06223039756522428,-1.2878490675171856,-1.1366236586524185,-1.5097435120093359,-1.1113141596209255,1.0509458503989442,0.30841400286263093,2.141059910405456,1.1841293578372165,1
0.47324038793137446,0.48950381576780966,0.7916468041117104,0.12153682396307097,-0.09145618314959399,0.5778321733008894,1.7601512755332371,0.6796440333552899,-1.5972237965518779,0.32094234749034833,0.03401553949075555,0.016779311404995244,0.48013727949773494,0.6214682484724954,-0.30558553893054674,-0.788761611166762,1.2024655046328334,0.26721610646486726,0.8845838720979516,-0.4628220998502062,0.479628309970156,0.9554440406671227,0.7538095193020314,0.7366158180123286,1.3794556247798657,1.2308538550251826,2.404347667563573,2.264031371911388,-0.6106059753781325,0.6508050819332037,-0.4776958694728089,0.031720752601283854,0.02741797792862228,0.863369507348108,-0.13896596232440714,-0.6010365453174715,1
-0.15976386722740327,-2.0205547169734284,-0.7406339013367303,-0.28008904976159527,0.3316134079343839,0.2846098651372634,-0.676736707970114,-0.6328349731021139,-1.3202954202937467,0.6207970826184442,-0.6653817809644703,0.13488389827264635,1.3707705336202363,1.3970014325536635,1.1730858141169351,1.910026402014947,-0.19373583641858672,-0.1357572650948766,-0.35513735642715505,-0.1498742943904111,-0.5921293935662216,-1.3701511000988398,-0.8650354549521655,-1.23728274133696,-0.20483189958401013,-0.11844675188884606,0.5149955155030909,0.48180918596316213,-0.8371393295630056,0.26718580336587067,0.23130126396313128,0.19321509305179563,2.0375581522264934,2.109593457418595,0.9124378718481472,1.2735675539792939,1
-0.09839133642773547,0.12016547960564386,-0.8448064726491239,0.47704216062318355,1.0259474500829815,1.5061656982494702,1.5913043434553509,-0.1962022933370118,-1.2756865772027597,-1.4922648579010205,-1.311492406888581,-0.6737931698320552,0.39079860958191504,0.8784724752615745,-0.07483482876213393,0.31475694091601364,0.18889766599586072,-0.24432031893694006,0.7504301495135515,1.1331037739428798,0.4394613894921308,0.23090104484168253,0.4241252728147135,0.048452269886669404,0.882990961655557,0.9935556243100689,0.6014756365925484,-0.08173072651467436,1.4380131631528617,0.426391528894951,0.7543576623403481,1.8238096795540628,-0.17616960472275905,-0.1100974368682754,-0.08232841688238762,0.06688786720949066,0
1.4785453340666472,0.8690278245567733,0.4383840236000876,-0.08151051285539246,0.605544502493964,0.6886625152462921,0.24346198182169096,1.1304875571258721,0.2998629100199642,0.6776885821607883,2.1984121430834564,-0.3972205326449716,0.17610633860790348,1.1739298945093983,-0.1489355973969992,1.1070762105345515,-0.6394976060141461,0.5254847170342256,-0.36962108170696134,0.6487227118899227,1.0720968732113603,1.2405051535785112,1.426079176090586,1.7381471274122873,2.1556413992704093,1.2856819879597134,2.0134206525123686,2.0971718758820166,1.6503411943397805,0.9260663685123816,2.3154717788342456,1.282382619495741,-0.46434670655374,0.9169229170779581,-0.1335063130138312,0.019858555366657097,0
0.008047017259797217,-0.23299552817412808,0.9761720502868025,-0.18098970268392472,0.4802386318789871,0.06874913523573743,-0.9376817208459648,0.08552510089544352,0.5621676164277334,0.842666169321425,0.8433784167308181,0.28053245734377447,1.201999707191194,-0.4127634975266206,-0.06803472929893163,-0.32923152223433383,-0.79171755677626,0.2491131972105611,-0.1329392675900475,0.46844672027138734,-0.4447264411590327,-1.2237651404970127,0.21672471702028548,0.19673349984793345,-0.7890516771993695,-0.352688261135762,-0.19866881913127066,-0.6793112803873497,-0.8889362183835406,-0.4830286265841189,-0.7416863043292261,0.23211354521738642,1.0185973087885813,0.8104096839395416,0.9058352034285296,-0.39284572329791345,0
-0.4154328290262122,-1.0232480507219632,0.44600349809106016,1.4078024169307846,0.6727023746236422,-0.05970702786494611,0.29067635111862455,0.7860449392799784,-1.0169391353410147,-0.7989494268818087,-1.9583024081430678,-0.7455726552257711,-1.6929180001173605,-0.32856429125717995,-0.16247577681939274,-0.0020380079859874827,-2.3415088518946674,-2.1671884303033186,-0.8952497921432968,-1.2838050682932571,-0.10411515946510785,-0.5745250524127709,0.22710460976394906,-0.6070005034824394,1.0872552040924048,0.23442982727754408,1.0499263596893724,0.7787076480993691,-0.5458569181472025,0.8472425725419233,0.4833853233539148,0.6516620645591326,-0.8211948853375631,-0.7793874302057362,-0.8962261147410046,-1.0384033759265436,0
0.3287758163310017,-0.054841600198059795,1.0862616612713203,0.3747965596292125,-0.25005570955213985,0.6364641913866763,0.24020795505910286,0.3267610335022699,0.2937980065029045,-0.816833413376669,-0.13563230517402078,0.39885646024787424,0.02870210844127212,0.9375909252675909,0.28576635790267424,-0.022261991211197818,0.21252858202406263,-0.5082403358286259,0.07918421093992568,-0.9260538671074443,2.1685152168755386,0.4768384067557393,0.8112274588407615,0.2974320384202544,0.36482795945566804,0.22661285262448047,0.1761536851239451,0.651481502170764,-0.6087521879847115,-0.03193717116957193,-0.41036304685101727,0.014415656008530264,0.9573340393854014,0.786926132747892,0.8907596690636073,1.6488613144551567,1
-0.3012477586773541,-0.4489036676633391,-0.33927100324616416,-0.6406221157266532,-0.9872515652385115,-0.96251852013741,-2.204743595974556,-0.13863804393757312,0.6806090863338654,0.14866254819249325,0.8373652490620974,-0.04475493281886169,-0.42774597791888114,-0.9002246966206552,-0.7332085962525643,-0.8183103773750294,0.15678190240109643,-0.9788511257578935,-1.566331152038907,-0.6775266578940792,-1.7130357812284087,-0.7900388016415731,-1.2557243078031561,-0.8496283233004988,0.9095979676156406,0.7928132888214432,0.5190153028834018,0.5361851483737095,-0.872667548445748,0.7478760959526632,-0.2805288277415687,0.46740520975258354,-1.2070237148130463,0.6854128193291072,0.6294013891113714,0.26472071576356493,0
-0.4763013957838219,0.7460643738258125,1.101253082239681,-0.6191765333054151,-0.7221061750370494,-1.3563583754366726,0.4780325570013435,0.9706756521193873,1.002635769409094,0.6155747744995643,-0.32712793479154684,0.4976459561915544,-0.18796629287696145,-0.6010086005514022,-0.9244761353280758,0.2653279824121715,-0.4210170224720855,0.8675819345820677,0.9385536658020953,-0.0658162768826597,0.373365991354559,0.7272464618834217,0.16805349977854805,1.0756620944115105,-0.4832064573842941,1.138129443732815,0.23547072283347179,-0.3075821748281409,0.8269945939917451,0.9387575047878772,0.25133755551460557,0.4652728388185922,0.8907226177124589,1.8139130626665727,1.4656886936321019,2.142250350718039,0
0.8999055116619474,0.8871559875352768,0.6903622792312337,0.3989257740341729,0.9046450134330611,0.4391526842061336,-0.7744003360626976,0.03682990782153155,0.9154439336737644,0.6475476603198065,0.3476226479739563,-0.25856383976083186,-0.9977877794910095,0.40594860498869567,-0.3377453305177988,0.4272554769724013,-2.6669718803650735,-2.262034321365547,-0.20102910877103214,-0.7112045908401353,-0.13657722587550783,-0.5410689913534885,-1.2213357397223084,0.3960016971865395,-0.29933958437405295,-0.8125315447216683,-0.46227737923191614,-1.1460130909812698,-1.3446261722223922,-0.2367002009915051,-0.9369167216213424,-0.29862942492712125,0.4422388912604891,0.1103363734363412,0.5876647966877951,-0.514937536938048,1
-0.19706570282483354,0.591287778455626,-0.7206717396918213,-0.7487886459213519,-0.41308267667140386,-0.33118596513783205,0.8264452005822657,-0.9700746297484857,-0.5119413149428049,-0.9819813436410235,0.8024001439269678,-0.074439527223254,-0.8740999571214969,-0.41733582198831354,-0.329228909785992,0.8708858381350222,-0.16154888804065623,1.5338616858231948,-0.3680745118618458,-0.7716875676509525,-1.0221565917758744,-0.6157205855179904,-1.5508461076037845,-0.5656354834021712,-0.1303972210696412,0.18351081823077314,-0.48893213391940754,-1.3343393138532496,-0.2003155139117949,0.7286588993775854,0.43687907097503176,-0.9423438898946385,0.7303814652972132,0.978964836932127,-0.5811293725904176,-0.550338731554701,0
-0.13736610997864793,-1.5477781681863676,0.2132831910037239,-0.48116017521320054,-0.06257559249094238,-1.0069278664485108,-0.29202873696489134,-1.57041243651966,-1.013253465890402,-0.09568972301734215,-0.49755731018727245,-1.3451289760830594,-0.36347644961257125,0.09937845985472242,0.4575701444360968,0.19713424796862147,-0.48525582298812,-0.5949819732563557,-0.3435067474904157,0.33858708119968556,-1.8304035076442624,-1.3390407450894959,-1.8523768816744668,-1.608855595455816,0.17941681353779113,1.9893150594906688,0.9035102506664217,1.4638348992394021,1.1166344151291692,0.2984049184528017,-0.27425249388500467,-0.47077450676769406,0.2268191818868145,0.8675386486462077,0.08957375705571667,0.9098591348847898,0
-0.48868842474251994,-0.4976452936844749,1.0307524515332807,0.6120004254508866,0.03485218785587179,0.36572576440059745,0.561273658617406,-0.8602958455761496,2.001021446936362,1.6354888543363726,1.349862488598411,2.1890871961176317,0.07101334453716926,0.5687125463594535,-1.1405206279334683,-0.9160550614683934,0.984916221607214,0.6296873763300807,0.63814091665878,0.5645366145615011,-0.3839242671656656,0.5558065143495006,1.8176418846829525,0.14092927836720623,0.7077440312026542,2.0583318051615382,0.9977383493780345,0.552364604376081,1.1741096499409476,1.0312376375701706,-0.06033757578493407,1.1331840493642256,-1.2255488103479846,-1.140014403593656,-1.6208314823843728,0.004695338215657418,1
-0.14847380804154245,0.684659087106353,0.20334408144978644,0.3737736217457728,-0.4909246027491711,-1.0116056958928425,-1.0441353196215626,-1.7059833494483525,0.3356682946702417,0.5023649009645241,-0.0145737125448382,-0.9620153062917782,0.37269174741066813,0.07248087456434192,-0.4624175947395351,-1.124254627981555,-0.24498317910797232,-0.6513485431991629,0.09402571244214492,0.21764860420175797,-1.7117100266853242,-2.198362099917548,-1.2673697587641843,-2.00295222802874,-0.4868182572492378,0.022735301986919768,-0.3215207626471042,-1.0778523211583302,-0.006460301400375248,0.43996402376176497,-0.6317054822049624,-1.335826842401571,1.095174597313826,0.14219845396488623,-1.3731781660976583,-0.36062183062138303,1
-0.5886560974687736,-0.951995694226176,-1.0426853022839269,-0.43102522777870517,-0.8497974494874658,-0.7152103645412198,-0.25929322670778215,-0.10433801382538718,1.337107678706264,1.8613381583010906,1.7679103695752953,2.0091525785752267,-0.5032087240599638,0.07421432528663248,0.17463035317790115,0.43582322724998845,0.23627596193100125,0.852162915158173,1.162153484329979,1.3944325412546463,-0.28094521958743407,-0.5412945045575899,0.08960855529256735,-0.4764252111263706,-1.7934431916295153,1.1708699125406858,-0.21116000886181238,-0.3498547285271581,0.6432186699963638,1.9121992472747045,0.7752017036254066,0.6745365618140539,-0.00755741164067209,1.2396019261564855,0.23344304302323093,0.2901940888725559,0
0.7663253375525766,0.3107987557905886,-0.6122013062484505,0.7030326351637206,0.9703475478663243,1.7574889234944262,0.5165885749207758,0.22718264254265402,0.40808034651852204,1.0209913595881048,0.08738974272249717,0.40531079667625447,-0.7552079751270302,-1.7370432844824744,-0.8292596086974775,-1.050060224597429,0.8517135357882594,0.8502674754601174,0.36044085557099054,0.7641109201945941,1.0236352117165348,0.5337070913028125,0.8047616250873957,0.10507293490784989,0.33336175251531724,0.1230119657499215,0.5824218395563893,0.2996170178768413,-0.2574626364513922,0.3832373726408976,1.0772627962824655,0.9259641533806823,0.37427529133654486,0.4559300107532624,0.4990468454712545,1.16911216438074,0
0.9896309058696343,0.1701518458989315,-0.6675258348802734,-0.6241209332396987,-0.4487676738109772,0.8250360317455864,-0.40416324090306543,-0.6202549194495565,-0.606024544380639,-0.09679552729436908,-0.8606296276846623,-0.4503240881726474,1.3982608692327578,1.1402490940505308,1.708985149917391,1.526348247280967,0.5312872732679532,0.8462451414196372,0.007805507835075914,0.39824388015017115,-0.21409839277567075,-0.7549007384103815,-1.5244834549043143,-1.1111100110102932,-0.050958727487833734,-0.7183191402933647,-0.5602985361078612,-1.365847701153402,-0.6159336833916477,1.1627278538859005,0.8873807357734533,-0.16206086359108196,1.0910514188743976,0.44597553303355,-1.0500543668935374,0.08592840447391863,1
-0.3096678979340924,-0.40723781157181693,0.6441520335682691,-0.006542802619808257,0.896731648712626,0.5158655245202359,0.9571237848387062,0.31227877329390813,-0.12377860111259875,0.7628065557916034,0.4124214411425934,-0.03619897564070207,-1.0115044361475547,-0.9216212507190384,-2.0551478634095908,-1.4540648962795641,-1.4762660238263483,-1.997507492643342,-0.8701917662707482,-2.1213046818222345,2.3811413420710568,2.4807710425709875,0.6591542657616617,2.0051026458044094,-1.8170311612024366,-0.3838629655885944,-0.732246988548929,-0.7683998661977846,-2.261890160856741,-0.8493357490401311,-1.6796718832862971,-1.7497310464243698,-0.296520994299099,0.9048477107333057,0.7674854506637486,1.2133620837844146,1
-1.466776541023859,0.041763012992384975,-0.5329584822340361,-0.7521761878507588,-1.335453236114257,0.923055347337906,-0.0028228690728363715,0.5129569263525785,-0.38024043612553104,-1.1302363762146554,-0.2523857883558517,-0.7310126162172695,-0.2787655159973463,0.20287818992388493,-0.49637996476545787,-0.34627095191338714,-0.6737998170487508,0.25100005304627776,-1.3542983877800105,-1.0739092429196126,0.9730723513416363,1.1217622686941713,0.8672023055571053,0.2182656873430979,1.4964627120205407,1.893106261617638,0.8758729715016702,1.225496773500667,-0.5778863985024072,-0.4180340370475781,-0.43487100392046657,-1.0336780042020521,-0.8144564683562466,0.9942356163457491,0.3235684908791741,-0.21495375709672973,1
-0.7444522101695612,0.1964114100301051,-0.025806301299611686,-0.3851277256538875,0.16868567200982618,-0.3944912936022106,-0.5205846774737886,0.32480902483518564,-0.39632620600983776,-0.5790921144024749,0.04934672707332494,0.3976511405432221,0.28336128994871856,-1.147167046197618,-0.2925243801501508,-1.0955495422791826,1.0296999289190647,0.24835193169217004,0.5334172953151832,1.7739632193719415,-1.302237025070901,-0.5282875695339007,-0.8723483399846645,-0.6010830500716051,-1.358214911617386,0.2577383660232366,0.36110537441606266,0.10668596784021794,-0.9958298198342947,-1.454729826125862,-0.576312816384418,-0.3864497005102731,-2.673580849471419,-1.1269650393442319,-2.3651470725965678,-2.120330285203817,1
0.4587197185053381,0.5540295176960497,-0.07637282859987592,-0.4256760401396131,0.791357145070428,-0.48999285971615264,-0.0323411319449618,0.2860828119889411,-0.1120014626624992,-1.3391505418066805,-0.9912235294990422,-0.5012225101962081,-0.8739976591460185,0.44318570971823845,0.10063948582013406,0.3263355354153368,-1.132770641744302,-0.07259772912859451,-0.5417364859805085,0.14518660941155603,-0.36155568620705225,-0.3738121200726136,-1.5708654872173495,-1.302516967588715,-0.14301951354094486,-0.42264571211659147,0.30097952921733934,1.314145419909414,0.6723113920629399,0.3648497211919723,0.8624226979898771,1.0650850725778414,-0.5060305014096067,1.278935047119187,0.03771915749219287,0.9052921552709025,0
0.9078346020487339,-0.2475566346365962,0.496827001174338,1.5475796861239306,-1.0483510901454962,-0.263086276228729,-0.4779580511704146,-0.7450079623765002,-0.4786796243284689,-0.5384532586278435,-1.947981996563897,-1.5006952424363766,0.6147727329545482,-0.2985013149983404,0.3320589503031132,0.8040082772618778,-0.17429153767535785,-0.35296721905199635,-0.7650061951365016,-1.1233124340245029,-1.620569272187883,-0.4880185122566254,0.03879767011059077,-1.0548914598272947,0.10380564050740572,-0.1550436989340431,-0.44702760839508326,-0.02636627710076628,0.2017063806847272,-0.07540050460175846,-0.19989546597433439,-0.24656401607233938,0.07024272444074492,0.35013502219337495,1.0967845891022265,0.08223642015207139,0
-1.7261169288627367,-2.4138550855998036,-1.5838718561029104,-2.0812505086003217,-1.8914202166775198,-1.5273901206740617,-2.154166805419325,-1.9304609992159745,-2.0012539838903147,-0.6090324508105461,-1.3782981546454307,-2.2651396584809222,-0.8205676782285064,-0.43857455698184433,-0.23443843704733636,-0.15415059750472532,0.085485331026783,-0.6044547160746137,-1.1586275467950349,-0.08984853383338183,0.1874963482913424,0.48491052953913916,-0.2390684200351983,-0.7817690393750165,-2.0708929656136568,-2.492250998662185,-1.2189498967847892,-1.67841836135938,-0.047531567558086886,-1.2227315890694743,-0.25047570422397336,0.23021862910684138,0.18191496071826946,-1.7986553457531864,-0.6713075083287905,-0.2809250603615891,1
0.27091103737520666,-0.41640715082403384,1.035674316132906,-0.2643314362399177,0.3690887582116045,0.9117925517515345,0.5015000420089503,1.0157769546584443,0.750679490341208,2.305567216884242,1.4790690917773344,1.380647450601563,0.3180062180775011,-0.5681572928370389,0.3553378585358508,-0.7588264883037507,-0.14783759047620462,0.3061121256008131,-0.4291063759625607,0.8320171869934683,0.7643324460872479,1.5002470588306798,-0.2312345701682917,0.4473848842207289,-0.014388092193034326,0.47888620903881685,-0.1200465877443425,-0.8008186728944497,1.2321827930822293,2.3159883743089846,1.5684377105252099,1.8457550125989848,-0.49053288461416494,1.7584764012701275,0.3082739225774285,1.2954989803625734,1
-0.8433270429657457,-1.316243449967358,-1.0028018554687887,-1.2341798718134875,-1.7967509811189597,-1.7156052533505244,-2.0400355101898344,-0.7885211421489986,1.561270094578288,0.361384338640491,1.646737970854455,1.1546220096270012,-0.7166289999634369,-1.5524037001289983,-0.5851853127630593,-0.4659898190659833,-2.7878832629056873,-2.402327651427541,-1.9007704443016544,-0.9682636298266917,-0.02955361590519959,-0.9785097191160922,-0.43196207191340596,-1.1841516778697665,-1.7867115000995442,-1.6871617147394538,-1.2557185855111617,-1.0275374246617532,-0.7237891939578317,-0.13296820397774087,-0.49799399515460496,0.13818095701868266,-1.1024253201139955,-0.07708681752939044,0.6534266715604938,0.25535497820208597,0
1.014299748385712,-0.16760462065424211,0.8229403739738556,0.01745857339580309,-1.9995205425394929,-1.1776811300432684,-0.857915572203016,-2.9017267745058484,-0.3816687884952894,-0.7381141577142942,0.07447288014498825,-1.1582341085390389,0.581405285755636,0.21523058310029966,0.5249342743770795,1.5122324572438606,-1.215800484119355,-0.8836803875074847,0.4372830542496448,0.30315376063096405,0.28370945619750226,1.3395319402557722,1.234552055483868,1.0864091645108467,0.2855660371975791,0.21853036360765682,-1.2957849863997861,-0.9146752552175063,-0.5482906037227785,0.013179494690808174,0.10625613998629421,-0.7423372128722959,-0.3538217021255736,-0.47420058521213454,-0.5242790875162534,-1.0151837848274377,0
-1.7673409100373199,-2.0852462107383114,-0.8702617547676007,-2.270605022082491,-2.6073890089414338,-2.759792346582366,-2.0384524590315323,-2.456830399069534,-2.432793230705806,-0.5626529629420438,0.31054845160615985,-1.77328909031047,-1.371049648530938,0.24844473871614528,-0.6781332613206235,-0.2767469866156613,-0.34744144696791984,-0.3562319638710626,-0.9118369211235019,0.23938974757823486,-1.4046598575277873,-2.3890830449628497,-0.5979764723500591,-0.6382695759036582,-1.3701886184452574,-0.3094635964520515,-3.0204122694541975,-1.0355707847091535,0.16801210489846777,-0.2622463029465453,-0.3257408001456683,-0.4739911083218463,0.021877106485303804,-0.0276923681375243,-0.5329879219928181,-0.4182246564788289,0
0.33397451565237557,0.276960522875166,-0.1509518015861152,-0.42719879583559567,0.21590148120750344,-0.5363054583437251,-0.0933748258121483,0.5744714386489942,-1.2278488565034191,-0.27391395045655137,-0.34908784686173727,-1.160185574948776,-0.7475465444133617,1.4813209489370087,1.617867837406003,0.6452075996411293,-1.1442042704733875,-0.4573883020598497,-1.9114888325933443,-2.084076557473774,0.13646425416204633,0.8405562881052488,0.6124483597558322,1.2734858122040573,-0.5960462253973801,0.4822360431802223,0.15556173536582657,-0.3328548704847252,0.7041071597315038,-1.0551216588087249,0.32306148374549293,-1.3284766860021628,-1.072781249309753,-1.6814496002290484,-2.397894719708924,-0.549483909226911,0
0.7231697587325463,0.7553591028800639,-1.3769756296122522,-0.04140063232783498,2.4990750693004835,2.118439248505326,1.183015424399927,0.2371006510529054,0.43941621996853425,1.3619796540208857,0.5944633579177959,1.1931471441193096,-2.186615954612956,-1.275620997138041,-1.0481272869088887,-0.7198572271645889,-0.7503386904461451,-0.6257303707539913,-0.9654512015452268,-2.0781842030553794,0.45675893210975116,-0.17669506693731174,0.3974784003392349,-0.09682021317650509,-0.20119370789982033,-0.9174488057484477,-0.9074292268766202,-0.4578170013747756,0.7786403114834749,0.9627747759375346,-0.2411146667121854,0.9865026444053778,-0.16415057265704466,0.9893727036064798,0.7975369624616634,0.2488535000727,0
-2.0355558537737175,-2.13388202757979,-3.2164704011958096,-1.9940980986660362,-0.0593876630484696,0.865101008063186,-1.08315473347238,-0.5140785753010833,-2.3070753506430983,-1.1320013041310533,-1.9278386401387526,-2.5008838926870753,-1.3897654238280375,-1.2029652109353761,-1.1633381764581492,-0.9477626952242455,-0.6203316275321381,-0.7962538451487928,-1.166137895538491,-1.1503805271309926,-1.6615516895307882,-1.8404545773232883,-0.47477885370256895,-1.2611857367488637,-0.835702285379008,-1.0808101374406598,-1.011328529906227,-0.06271936442841235,-0.5846196742137687,-1.792164205638577,-1.9863072129977255,-1.5201600745514752,-2.0778823188864117,-1.485990969659065,-1.6204005507126722,-2.9886772204782455,0
-0.47893151592956096,0.07027970440946295,-1.4641873015172313,-0.1717649642104836,0.11481763340883472,-0.3763002357633257,0.5201945431378473,-0.33884725516508796,-0.20353630198949163,0.7149721120219534,-0.7473800279592213,-0.5274036402677024,-0.6534639131891137,0.4367330887729484,-0.05554062009091924,0.47277909122931094,0.8229489314095795,0.3523385762208973,-0.449557132865594,-0.08507319415813973,-0.2560742376280471,-0.6063733881399932,-0.7581102962953263,-0.8261205398435627,0.6392256508355254,-0.34999804981844274,-0.20021319573829066,-0.2210259121515288,-0.547340725371279,-0.7525681193800847,0.32618685293452176,-0.1308178578646916,0.5195291937500918,-0.05182934479926949,-0.6828177850348631,-0.11311177971866335,0
0.5016133807488331,1.7561927895230263,0.07556505406053074,-0.05150221200789654,1.6330191968184133,0.2696833623744618,-0.10591624283238305,-0.10016084700647437,-0.5639939929084489,-0.07655185719995647,0.9965829428346341,0.05918456155063813,-0.12127594311075336,-0.9862053406933928,-0.2606508026601691,-1.9068988522517643,-0.11135201051842271,0.5455816129676946,0.29856546430240044,0.9672180478812437,-0.06607449452621787,-0.12941845960283482,-0.7235304211207533,-0.773489505499258,0.5644849699188143,0.5879793196953935,0.0038801385182758723,0.16251008439494805,-1.54914423416797,-1.4720492042098896,-1.3860349898661473,-0.531550702508704,-1.9945217680826262,-0.9796541608413212,-0.7853659349871703,-0.3426271842191117,0
0.09079606533787035,0.3202101877904353,-0.7152785763597012,-0.8274358694752814,-0.4904715320920432,-0.7912577944304618,-0.5374356812985939,-0.4899234103013916,0.7946560848336484,0.29521490189345956,-0.8449942830196531,0.11353041127809518,-0.3250261760454916,-1.2103747457719605,-1.0623622958254557,-1.209129677897191,-0.8290236597024945,-0.9616537112296428,-0.8697140743018471,0.5385724094405949,1.3689071262081711,1.252821856633556,0.36976940399272296,1.4391267401202466,-1.2579336471930278,-1.3532224112621398,-1.2200358106812885,-1.0945089979403604,-0.8252320796462186,-1.8128411956771184,-1.2786699444138538,-1.3259312619804369,-0.8726022436517639,-1.26836828048932,0.18894110696407476,-1.6298453231224417,1
-0.556301923560478,0.407890137949823,-0.6242221714650684,-0.5637028156266494,0.6450549768655996,0.9631706034145668,1.735338975346314,0.3872233457237952,-0.9924846681891549,0.0030211278717699524,0.37818037593164694,-0.9952644916448354,0.533264172887773,0.964280906540774,-0.5013905554602657,0.913839443280378,-1.1773310809612414,0.9331595186225997,-0.3230852630620264,-0.07387663612101816,-0.5306791814862913,0.2694876385051276,0.8573589895899831,-0.6932881875975776,0.4302173828718398,1.2617662461093744,1.0556099219196495,1.8292806292650325,1.058176184233048,0.10116783294813088,0.3913610345001036,0.9593310852447349,0.08449862683657051,-0.6166111699246577,0.5949676516734554,0.13043507623234085,0
0.35201659108057215,-0.37017997540005987,0.815365456880122,-0.20639638697007195,-0.12078877511477333,-0.8624485191192445,0.6299810796814536,1.1400020326977154,0.2084003201543847,0.3150336398372541,0.6426478570479727,-0.5510829303005884,0.5618879731066168,1.6907173614099043,0.20318216005727568,0.786033859449227,1.167580407161772,-0.380711429765062,0.8278257146050155,-0.888839309075229,-1.022918139367609,-1.3388238895346205,0.5806998023305797,0.658707248422565,-0.43319847317014243,0.5024163739995992,0.5251640196579934,-0.32373594479064505,0.5509454523437086,0.4838128314563512,1.1886960894059946,-0.12525037274099976,1.157461552105119,0.939367687479692,-0.701472960635515,-0.7761253017763096,1
-1.6400989714115093,-0.8733516239850769,1.1703703957919172,-0.5772004360813936,-0.721735551284636,-0.8516673050132441,-1.08338399325924,-0.1510813339898151,0.25139124618495245,-1.0106035924747103,-0.8818701220416498,-1.4155818126608337,-1.3670897780085325,-0.5786109465250796,-1.1115308199812783,-1.484466308099453,-2.0822762555122867,-1.5732611113472468,-0.82252393667487,-1.8920372212280696,-2.785304337683528,-1.5342652052324486,-2.0501734406245093,-3.4317158066308617,-1.1661824891028507,-1.5010769227012566,-0.5305374468665905,-1.5551519828086238,-1.7992722261965073,-2.209429931665066,-1.675403396461685,-1.1122525057112957,-2.758134893833426,-2.429168071142902,-3.7206212492615296,-2.0163296219676994,1
-0.9928871683139922,-0.12564547139874388,-0.5865561451393355,-1.0263112145288558,0.12417006805537095,0.2152220577557224,0.06911404561989322,-0.854718168096235,-1.1964537927880294,-1.9008259065330309,-2.032169744637778,-1.7720671172426163,1.0936932596263633,0.20555849922387565,0.015028233656855221,-0.8658595675829558,0.46644423910150207,-0.04319441007683631,-0.005321810273382361,-0.7387040543389006,-0.1486026983155084,-0.9628237029145691,0.6445588057864474,0.9624527410559808,-1.331397595734376,-2.4335892563201837,-1.7094974186354244,-1.2714322886696903,1.293159652566595,-0.17221740560231813,0.3418847521284551,-1.0162869505162422,0.5432615607063452,-0.5427144102492554,0.23746938226614525,-1.4081315422165497,1
0.8196923507065846,0.1484952920930165,-0.35220613960027514,0.06812501116517489,0.00048183931798461565,-0.8307135282805816,0.07035096921199877,-0.08336002858952953,-1.6311839744786625,-0.0907061482588273,-1.5384033558636718,-0.2730464326119389,-0.3371823354917441,1.5030838312384867,1.0760175604694355,-0.11980829388260553,-0.5877465401023378,-0.2579286157940091,-0.517411745473708,-0.3567159521556342,1.4424331235019223,1.0161954959711268,-0.22664671856715404,1.6791729301160174,-0.35690983759371303,-0.03198553866685741,0.16345951056877617,0.3192558300638658,0.42122220687729833,-0.6825906914970196,-1.0825566368812953,-0.47636990975152216,-1.256207855502775,-0.16175562947742342,-0.8027492060609349,0.1387694387595827,1
1.4134091035985987,2.791808108912269,2.699126796273531,1.2182262421220194,1.8568459468257534,0.7942941583947816,0.7296872434022278,1.2448501639584424,2.0050055733610876,1.5806681113340304,1.530953559726168,1.9488165174117458,1.8266005764415927,2.2829000659701006,1.7734897081489895,2.00235464875774,0.4704294561357173,0.3538432109609839,0.8744767668215346,-0.4627320342671457,0.6099951276365102,1.2686691490576218,2.078361004675356,1.5510348848419613,-1.1209306738961728,-1.0830465814614294,-0.2561394335920226,0.7307186248050819,-0.9941871405732244,-0.6132177361421919,-1.091251784107637,0.1743642252153867,0.061230409651974384,-0.21306346037229862,-0.10146313778638148,0.4627329250586957,1
0.45527275582711474,1.4299850569389312,1.2259348876227296,0.9672951893473771,-0.813048093443886,1.4381024476839959,0.7853843238822769,-0.9997469041531514,1.0211805910784049,0.9401674021741615,0.7741128761103617,-0.1439911692324193,-0.04623635988999283,0.6437637643411125,0.43620949761899336,0.41333284023565636,0.3377802103584945,0.5036128361581431,0.9907029613289773,1.2516365218625038,-0.2595755722213292,0.19298249435730935,-0.5722689716287519,-1.017478169153036,0.9779886841267306,0.32730559062988956,1.2592070626503256,0.022383704220571916,0.5477183502205142,0.6687515258553641,0.9078440363742049,1.4453957072214,0.08243729904275965,0.9864428720258046,0.9021369239745601,0.9342814207006496,1
1.4120683575032715,0.24432051311226574,2.2383234541998007,0.920336765927559,0.35149191855460105,1.0538383202063406,0.6946874884511666,0.6830381931247883,-1.1357457421433255,0.22237719056460833,-0.3362090467859098,0.04446629324243875,1.547711964157003,0.8619740143436385,1.2824898629701096,0.7342195837077927,1.2249960737875403,0.9646982257865913,0.47489217201279654,-0.6477578492333678,1.0811214474618414,0.9846623916521473,-0.3039580555967043,0.3560820900052482,-0.7807005277714442,-0.38997334134898504,0.3491293748824385,-0.24466411087300802,2.4521308355965123,1.3288220935114399,1.4045648143095366,0.38651476866901996,-0.7241863253903762,0.3463609598333217,-0.19138501885706685,-0.8462350663394411,1
-0.20156458100045985,-0.9081708474700093,-0.6675161137803352,-1.3635089419057205,-1.5844647467039712,-1.518905663905999,-0.8212531823545864,-2.17684925041379,-0.6203630932356324,-1.3561079628072295,-0.5060969935881314,-1.618857780366171,-1.2204092681334109,-1.0224996565824283,-0.3452780831036306,-0.15986449450619097,-1.7173169292900077,0.1548601862077549,-0.4535520920734281,-0.5255560254059312,0.972454829209822,0.2325570604541482,0.256110629859865,-0.4657448568448522,1.2558638345641027,0.4487978026638417,0.8814888160241419,0.6415834371239825,-1.0526054708983512,-1.2789052894603852,-2.1019229038482132,-1.5428029135880135,0.6705987154960779,0.8355160018033064,0.4629458189441496,2.1854370910393666,0
1.894438192579204,0.5020494091722298,-0.23570327445390665,1.1821266317444012,-0.410061412024016,0.9114641099835057,-0.11356934501474447,1.8132055166569891,0.873991799171772,-0.4291450503078513,0.40980060372306715,0.10574945556490321,0.507325669042749,1.7887691692378163,0.5789701430739742,2.0503009104119267,-1.069153883304908,-1.1193812809842236,-0.1506255380019357,-1.0561642544789624,0.9539203018464614,2.1531625351460995,0.8973838306788346,1.4044308117609607,-1.2334595420466647,-0.3393425421884896,-1.613388804444545,-0.9148966986655922,0.33728158313393786,-0.14504032099893363,-1.0084829971212594,-0.15663630302628376,-0.6408654517215785,0.5240858547904561,0.4792443539838046,0.5880857231440237,1
-1.7424151512858512,-0.4371110100508087,0.819053587643398,-0.37446297864153166,1.5193165938058326,1.1444942657471067,1.454545037099912,0.9904816090723672,-0.2534985653337928,-0.770680663675025,-1.8092570483727437,-1.2697591306855693,1.44504211472698,1.0443582205423894,0.8365715943844968,1.8531377769001407,-0.03518883407897586,0.15154088563422485,-0.24128420617029536,0.11210340485987601,0.7291251989437486,1.039612720111624,1.7321661792289251,0.7311926589538552,-0.24687070188765192,-1.7566764383233209,-0.6358180171715676,-0.8200280543887355,0.3895834412385633,0.10586694097417199,0.09491268925095339,-0.29305258993599576,0.06745193490463312,-0.5122211583465512,0.007944525677199069,-0.5753421497979209,0
-0.3091355696876807,-0.9110082550073644,-0.135327173752246,0.5534050720254493,1.5249360457651384,0.5801352144593537,1.1912728357803057,0.3361561838582929,0.9616033528518172,0.48559583090730246,0.9210650099981991,0.043327856842776485,-0.7729287618421254,0.2868994027068372,0.5211989179077848,0.01974148038800171,-0.09408274449304144,0.079679776090094,-0.4989919944195555,-0.04218869975071231,-1.0973002281594235,0.01028668773405193,-0.14656764667097041,-0.10769832155675127,0.8622413851893359,0.40529694172323105,0.483647855845637,1.8099493345338566,0.9321106512108315,-0.6525989125668381,-0.5927496648296977,0.5929938548609145,-0.004681673147976252,-0.8096705892871994,0.46000154362405254,-0.8470453068337062,1
-0.7664708215353311,0.39218711894516717,0.2670622473369523,-0.8708453158540477,0.2620211913289944,1.160936353442326,-0.18200573258340955,-0.0920403390143712,0.2112710755586298,0.36677832213384864,0.6032960690144386,0.11290014229686193,0.8421782723237736,0.6182943235154731,0.4494729003460392,0.6285265666560401,-0.19355613142437084,0.7824614975770395,0.02306179430802801,1.5334938814853196,-1.063533298064468,-0.012293100265153562,-0.08373186925480203,-0.2828389920353464,-0.46846069510774274,-0.083376321965442,0.42888937566249646,-0.5639820269115093,0.10511817868859195,0.5304966963406148,0.6639665972002731,-0.6559137059421184,0.6965593130341671,-0.9231881724478245,-0.8526362425205435,-0.7919412577037033,0
-1.1338515214552873,-0.8032942163973408,-0.7049457508902526,-2.7569184234897337,-2.5081446854962257,0.10439891268610026,-1.3510727970271226,-2.0508763083360635,-0.6916340059693887,-1.4291371638038541,0.04744510661648924,0.20259320618048574,-2.8895164697082296,-2.365901355401658,-3.285009810082118,-3.4541702979293816,0.0783673447230804,1.61301999420649,1.3927526812214381,0.8022498742204347,0.9419994436159612,0.2938410027370632,0.03362717179464532,-0.34963042135270017,0.49494918465765814,1.6354893547189713,-0.30452085653814914,-0.1606202248659553,-0.4588279865041572,0.7082515986838236,0.6388111156667605,0.5824131377860843,-1.2026360561298581,-0.6114793924573777,-1.257615819212051,-1.8230102476811252,0
1.4622655666899838,0.1871655128227154,1.2888988425037124,1.2229940726531934,-0.5055076712056045,-0.7489991400794875,-1.3035193080820502,-0.5120253834962333,-0.29689507837473345,-0.4930788146243801,-2.1232264741780877,-0.33314470625710413,0.3329480558483603,0.9976548921050453,-0.13000043776939368,-1.1976843391577714,2.1302479816587887,0.3380554371724918,0.14895801911273046,0.4289819975777084,1.1980591943310968,1.1404726936344058,0.6273107651756227,1.7349682501258927,0.24203108783658275,2.2573365258339653,0.758192592179415,1.564941148722086,0.9749184317440622,1.8017689011777198,1.981232880794684,0.24477292737638673,0.21172508347092062,0.279235435981313,0.5847907143020024,1.3609650358166505,0
-0.04054045234625336,0.36406746413679564,-0.6022415373425779,0.12713193002779624,-0.09711632835025077,0.10134587395320097,0.599748147256463,-0.24144497463691197,0.3921631354940645,-0.22694186435957836,0.8380702271856781,0.8245767308927924,-0.5751421382998836,0.5816432744349013,0.6395823559767719,-0.4742678358790867,1.0911341349868502,-0.28921943578410136,-0.03655920052620808,0.27025567229570996,0.16992802161374507,-0.6187506397234076,-0.07165062044728354,0.21310296095866246,0.3799739622947378,-0.42409423760904613,-0.8779487143322098,-0.0028710730312251106,-0.7618509456692412,-0.9470382037210039,-0.6679734461747212,-0.6138223943277429,-0.692569955809619,0.4574509937070846,-0.05270043626988231,-0.266319367659651,0
-0.5472739921389025,-0.8903711657383493,-1.3513245528775213,-0.24907747210551026,-1.1718473211588323,-1.5349414348926254,-1.6487711991881933,-1.088946197338087,-0.9687853504525128,-0.5764870545855296,-0.4416905411077847,-1.6072342332125138,-0.21885774414426776,-0.952609203096026,-0.19467861091207977,-0.8167057960264595,-0.7211110750999612,-0.351734903455499,1.5646881619049096,-0.9328185594450856,-0.9438956770736371,-2.2135094878089365,-1.17754967818284,-0.8419868995375777,0.45561241042348516,-0.9088985322413295,-0.6630986573192869,-0.044283661288737286,-0.9401270404802579,-0.7712064294049007,-1.0724020240909813,-0.5075787802809264,-0.8145908909438205,-0.8228312647702397,-0.5264745906541154,-1.4436235454702802,1
0.15351540304868722,-0.6573582081145724,-0.3795483964358107,-0.6212072795739225,-1.5245817612271095,-0.13863597253377927,-0.8321753578487471,-1.941669698320629,-0.6188796156316181,0.036890045577655226,-0.7873519664674624,0.21535710724099144,-0.5922627572375945,0.40228841985796665,0.5959664262551008,-0.27167434680840263,-0.6642597410506428,0.15439990447988153,-1.550507552168674,-0.2832262748263831,-0.04281489168026064,-0.010061741488106029,0.09347920182158047,-0.26858687728436337,-1.7096949397980417,-1.8705678594986446,-1.3586366621229085,-0.4094106060491379,-0.8585035595907288,-1.151462957452938,-0.2975959261515733,-0.30070404755271457,0.8455128042576628,0.05465831310060487,0.6068825325031442,1.3926958176595092,1
-0.7667072416477397,0.5163269626609609,-2.0279667332055014,-0.5990385628599186,0.2675767265097353,-0.001165605575770863,-0.8925109693584555,-0.9150325434428168,-1.300879730720665,-0.8419257816960164,-0.13651475428250542,-0.5297869742447869,0.24755369550179357,0.0813916713678109,-0.3439494656456489,0.38681600448272496,0.21472919260158957,-0.4409386011881534,-0.44633180946766304,-0.6410238252450082,-1.3047317764061623,-0.6557444271077704,-0.3393517367381868,-0.6111992063022403,0.48751733714299716,0.31370959527130177,-0.023428777957842987,-1.3486542159733836,0.46185258162018894,0.8201841421963059,-0.39404934696201255,-1.3769560324673717,1.0302963945721588,-0.7228854721534045,-0.38771239105146266,-0.7746409236777836,0
-1.0753166614102645,-0.6098452129271111,0.3162058374965216,-1.1364386703486178,-2.077738473535751,-0.6719129555101302,-1.1291404580689193,-0.7447393960863176,1.1427056002311238,-1.0707112147977431,1.2415657987765638,-0.006819601852123416,0.46003012461615467,-0.5861668463333434,-0.6384127949705118,-1.2763096816896604,-1.5043860801525555,-0.6294698724031289,-0.8711172396776252,-0.23853907572307426,-0.2776135784626594,0.386411310897043,-0.5189015336081655,0.7030103992635306,-0.4833967642174582,0.6325929598840047,-0.07490144520809405,-1.086003310722404,0.2888347645198356,1.68238025337521,0.4434899568994891,0.01763373021165849,1.9831880855185002,0.5754308513450516,1.3154230642033122,0.4072699395973817,0
0.11928179944437582,0.5577174477945669,1.2201757705574086,0.2201328279121202,0.6536059328204251,-0.10331788340523841,0.21095503832002224,-0.16407066673217166,1.4990940675002156,-0.3294116413355692,0.21876211697500011,-0.18929281688242683,1.0430373061484004,1.1222052023020175,1.5394259342886456,-0.41720235202577244,-0.9892856801623214,-0.12315456665857945,-0.3135903190518408,-1.2757446066330864,0.5860462477432142,0.7646119848477398,0.7583255179206795,0.5449854002202998,-0.9787812550582257,-2.0894707917777913,-2.2293992454018845,-2.3434638226879168,0.47436862095821974,0.37235084366897253,1.0372735489674203,-0.10626161600877096,-1.5238051320959234,-0.7081929126822488,-0.18623829120725127,-0.9167482789120264,0
-0.07889094564245422,-0.09412135429401688,-0.8957779189212149,-0.6413592749883065,0.5566390124525729,-1.0701128828488167,-0.5631196829671163,0.18345085517260726,0.19531931886883816,-0.019134722642877217,0.27362185788690335,0.9796687357384413,1.358017383772466,0.9275300849425387,0.8942603580832019,0.6180608922167526,-0.18165949082439767,-1.8497611813023862,-0.9656404934114321,0.059693414459447515,0.1709862509931414,-0.4651375566794669,-0.09951876915157273,0.2377580240139169,-0.7647862143852523,-1.7893144077015541,-0.32254967160333387,-0.9530526080496282,0.2640792662840705,-0.204558649412205,-0.3589187556646621,0.7404063159306487,-0.6065303444834312,0.5835706276512806,0.17936071549171353,-0.6181453758351783,0
0.07186370793092142,-0.8399053990079196,0.4104774094963438,-0.2920652062912093,-0.6414615040522915,-0.32409613489225153,-0.6105539621381691,-0.7846509860919284,0.26641606089754444,0.6483777572740549,0.17600573915577788,1.0885635108716012,-0.4029084187206026,-1.0192711537043968,0.036706250889988135,-0.5286032017484236,-0.11999793719174541,-0.8639604876539448,-0.5899043134193463,-0.019918097438203462,-0.47141707829546725,0.8240804355926233,-0.8789876752235197,-0.9127262900401587,-2.081776178326693,-2.5680918194418494,-1.0747818987241193,-0.16286877839716693,-1.1388440839167737,-1.9432642178936301,0.16389758370820484,0.6937165489026461,-0.16758164149472762,0.7400069455252594,0.3259791676365925,0.8717745632328066,0
-0.1463169610115053,-0.1365349266116996,-0.38695649354612455,-0.11369989918685704,-0.300025360338119,-0.8491006094308391,-0.3757549298306002,-1.810800132840932,-0.6885920697943264,-1.1966163564798056,-1.1698690848630235,-0.9879472421443976,-1.9659157409447232,-2.1277297455480864,-2.958391086390474,-2.3030822257866035,1.8465568386485247,2.0964662469154143,0.6553416455977998,1.026511287299023,-1.1035519402992542,-0.6446168086931734,-1.7989881677453814,-0.0421766662882493,-0.8811914261059509,-0.9087519576585987,-1.1211403419495125,-1.526487337724338,-1.8533115954088433,-1.839944822289413,-1.2642132084118836,-1.875877453654131,-0.19821928529791352,-0.8822602294182745,-0.7439452230330486,0.5931522295166415,0
-0.651777747679684,0.015526096448467518,-1.6458768311156524,-1.1914837317125955,0.3494080690670732,0.021417296335009557,0.5615477702745573,1.1430342740868051,0.5977390514942987,0.23096736649275232,0.7022899889811096,1.5400219916527464,0.01145606586967365,-1.0801124335493169,-0.2873548467589551,0.19161690248535027,-0.7636256942973744,-0.6115347947762628,-0.580565155912988,-0.022324204265659092,-1.0662738648560106,0.2528323065730768,-0.6138381034951519,-0.23741652245992786,-0.3742886801991101,-0.11999066302466488,-1.059749630434669,-1.0682801270335245,-0.8809956470799684,0.4122068729519412,-0.8879487239214365,-1.074462586185446,0.6544320719980943,0.5125303537373271,0.2569809470852332,1.3255473913202362,0
0.058248874051920654,-0.4443157123917216,-0.6228939256709958,0.548384824741121,-0.38868115283064447,-0.9729326970012089,-1.308234385416794,0.2096713922360552,-0.8866123831076422,-0.9356953604363195,-1.0838257984948947,-1.7620012680742652,-0.5900374473979694,-1.4095746315201565,-0.5473210964378925,-0.7205904183704532,-2.111054929180505,-2.3904388862444605,-0.8570434561719142,-1.4342481618001508,-0.36598173408781204,-1.0229030737676608,0.47413092931089545,-0.6863777679694746,0.41484463821712736,0.29579880346212567,-0.4914954300163307,-0.045377333897396864,-1.2926949856349579,-1.1604898185617385,-1.5078232559235685,-0.25870240122411553,-1.582061235972758,-0.657133818151477,0.27194943354540285,-1.0889369344110764,0
-1.138454937019163,-0.7704777552876395,-1.3538957549849373,-1.6321124700017065,0.3140408093304554,0.004601609526744805,-0.18692820489245077,-0.52122494979306,0.8560941238422712,0.45117043516819216,0.7253253965005195,0.44523386467234005,-0.6802390932171469,-0.8509970358424925,-0.9911351788245426,0.24002185286618088,-0.633654529137382,-0.5927287596208035,-0.5981323125532734,-0.8105835225818954,-0.5977811869082441,0.5205807600797843,0.5980619685710341,1.0741583350905883,-0.8039298597446809,-0.38760930675305955,-0.12930533050576215,-0.01283835020012682,-0.43573061375321354,-0.060951949290217564,-0.5288377904216442,-1.5154548603382443,0.14332714302663985,-0.2009320782352292,0.5844845258895022,-0.7949052348708957,0
1.803999782265184,0.7554774407034205,0.36062586716223716,0.8797343950963581,0.1808029248577408,0.5068233667592816,0.6330064788936923,0.9715363904290856,2.098014253777657,1.300235302949299,0.6869318210772312,0.983472546398864,1.1658841069731145,1.1731356805205067,0.6685268798596826,1.5475510050785573,0.5254388988736188,0.8990319008871567,1.618365849510218,0.4075958356209058,0.3946641932773669,1.0854080766991914,1.498295483915065,0.23649770342464185,0.06128086060136766,-0.2600799339988096,-1.0817485830245346,0.18167263842855355,0.8988499428662619,0.5327439861871762,0.2865019913988932,1.3214652522852723,1.6155768448379444,-0.2818723216827098,0.4692348571003199,0.5586815093020042,0
0.3656067815258522,-0.8172155524283757,0.5094096902723102,0.5110671940097947,-0.16574890838079828,-0.4085425905125591,-0.9974071587739497,-1.778085211692414,-1.5064613466592274,-0.28238290905961994,0.9600232579798906,-0.5375652863044945,1.9101323216751815,1.0608383765970444,0.7003756067580443,0.43628464721800503,1.2387201848175984,-0.03913914198780759,0.7013324918203868,0.022068361772689636,0.22847357841055196,-0.037609030340863915,0.3002771685781835,-1.2514132284419532,0.7455104374900775,-0.7525043564579271,0.0009208932801137012,-0.4718621934890179,0.5110378218890129,1.2640024674117198,-0.15849959953360115,0.5853737560423989,-1.1282300070842373,-0.650780879214322,-0.6790104064554846,-0.8648741525482462,0
-0.7953098243275846,-0.9669215013433529,-0.18112952667341065,-0.823731352170089,-2.043382455160228,-1.9907378711967825,-1.6627221258146008,-0.4589863566815016,-1.1033497990747363,-0.18252987690968484,0.6938095132966879,-1.3070923002160444,-1.4234631057363054,-0.04731968131296105,0.47925741875247896,-0.7155348496804047,-0.02110064212161381,-1.2123361612342973,0.837501980063342,-0.5053256010209801,-0.12115162736924097,-0.20514314592329277,0.5759310049218065,0.9483256669425588,-2.535123298854309,-2.4763389235083246,-0.9341239280224769,-1.2905735185410954,-1.0289311238818988,-1.7934609009902647,-0.24303055557876757,-1.8037329562508349,-1.540449444913063,-1.4628703241189873,-1.6305680225380894,-1.6987878065897701,0
-0.3355062070119,0.01685788511898928,-0.07212027376102421,-1.052071801594848,-0.3977497353655812,-0.4164705388516204,-0.23732908923691953,0.6506788212432248,-0.3210359140860277,-1.249404355163395,-0.6286295562027829,-0.07636564290537806,0.6597560938488398,-0.17507831561468598,0.23926883794532722,0.28170505921291433,-0.3054050406927185,-0.6398835772522795,-1.1712014335033842,-0.6967323395603987,-1.0075973328157608,-0.3335687876027535,-0.4883994130432098,0.5278608578329692,0.30777279820419345,1.3436043512173326,1.921745483442502,0.7779325051909606,1.0956812306862802,-0.3345912794570151,0.07828650037334622,-0.47223944741105084,-0.8307581295711834,-0.45597031515415815,0.9408597496379443,0.02598164635347671,1
-1.6443967731564504,-1.7165878884240973,-1.3615080646603264,-0.7848701551262061,0.3703452299157728,-0.15858429849119232,0.16163990296972058,0.4626978988631502,-0.014549338173979312,0.9148152746802259,0.19666026677121834,-0.31881292838512787,-1.1632157415128437,-0.7747602270020195,-0.6296130029106307,-0.12244910108186824,-0.24833418055844478,-0.7595591708949566,0.11405954599836843,-0.0030331644787253637,-0.16483839330569808,-1.4152592280490346,-0.29943150506617955,-0.12110071815329392,0.21510919918745508,0.30253219783028856,-0.06569648642625164,1.3997393036514616,1.610049663588417,-0.665797411828031,0.5429784169678863,1.8325883732707102,-0.7391643249768345,-1.37645395091158,0.8039761753190909,0.2232718974889162,0
0.3820532514747796,0.6365989929180899,0.5027017096627544,1.3144734768328374,0.7593383810099692,0.9795289453414943,1.7330690013081755,1.8214026328487647,1.2090062842356255,1.6265193322738645,1.3774099406769942,1.2294635948276502,1.1740457418704464,1.3371847823948957,1.2898019153013252,1.7188839591508465,-0.7863735402085635,-0.21711184308476694,-1.009473067425999,0.10826422912183588,0.09631124495505117,0.8341058459852662,-0.1230835615570311,-0.5636425323112817,-0.04476818712042874,-0.3698125986764902,-0.39235618507517894,-0.3016616544258267,0.6911545351494218,0.36693357846974284,0.9958418094155099,0.7933976330166151,-0.6882853967001595,-0.7483342510935546,0.955780700602747,-0.24101259678024806,0
-0.6938397640331941,0.13180588495966494,-0.8309243736859195,-0.729999801496315,-1.0754098914586878,-0.18239083293935826,-0.8385006545444897,-1.2464550262185203,0.11612938650892056,-0.4232957802828613,-0.05617829005599905,-0.30246122285260496,0.6787596549829219,-0.7145579739622345,0.3782135861307896,0.4136991942744176,1.2157036411469981,1.393238199242216,1.5648719076506687,1.9543684701807258,1.9569369679756474,1.221677149316835,-0.3120061720773538,0.258230863818379,0.8687613130905727,-0.473885942872617,0.6204938564675874,0.27231336134576006,0.3624385376616797,0.16566130556631192,0.43940413235380016,0.5636572313037781,-0.028428468844589657,0.6480667743129136,0.5273656615429599,-0.35348526086005955,1
0.503409887756104,1.4863466003301344,0.906884845035529,0.4674860755681521,-0.08407134222208934,0.817640673414074,0.11133226572647935,0.41868860645453,0.1487139248863531,1.9727489416286348,0.7978529187946543,0.5362640107733224,1.0036091316978613,-0.19088168389374324,-0.17703402161006374,1.8280637591179334,-0.5842308896407662,0.0058692399977576856,0.6779938547800813,-0.1460903167738764,0.1061384047257878,0.41860224976936805,0.5297511627666364,0.5862204023112357,1.712138423609551,0.9873303877543642,0.7273676550253483,0.520364360880966,1.294910420602176,0.8737921031643197,0.9480692535639111,0.645264440921283,0.8525869998238701,-0.053932748157695255,1.2482623611038937,0.4182505439592742,0
-1.3481318623179201,0.19408317750741927,-0.8556531564258866,-1.6997381846100355,-0.3990079755441246,0.5047818770451661,0.126256056240774,0.8465221653195697,0.6383018986057728,-0.1781983306125805,-0.968089453388561,-0.4131072722201488,-0.4481259723107085,-1.0254778689616404,-2.0075055859606104,-0.3417195306832406,1.1860050917076352,0.4952260497099533,0.04978117611564034,0.2862816751284835,0.1850528386836819,-0.8306795547840634,-0.5965438290470569,-0.1415892776710634,0.06619867550746691,0.020677415540326153,0.5190441615071074,0.4289420042453028,0.2551904183292047,0.34852146301961107,0.32534208793778324,1.517048267198175,0.36168945728642843,1.443294844975429,1.6254519009821222,0.9444691518127418,0
0.3299420541744712,0.06099474991762305,0.4349512963050809,-0.08673676981022052,-0.44475314204494437,-0.6921295767707256,-0.7314045565586595,0.6992616339739014,-0.6839812582279279,-1.0949767573827796,-0.8941339633482069,-1.6657093033414296,0.6805886697887445,-0.558629059466513,1.8162531491627238,1.3208897264484243,0.4726172094767279,0.10995005986759948,-0.08174034361175671,-0.5707776388664857,-0.12270769789821297,-0.8680200648979937,-1.647026921326364,-0.9410309325293321,0.35972341242722616,-0.11804531810383717,0.025789675711483957,-0.8411199366390446,0.03171307979803617,-0.03863639967958911,-0.05196175120481438,-0.5211815929048323,-0.5479301020257755,0.30436802325590195,-0.7498001050766288,0.05816469632014141,0
-0.965844845460595,-1.1125703141194057,-0.7982004649027892,-0.40815493522507584,0.24528209070404616,1.2919819013294296,-0.1347836736932333,0.6257294638937543,0.1500307776280285,1.8086747869413067,1.3593985059482063,1.8606129977572743,-0.8054135843722264,0.196575423616592,1.3688004839529693,0.180790773138981,1.9164794604381474,2.0979938389033057,2.0055938753251916,2.0428440247347877,0.34505181730626566,-1.1234902099857174,1.4314570821736663,0.5651311767734051,1.2206138184118576,1.4884544923666672,0.3006838658215154,0.7551514420341771,0.04360864908695018,0.40087822835693027,2.4313605489297068,1.9669996181453726,0.2925437813421907,-0.1846979423256127,-0.9920031485974314,0.6197114467490846,1
1.3806829502441158,1.5081329744962588,0.9174355949021678,0.786155071751481,-1.6263023903599236,-0.9598312123793349,-1.5936930845300843,-1.0767533256862507,-1.0278870869814498,-0.7533668723646034,1.0960997445859277,-0.544017315204515,0.3229173173867633,-0.1449323688858618,-0.2361796578386065,0.35317514195737515,-0.7869494272994172,0.28251679575844263,-0.37549743102346717,-0.06487525263868192,0.8706264623064788,-0.37392080594739013,-0.2630183614364323,1.1049087773443782,0.046603867489146966,0.408840819930398,0.2897604268452963,0.11789406011162047,-0.4950076313854217,-0.5710921738091504,-0.6360140271283232,-0.10877684184743107,-0.23749968761010334,1.0344278311896031,0.4812344416552287,-0.039935326607209665,1
-0.22638588903679835,-0.14096662802899856,0.8791532887715728,0.5930808477963985,1.3002031311768842,2.2054722500722184,1.2008854988857716,1.3057905216141057,-0.06265371790414503,1.0252778141498384,1.8646858161272455,0.929051930092061,-1.0729961555486511,0.9867770027539837,-0.15227606023044396,0.2431743506553667,1.6244491712121996,0.2346250636250162,1.0665208829539072,0.003920184852019298,-0.5661922711571177,-0.6773530010331991,-1.1372127674067494,-0.5449121588308875,0.5184077863596492,0.7419029771875351,0.9180127231920493,-0.4919389432137286,0.4346749144733562,-0.03053224404983324,0.5646399410207378,-0.1222113065097214,1.1157841358695113,0.9488405581142401,-0.1271089448047788,1.025572212816382,0
-0.08372970066398171,-0.09757965805886036,0.07605582663634261,-1.619264318908239,0.2566513615242643,0.3962581055707962,-1.0345053546865288,0.5265514986717437,-1.33355377689063,-1.603707225120791,0.6096713851138237,-0.6150759905062273,0.005364883207544761,-0.5762326541966711,-0.5730031130781003,-0.1825014647013985,0.6467794752999937,0.35661283239531705,1.1340611951385913,1.8686286969336565,-0.42155763408688224,0.2810465619657207,0.43674080077559574,-0.3952462810640336,0.17198139955727154,-1.1901844198279443,-0.9539059717046591,-0.45402099637195553,0.21484864509254964,0.7873998223392265,1.0189573467357864,-0.012931231158071555,-0.8940119560363727,0.10674065960667146,0.09192734175892996,-0.9487011696841746,1
0.6615891526445452,1.8038948342494574,0.4174740000705881,0.6951757000496803,-0.7502468989994918,-1.4862834234383635,-0.3370574351817998,-1.7113256221094293,-0.8097015202889287,-1.071641058206978,-1.9045252818053091,-0.4360752552050209,0.8610630083494165,-0.5394596500663226,1.0134298060948508,-0.35816993092020655,0.4194158767640145,0.6440545473001122,-0.07259963790201711,-0.01001385002689602,1.2414568246246565,-0.5568504587691826,1.260282707392192,1.117548772019282,-1.2392901914470298,-1.302567981714753,-1.2768153848593802,-1.5563805113782736,-0.3135202011506176,0.417517660781718,0.5711139553034765,-1.0370469634905224,-1.1559006155347005,-0.6874459015425713,-0.41131515409180786,0.08206019105716783,1
-0.06872926564197532,-1.2523216231725591,-1.3185040813412872,-1.3709509636549486,0.2510728368997566,0.5710797928674166,0.904004513491446,0.6870600186665341,1.595818700845305,-0.08765729875929552,0.12238632256152542,-0.20716341713133077,0.5850505696689994,-0.14283799215608367,-0.24502104917474504,-1.0474669846557434,-1.5329000442228506,-1.2733594007973132,0.21491485925565434,-0.34919056065638654,-0.622465046760643,-1.1375115071660304,-0.9255278320307201,0.22443744440324534,-0.43232963935668134,0.6860336305925854,-0.3514110199799572,0.1250158333068149,-0.2910787990459428,0.8089779142586647,-1.9329539158604307,-0.20051685837156208,-0.2348027256284351,-0.25281154574637116,-0.8189210753330881,0.11335669215083587,1
1.9608603890536218,1.8161087886008338,0.8554078495793769,2.2826665035994953,0.41374464165569813,0.05462437314878814,0.0024523686002313584,1.792942145664654,1.913589217073401,1.7919867391208004,1.0696091269799384,2.727077000708231,1.3299539581935664,1.1881096688688604,0.7799319731373485,0.3307370480799378,0.6784848053354678,2.632598032728387,0.35735812713726745,0.5125903072656305,-0.017111259909419717,0.45411621910850697,0.24828700659448238,0.6474781280386029,1.4816779027249602,0.8084752618045911,0.6586004145913059,0.3836720793436182,-0.5514366992060413,-0.13390303193055303,-0.8788864013692201,-1.4453099823523277,-0.19752090361436372,0.29138413392596185,-0.20058757476050074,-0.7259219000212424,1
-1.3222307251961742,-1.7807454288936666,-0.7139530431028339,-0.7187247204281799,0.2650579785539919,-0.1409744145375403,0.3888474924069347,0.24546800375608882,-0.782929756505809,-1.7459348041216796,-0.03811638451278771,-0.8645628560435471,-0.30244503594075894,0.6068084497208102,0.5693765680939245,-0.20661983150091445,0.7492585837190191,0.41450906330023435,1.435150740505774,-0.19549394111354643,1.4671078350288105,1.0544914969058063,1.5189406522185802,2.877667384536688,-0.5790292576363434,-1.1428830589078973,-0.48010559523193874,-0.2280931252517706,-0.4604314672973563,-0.7236098803585084,0.7943667002277791,0.681237782400921,0.24763394526834917,-0.6143774766367481,-0.1900729450489301,0.035807924783659635,0
-0.7891902984631007,-0.8307461704515495,-0.47373014038356553,-0.8944790773989303,0.5571566374368702,-0.6270769684387957,-0.3734045172370516,-0.384496358094418,-1.7116754000026284,-0.7524684690265122,-0.753387545759985,0.10017442838171994,-1.7130545357301603,-2.5578782736344263,-0.7096979149737306,-1.063134748991011,0.22763862985557337,-0.34741754424989413,-0.7044263649196288,-0.08790398821661381,0.359124784963949,-0.11010395375557708,0.5813063049203219,0.6841231704250661,-0.3282395853891849,-0.2334942281751347,-0.9275939204733051,-0.9344006548341373,-2.4287893418965827,-1.6378064198889064,-2.289847015468639,-1.0815771897876625,-2.2971702117123987,-0.06996784556841587,-1.1123482263751743,-0.16362024275970438,1
0.48171452375825546,-0.7281513482909187,1.3111121367725513,0.8298849102376097,-0.7033094224676646,-0.3169093501777535,-1.4273450371447582,0.05177264289660085,0.4365250321354716,0.18530222754668801,-0.367079873234794,0.26030132722731425,0.06947947345109233,0.36486807246960345,0.005084962087400411,0.03458908349988926,1.6973523821214052,-0.03583985754196921,0.8356206094235576,0.9525039467785001,-0.09138135970511377,0.1316417910318465,0.23726550921468076,0.4589240519295031,-0.44202771149145664,-0.3473624117155643,0.4501275797120968,0.9313721906380008,0.05953496558442657,0.3466101392779136,-0.7023534844971107,-1.1046388050534872,0.7622596976873224,0.774128593405682,1.6598776604733338,0.7276164545772119,0
0.9403693042324377,-0.05638502852637076,0.4045296638704831,-1.2162975660881608,0.5409807085528583,0.2538606138972249,1.9767679793615895,0.970703439573533,1.6589887622668744,3.229099981134655,1.956995270428209,2.222961722497201,0.5706715780827976,-0.3476657520677039,-0.10789772259331742,-0.09066070961340922,-0.10363142345716234,-0.38073003432893976,-0.9278086587612575,-0.5373748195403623,-0.856779742648935,-1.1576674085696725,0.06712345632565678,1.1595318101561303,0.6515705535502929,0.7793895210196369,0.7186166532121677,0.4336643022614197,-0.14549713548842536,-0.5777647583027007,-0.3901792118847549,-0.8798743593671892,0.23605869099687574,0.6255963354418287,0.7430839442094221,0.8998102733438865,0
1.5432803662151164,0.30242323945717037,0.05073950184784619,0.09679954374713394,0.06293178884987585,-0.08503555927148845,0.7946371360238361,1.0005955735571634,0.6863659781582861,0.16170881292374534,0.5765508563026553,0.639505277122407,0.4636050483890712,0.26377639827908805,0.42537772631438603,-0.7927499026970678,-0.5265297908478083,-1.0675184750155844,-1.2920822986902165,0.7971231424423098,-1.1434834511234229,-0.7040439732457621,-0.7222446844827909,-0.20198115793038782,-0.004171215177953276,-0.02516884630060953,0.13779363454458315,1.0630509614261578,0.7331429275662866,0.07993208817797452,-0.1950644476941895,-0.2588255947892372,-0.18993909217724228,0.6513440896564141,0.1568921599236525,-0.09643513973034619,0
-0.9728177828375896,-1.0220157594617967,-0.4242979198016828,-1.1670312530920899,0.878481581444854,0.8663706298913999,-0.05885893193956166,-0.48193170781962746,-0.18619106469723257,-0.2577083014814417,-0.49630180619902287,0.4107394757183854,-0.2981808585599214,0.5733162354614023,0.13640769647955645,0.2717502937183365,0.7578670586389016,0.8840318099821594,0.17421911207865373,1.59152546795852,-0.8983993810442599,-0.8901578566911929,-0.322825091139118,-1.155635695662746,-0.9789180734920273,-0.02451478837389594,0.07396084505837049,-0.24438393994053667,-1.9282202600834368,-1.386592703807623,-1.3542887272006778,-0.5165443802632207,-0.17886589294756422,-0.9181700308087908,-0.13828686372084537,-0.3638492838972373,0
0.2604359784088624,-0.7794277406421845,1.1717099288477195,0.8987830350659353,0.29460202350039627,0.36437080774973996,2.1254170257807945,1.3973465304102277,1.1443365074746745,0.5390492081860966,0.22627913605489625,0.6979358596035693,0.28913142118857865,-0.5223897450176722,0.5544297460165963,0.877807724301698,-0.2918004382522192,0.19276216687703934,0.45384139485337116,0.6694277047738562,1.0272398025870986,0.6120805757562024,1.429519952776824,1.762654312190985,-0.1730079561625852,0.511393736481076,0.5598636076690043,-0.3620171008337438,0.5874235523460534,1.8100324345422816,0.7404558182032029,1.596907508881589,1.0493640156070951,1.1387097414360237,1.7573671502524972,1.6685102602569237,0
-1.4390697594917408,0.08074328520240653,-0.7285311317897427,-1.3342060024425428,-0.1942663631483401,-0.4261894138605835,0.25537168958930434,0.12176018026938476,-0.1177768894016979,-1.7529182013191995,-0.7307749940531335,-1.1185422326949237,0.15113155455928526,0.016373622037939524,-0.19531727756323525,-0.3151729203881509,-1.327829142889643,-1.359851882755268,-1.1304998009609462,-1.7321751904899205,0.05930992332586474,-0.631212737958444,-1.017447049706852,-0.08411062756720127,-0.11584128461524706,0.5890709390829691,-0.8838039349538745,-0.3588473280862467,0.7983826212692235,0.597771169386495,0.09109759469922915,-0.9065073616660976,0.6094011150189335,0.04364265311413843,-0.8977250278137501,0.5890525373887149,0
-0.5293595257247299,-1.4147292706357384,-0.024387202896928452,0.08614746713885313,-0.47568742397398983,-1.0928015027098734,-0.4872819479385909,0.25585998753925904,0.7947585554733638,-0.13205438685099583,1.1881687244419952,0.023219373848800004,-1.7049127303650478,0.23886052500045404,0.07290610850776534,0.9459882601595487,1.1360658184284882,-0.14471062049124703,0.46070647783922475,0.6814668424923516,2.6662013712688486,0.5331817079153183,1.4693288685987926,1.2844393830649308,-0.009567985299049562,0.06707448892345233,0.2650894998986457,0.9844809215547389,-0.38338803202722416,0.3563488374364031,0.5523310754160718,0.2913172709027363,-0.8163038199405177,0.17448116459666035,-1.7451393366691157,-0.551766409810007,1
0.7731864271981684,2.5945365355876144,0.816322078464989,1.7682829492714067,1.8523085291569323,1.809833656942041,1.3741623670479273,1.63502525618753,0.24180102011437948,0.6531097552612734,1.0883778482012683,0.1186062506822293,0.3857944511032811,-0.37812679266096744,0.8477697107409035,-0.718922805479925,1.2794310908240563,2.0532785622399827,2.016678456123051,2.367801351454874,1.2490997337686514,-0.5480163729130842,0.294048801544442,0.6629652797181377,2.5227803915944866,1.4279567700130922,1.883617757119069,2.8461389997514996,0.7499869567202526,0.1318186382665212,0.5429422972988613,1.0337844519034212,0.6992098719778509,-0.9664609685127962,0.6938370096296659,0.9115810171290808,1
1.4236320494048702,1.5451540140034012,1.9018358277013883,1.194674007147022,0.09944894658450848,1.0781566792035533,1.0028881495416528,-0.08465890817586064,-0.3421732998815339,0.3906479497670709,0.04377035511716436,0.5635541467722288,-1.1981671416671777,-0.8252405506914828,-0.8826076660751973,-0.755559563404184,-0.8122800365033929,0.10809630534771056,-0.4770478438452549,-0.6852196771536853,-0.4704381388819833,-0.2240467470931613,-0.3812580178078639,-1.7639409721248451,-0.6674689589098275,0.15409358065503967,0.28970023815026935,-0.6372980388278169,0.7797919076087357,-0.8154040302983376,0.21080497327514625,-0.36747364234077823,-1.361519306855597,-0.905807951603309,-0.9465360101195864,-1.5932914307897585,1
-0.13825580258777195,0.5837412576355908,-0.5288830706670211,-0.8995342189023668,-0.7101732139212632,-0.22085576348286964,-0.8724722223801794,-0.9747939321981718,0.03966487269305024,-0.6255943033223506,0.12386762748499697,1.3386044956954721,-0.4941753891735022,-0.4347902817784668,0.25707720356127006,-1.907098617216835,-0.3540830171193177,-0.39453718912306807,-0.9786477637996378,-1.4492628148228281,-0.4999992674446256,-1.012297838846204,-1.2738664089457206,-0.484719427866133,0.9153473254555011,1.3306614298048791,-0.21075735060849837,-1.4314536052875837,0.3716531252694267,-0.23817784715850374,0.034397962748408804,-0.7044060136364428,0.1919261159631456,0.05985823729930336,-0.13088111349285447,-1.4566701254241914,1
1.3625255231616635,-0.0024653232419512795,0.6191739613670965,1.2805892605163165,0.4995755439825981,0.48127689974382926,1.021990494568718,0.6217104820393113,1.851026182556494,0.690229321258558,0.2776763878489017,-0.09731532008708654,0.9119138549536381,1.4138617802141742,0.9959695740443228,0.5814995427000685,1.106613892726645,-0.4233335859994747,1.0478842971176767,0.27862626259425566,0.40172351799349126,0.04002046341108356,-0.057403271987722305,0.23541006857712063,0.44167132527460423,0.40969786188044804,0.6650406709472395,0.6561381845462791,-0.17618125595135517,0.23463217294942965,-0.26541558001388316,-0.09799205167503035,0.7894799833947479,0.0031772513883703527,0.0891792559512775,0.33675406608648,0
2.013968213062554,0.40593355905332074,2.912891477004481,1.462597491143677,-1.1898407200008967,0.8275954594087751,-0.4176690351607339,-0.41123606460873496,0.6827448498036676,-0.25306430437841737,0.42518139289354284,-0.5911830199585968,0.10766251799937689,1.7679984912410711,0.003970232687847456,-0.22488870176559636,-0.8118503820312677,0.6595277185720837,-0.5412509329385415,-1.500608043124203,0.633831704763118,0.5323244398335812,0.2796764433123469,0.45997386622668246,0.7946591154353017,1.5631893152633043,1.2769827640237743,0.9315158475868638,0.7182013278906639,-0.48928885670572575,0.0413895914010545,0.5624644509343719,0.5432643293100171,0.9269493417780248,0.14476761471496075,-0.1874072246301901,1
-0.5051816720668257,-0.529549338162153,-0.1247668202324585,-0.8635330153417718,-2.118845100763261,-1.0150226121689092,-1.1323683266803939,-1.8379370107391968,0.9723594286263717,0.39351039834018325,0.5931089168741516,0.3210699817680423,-1.7193495300224835,-0.639292438927606,-0.5853083099588798,-0.5999382856255168,0.01284754806831828,-0.6050641466970597,-0.9151299308531783,-1.5618152577632356,-0.39182774752178207,0.11443667707317041,0.9436425545690859,0.39632412301162434,-2.5936759039247983,-1.4195714169117732,-1.2030022993952376,-2.178967600346526,-2.010173715618044,-2.0614469057207323,-1.6822277935519028,-1.7907014316341827,-0.7317889161161132,-1.0065716704620853,-1.253290935140857,-0.34447142577190687,1
1.28220467088033,1.1091285121283134,1.174392436335532,1.6472779575914491,0.5394081981529533,1.0285536702363833,0.6423279244432231,-0.03870799226638954,1.5293464480473902,1.8620244889270714,1.2881612843727208,2.053527426364664,0.9637465067069682,1.3510773877191828,1.6833844887608642,1.6982989430648936,-0.824318751636215,-0.05992049272065499,-1.6575469606165525,-0.4250090603929938,0.5669441838370494,0.16798216796533694,0.3016421906690647,0.4966800680446655,0.2254115145988775,1.051601892799944,0.32156926621446397,-0.17478503980564722,0.3333625862995293,0.6126625694121489,0.7939009400454247,-0.32713827278074853,1.1217608194839577,0.42535876560894237,1.7898882410577892,1.6386409278122256,0
0.5271524826449027,-0.6248490419612844,-0.003739576185425482,0.6968767213548299,0.6293505721397128,0.8929786763628879,0.08257392742769196,0.6591746952361554,0.2696103869304263,0.9542009057750777,-0.02207440823640398,0.19201972463325115,0.9758503193025344,0.5076728982319102,0.4973415430875337,0.53100468480198,1.2281199891535841,1.2081919011189974,0.9830690644641498,1.2320142031984558,1.0508864685527786,1.3369427965930183,0.0642715541464974,0.474625072590325,1.050429275852929,0.7488443431908706,0.95144691374669,1.264875440996032,0.6641307486352561,-0.06584142167254335,0.32176845337921356,1.4241663228011516,-1.2967781514235932,-0.8861431087118464,-0.2652759965329054,-1.1426615936326976,0
-0.6189946329390952,0.027469550007402227,-0.045798599141270394,-0.5420477010725845,0.35673758739588174,1.2493457260746021,0.4565187244410242,-0.09705861328541569,0.42969456859517413,-1.7640582491918413,0.5147742976004107,-0.913668932009206,-0.1321855371203074,0.4336035579220945,0.113788628643252,0.46871674688602166,0.11987588019233462,0.6807830128492637,-0.4380668973051,0.18241976336861246,0.22496621689081098,-0.7416094899758803,0.5356833235440374,-0.6511065317442501,1.3774164577916677,0.7705279098043575,0.9422789831213191,1.4663139464539814,-0.04884375020817085,0.21985967222271943,-0.3656841246111105,-0.08992642076224001,0.8666866994324152,-0.6053650141969578,0.9111155834873005,0.2414634829444449,1
1.8416628445567753,2.192807534897666,0.37351211460123945,0.7830254669688326,2.4032258515384988,3.0223451799467074,1.939570295830953,1.2933955072538725,1.9364664368952385,1.4717340347047172,0.5962689407228118,1.8556482602283333,0.6797691200105105,0.752556007886644,1.1756283450338818,0.6308666245426114,0.540007901891306,1.6675460953856616,0.5040745269869191,0.9632430809166481,0.05493355851495112,-0.12801254569218687,0.5390957086522149,1.111324141196195,0.9638374993643041,0.38528519964896013,0.5499775097486037,-0.18187738947324028,2.870510414560724,2.0740168964714027,1.8911185364519711,1.582770569973354,-0.09839777737468869,-0.14235194216593625,0.5833806427685688,-0.27623220557372846,0
0.5611542940399334,1.0932403516803246,-0.3341692953684613,1.5999897253341766,1.1148669346009648,1.3455332404751985,1.4890696688085767,0.9111524486193967,0.8121724341866744,2.2862274603857893,1.2839600082998766,0.7541060635758339,0.5303255698729776,1.1336521843423417,-0.10033023819197233,1.505948102805469,0.05688503176752117,0.8357049727264246,0.5248162262992331,0.4316517984640746,0.3438553197791281,-0.3379240370069742,0.5259490677980185,-0.029099868034122005,0.2599262898371973,0.6430356892080893,0.7828779595842787,1.7549338908945236,-0.22980553851709554,0.7311289800101438,-0.30827137949060174,0.4520977242582123,0.9524504297626464,1.4677109833275728,1.54663806039792,1.6508657765840478,0
-2.0212836177310534,-1.802356270734573,-1.8560407867199429,-3.361309497646776,-0.8248379383418413,-2.3343357179721713,-1.573691085035227,-1.1018528123507436,-0.7710484428538967,-0.32888969324386713,-0.0763880465709912,0.6884307735257107,-1.2063334281184652,-1.4648476998218212,-3.731246104986208,-1.5136376675279253,0.69925439395906,1.4664624198823057,0.12569533217093057,0.688869295413116,0.17446882344654385,0.06131372505482248,-0.7767450418518804,0.359113232186249,1.0381473329242852,0.6363844418045281,0.914657874829303,-0.26862066384202055,-0.4815376001928178,0.09996246677839982,-0.2748121844970153,-0.6924601399271136,0.019575921094876263,-0.8893426974074007,-1.8558448414833708,-1.4470139633024905,0
-0.43254071442366515,0.21635857403032985,-0.6076372920052752,-0.06417561668375514,0.13992527984228814,0.38577637434040024,-0.4794940633863008,0.11490238699874694,0.5877372560952754,0.408516960746863,0.6374242784546604,0.9224703539212109,-0.0059111533506680325,-0.7076407591238467,0.6073084553943304,-0.25186745053674114,0.1877357309862048,0.8584915474395464,1.8357826056554363,1.29772476955211,-0.6662950042627553,0.2969537950999867,0.7714967202600744,0.539669410472467,1.0527070168590649,0.4400687173598759,1.5558003879756088,0.2168993237233649,1.3733470380936728,0.31788559908658093,1.2430478818859132,0.9788938502911328,-0.5036083298781072,-0.6246296626586899,0.4208666534970157,0.2043058664240944,1
-0.9954286730902258,0.035571038905432645,-0.9923131949689192,-0.2047236964084856,0.8912202943586683,0.5757684818452699,0.5103238350434405,0.7596536651359536,0.961719965367622,1.1914450700890848,0.12047759110653468,1.1075562427850683,-0.4104564507681867,0.3535461321923977,-1.0954520133792633,-0.6218741436165218,0.41202825831598405,0.5195817862931384,-0.6345732620975512,-0.4780267231348901,-1.6557791695654025,-0.22178116646915014,-0.5345441227166173,-0.8113464138555503,-1.3658456027575063,-0.34009086189069426,0.3480860236411683,0.008042580940819019,1.0642253113062194,1.1628886330977701,-0.16275034833193489,0.08749170377172327,1.6636511837765136,0.8984897682172107,0.9227266368768204,-0.8561280729961704,1
0.2846787531899134,-1.4945477347249403,-0.5542386181486071,0.35528748697024914,2.2726687016902822,1.877420445928043,2.0660271680867655,-0.4119308134828413,0.6288862666208563,-0.10447114699493396,-0.7663784735918746,-0.42689158357798407,1.1267952306712707,0.5485824069306294,0.0407969777435029,1.5925212130525213,1.5598182218229293,0.8975315767258353,-1.023876236165184,0.2830173544165639,0.4265079555054546,-1.5054943199181001,0.9328562721723521,-0.42958747080443666,1.8474860329477665,0.3102533053522411,0.5361007884409885,0.46086292346863256,-1.0451814719330064,-0.5476033013092447,-1.0212454687459325,-0.2274048639538584,-0.4314808402706387,-0.7470409850148585,-2.0311123511570637,-0.48538582528895746,0
0.35308829238976003,-0.06724635988038405,0.181820192558485,0.2937236859384537,1.5276684864530594,0.06527380606012277,0.43854769655798487,1.1163007369569353,-0.3009085494179471,1.2179690610578424,0.08927902922988286,-0.34423917807640086,0.5032655869218104,0.5272786489915725,0.6283452607989064,0.7775988586651946,-0.7188685363859095,0.5273428792470419,-0.4988245799377157,1.0147118473549486,0.005397279957295764,0.4416961477470399,-0.0887754159019651,-0.9952587056317228,-2.020302691020604,-1.2884678643261072,-2.3177206647865694,-0.9417559312714134,0.47749074880819153,0.9199179262030208,-0.20844602404639195,0.21036298541068144,-0.04911359135444552,-1.1119438507167285,-0.8653194265738483,-0.18130013023160862,1
1.4104864105735493,1.5574999961459057,1.0553315619665502,1.001739011114599,0.5537030372180504,0.8954455052060241,-0.23128801442870262,0.5744191883050713,0.3624592556820159,-0.535907652900159,0.3739019427095629,-0.12070741271258695,1.3370746505578264,-0.2556861678320591,0.28206471684937096,0.346976554965837,-0.5396351613283433,-1.0015751941006832,-0.1349713538534343,-0.5442393081588172,0.8989152570204941,-0.2573713390681179,0.4487752850403927,0.866836319661254,-0.2879993392184497,-1.7145788410578156,-2.0253518991099013,-1.3488512367653502,-0.5998884701282641,-0.9328054454329655,-0.020323505813428615,1.138513159788728,-2.4639754352025376,-4.216946976762968,-3.264729864461454,-2.3513314650721466,0
0.1753616280252082,-0.1738947953236825,0.35763981751709245,-0.05888279177469875,1.1863080370197459,0.22894515241585245,0.49321852637207525,0.48153026795241943,1.2443780353439264,0.9113072120539725,0.19339983615216616,-0.07476516400850597,0.7904412252507703,0.42925918144540826,-0.5403002008171927,-0.09927880538511133,-1.7338473286020375,-0.6151169567354429,-0.9844167850354862,-0.6999720404488562,-0.3178622113988149,-0.3916306392878855,-0.17184481261486206,-1.344017864399429,0.9811691597713134,1.3374067459477954,0.5090829078877864,1.7764350495581176,1.545933954756881,1.2470515272315235,0.6009775854120115,-0.1552400347525682,0.05224748415331047,1.3279668742743265,1.0233565701706109,0.7842279322250499,0
0.2982004956002536,-0.1529679682700745,-0.050881194577501385,-0.20401210610387246,0.7769065625512559,2.60869689072992,0.8434779703182276,1.5052024732272684,0.02071419404474644,0.04178759367840325,0.08278857342197071,0.3377791528954296,0.49459475615730125,0.05002131732522927,-0.25881694172914077,0.643374800475444,-0.2027614664587174,1.6395368900557472,0.2603131385322293,0.290579896116482,0.6841214801165603,1.4369706260537174,0.9764670648238053,1.4240545692265947,1.7294943409654704,2.9824909221427407,1.2517829561578409,1.9769805142319086,0.030558194874848763,-0.033921103546611715,-0.4910523409696569,-0.14373990684455873,0.47387541989090454,1.4587934425748157,0.09301003186360701,0.022662657145707036,1
-1.2169351631668757,0.07735701636193354,-1.275883684116536,-0.44259878911928485,0.08262893857685938,-0.24781793830787904,0.7821092525757634,-0.2715403077954939,1.1092806627917675,1.8949534947229507,1.584484213501115,1.126430864687676,-0.6248073088891807,-0.21001174226656616,0.04345853269369132,-0.6351991620342836,0.5783713896097878,0.6224477138797887,0.7409884888695871,1.097902451818798,0.7078367123511072,0.35626919851227973,0.7103975713589185,0.7283245900951499,0.566126079328241,1.7806719078110214,0.6878503585103183,1.5793964251937727,0.30523782015536977,0.4501325699231538,0.7828735093156527,0.9606919112461654,0.3409685467217532,0.14441754790919956,2.0220153750393606,0.28223470813043544,1
0.17091434462768798,0.12557462515732853,-0.5969348152191936,-0.49914126907319506,-0.6310751239036132,-0.8860783635607326,0.23132733274170228,-1.443713644503729,-0.3965733743876298,-0.21183161022606353,-0.1639797449412491,-0.18173606141691953,-0.29693032670853686,-2.189666312995121,-0.4523093530238048,-1.0759167680621888,0.17535978962120513,-0.6657121231734121,0.43016787613469853,-0.8893531812717583,1.229295940472,1.2860517007382832,0.9739787359742383,0.5415972673236938,-1.194533400084111,-2.0466471431489985,-1.443937416543573,-0.4711638698586413,1.199684811782477,1.1450169546861892,1.0432701404318683,1.0694143925078456,-1.5642031508307737,-1.4291589729001344,-0.8926764608246227,0.2850922639434382,0
1.1754778794483054,0.9375861791995697,1.0154077821038765,0.32463403957791226,1.294914178976763,1.4112910127764946,0.10038614489507265,-0.1623429005785269,0.799293459062511,1.1913866457800188,0.3290687832628086,0.5454539804671713,0.19604780068967875,-0.01821239434491439,-0.25261584764361167,0.7778507170221467,1.1476633363113582,0.9571079326471135,2.324659841802541,0.7239682844752968,0.9715156416108527,1.732849675804459,1.498214931021516,1.9997625897325753,-1.3602106404353402,-0.7186799309305524,-0.773151285816206,-0.7868989179721781,0.8843503725694813,0.6767676986068117,0.7377952941602925,1.7945391708122265,0.40898090672429616,-0.957902747509567,-0.12743570954724534,0.10548521265760961,1
-0.6253547443944268,0.5559729419331387,-0.8825850389008633,-0.11383598249262834,0.6576396917095602,-0.47614099513194647,0.1662844160272179,0.015515696414592507,-0.06197444727206022,-0.3097535524125374,0.33980245976292517,-0.08059988819305644,-0.010546851708521593,0.6247430535038069,-0.05274259918595322,1.0480676710785715,-0.4862125430123751,-0.42006958599133026,0.3537139159525299,-0.5447976830193376,1.1680050768768986,-0.4454881459429615,-0.6469215689239234,0.13877601524694885,-0.9830931815190553,-1.3944378513699467,-0.6342145533865052,-0.2617684553233661,0.3068609825481936,1.016547549400749,0.7539585219214098,0.36724767060016217,-1.5469571514100455,-0.9283408409757165,-0.13534232854861938,-1.2813632899304126,0
-0.22581230849324346,-0.18447052706460448,0.25873011433889587,0.8723990607939074,-0.44577781064148125,-1.019789355006175,-1.049240444156278,-0.3733736928014291,-0.09685320063299861,0.7412077231900859,1.0251208486408798,0.8563321067640846,0.9077158582931051,-0.2699052508200536,-0.1416973611335596,0.2615130778412222,0.48120641418761956,0.5362085430515489,0.4348449659503279,0.933021536089831,1.2491826197935392,1.727839841687433,1.328868772777007,1.3263130374319398,-0.8190680684293183,-0.6294744233851394,0.09188930450088605,-0.01856320260991534,0.5988224085782834,0.9669354347492827,1.5149309636363184,1.4803421847540255,0.49302346571385075,-0.5370979655396828,0.029899101702452045,-0.6278961216946591,1
0.47445219601683547,0.09161028919140317,0.3172141879450133,-0.45089397061625613,-0.622153313232211,-1.709201979302604,-0.1802674025946955,-0.7134250252597799,-0.5550459086216827,-1.0782619849274735,-1.772463476431523,-0.6372644111068123,0.38774322724586496,0.8048994795878324,1.3737388539006108,1.00090728040873,-0.6915945897665127,-0.6400098148032305,0.46845627494402015,-0.684388395383405,-1.1052615735914457,-0.8003938352668446,-1.239024901893015,-0.5020279088334568,0.37882660900142046,1.5810020265565887,1.594779213396731,1.771893177473003,-0.8038910161329741,0.179175070001344,0.2973417644775065,-0.4641752291605059,-0.0917535867205647,0.3119164404756964,0.7752287635521603,0.13502987170056938,1
0.31532207368917253,-0.6096508142835267,-1.0881317716987446,-0.47790451254593336,-0.5055451179267743,-0.3288516796798417,-2.0638849048085994,1.0924336309576281,1.479553418227685,1.0670250574332074,0.7765573553721922,1.6890741728231335,0.4832521677442049,0.07069083412576149,0.05765982866095617,0.34153437773885154,-0.6337161317506492,-1.0360199608688745,-1.184238708433041,-0.4699946908403571,-0.14987210841458407,0.1413979389038742,-0.34013904509244186,-0.2938059791858406,-0.9860145955068573,-1.5951224012123313,-1.029737664227111,0.0031803176983726347,0.28350563342771995,-0.012521160182759271,-1.0965408500764278,0.003587617119128673,-0.9453914486916024,-0.7428952331852783,-1.0427202102371116,-1.0804411846639368,0
1.3127582569001548,0.2915445319913867,1.4365686261392328,2.25443860125103,-0.7210325009414978,-0.08305189504663148,-1.2678304202545443,-0.2592666865963621,-0.1083565212167499,-0.6802672665753575,-0.3261450951334009,-0.8876927604575848,0.4942245617414292,2.979805261669315,0.370506959632794,0.18195596778247672,0.88723728413104,1.1640483441878056,0.369861542965302,1.3254168915653561,0.41821275311384837,0.0035951105237009623,1.7206557963883686,0.3460012416583125,1.1389015479849862,0.7070823175056201,0.2808177598054989,-0.9042824121993984,0.5936319102782635,0.6337123973155445,0.5353992174583223,0.40758054892656265,0.644477024037917,-0.7029962543490269,0.4924471786139264,1.4006905186115801,0
0.5011417045963308,-0.4496850586773425,-0.5033196046922218,0.008023704019017095,-0.5278742211718674,0.8274291709763958,0.054731124559722705,0.48965576956000595,0.6055835947043362,0.8011478724765103,1.4304085451021689,0.5414516755469864,-0.8689811632497807,1.0832558199492461,1.2612435187829185,1.5555946057239507,-0.6543142562524363,0.13631532925874784,-1.045258575218283,-0.5265455677271776,-0.055678480458522805,1.592194980936411,0.40523152843945426,-0.5451223406516099,1.3732601945953056,0.553217111449902,0.33461480917733294,0.6570763265911741,0.13260017194040075,0.5791882517375577,0.2585651982842528,0.043725497414559146,0.45038322913128015,-0.6074655789180472,0.24755250004147855,0.9098306864277833,1
-0.043293727357633996,0.5095306630914334,-0.008796591111552456,-0.32649966811305403,1.338343741275424,0.8131515331311616,1.294866650289456,1.3914162163425863,0.8389580714785112,-0.2609369898028412,0.6595989032420957,0.11910333958797069,-1.5660986280190536,-0.5179043845883854,-1.289906701528144,-0.4081153047771322,2.1546137251225237,1.673694273618616,0.9829054431143295,1.77845050078526,-0.01887885914824119,-0.6894560066671973,-0.8406022598948866,-0.7824188242922808,-0.24540261395367746,-0.826478441311766,-0.789703289757206,-0.7660144493087785,0.6436963179179166,0.651976861546063,0.8562837895505884,2.1072634760167848,-0.4830009140903572,-0.848432107978716,-0.8582496778846582,-0.8808800676978328,1
-1.2512499197300018,-0.5382186550409466,-0.4504776279015686,-0.0005665762398042807,-0.3445645456568202,0.1523736129518637,-1.0912959441929708,-0.2439521114041281,-1.148605112252291,-0.6801774148016935,-0.1188802646826277,-1.498563189030506,-0.635710960570137,-0.1835841706060513,0.3323271949337497,-0.3897584389266894,0.4398920199960315,1.1297140630628573,-0.0059498012310124845,-0.7861981739216677,1.0035570845491613,0.3193902407432228,0.72659949702779,0.3828626265050117,0.12311913031769466,0.8995348484106838,1.6189125893785954,1.6221054539543147,-0.31591364762562657,0.5117031774722102,-1.5436153894466478,0.2588301596470065,1.7309895911615563,-0.6408755067676954,0.2827754168093552,-0.2188122076776543,1
-0.3945826428265817,-1.6097774276748082,-0.5336599969190597,0.5299730893950955,-1.842914137019645,-1.1876847678042521,-1.1314621867056602,-0.434101818648283,-1.435637895744172,-1.6574645962158603,-1.7187586698805413,-0.14366433467425072,-0.7334253304745485,0.10859983252059016,0.011444507596069535,0.12287113750327641,-1.1644159151340374,-1.5969931816749836,-0.24817430186827438,-1.617034486369311,-3.054075897723166,-3.2596686990168853,-2.4104219630668076,-2.0076968208245733,-0.9022091621309658,-1.2892117402576353,-2.064384448266185,-1.4317646145697078,1.4228515916183144,0.9343718123247806,-0.5273085586946658,1.0916267053521813,-0.911441626990893,-0.7246242627794207,-0.19831032960928105,0.052910995072543196,0
-0.5804670809979412,-1.2654435993172901,-0.6111628282539324,-0.36060786946470536,-1.3085077351144887,-1.2413072163127392,-0.6038734846612299,-0.5325608335871416,-0.716079032130885,-2.2405396471124357,-1.1365426174776572,-0.8532058852209613,-0.9587527886479147,0.38782702974398825,-0.21405881581891537,-0.26142894951067613,-1.0145133294911215,-0.6420827173597106,-1.3252461011823735,-1.4213331491919616,-0.41441676272331035,0.633164197360922,-0.30336059765255763,1.5666261045179977,0.6012415481291216,0.001742665317605437,-0.12344005577610705,0.09282318063628311,1.0630172021452309,0.6957810772426823,0.5450336375963055,1.5989315322520188,0.42184572183486013,1.4879059897848692,-0.32721252323573663,0.4122683584070823,1
0.2794673231670024,1.0747193895159273,1.3379663418263745,1.9220002065377457,0.025934222171950405,0.5909532588477674,0.5664689516757596,0.8179203963278248,0.14111527438180238,0.2971348425174011,1.5035291697123156,0.3362738857549107,-0.19989845439069842,-1.9097947965851148,0.5869483026562234,-0.011680239912172083,1.152916546065117,2.094118849372504,1.7857239700249208,1.556394163875448,0.456975914476475,0.8046038985288475,0.7080771191584747,0.10950688902256056,-0.4320783341775774,-0.3720035840084152,0.6913106308789851,-1.031910322892844,0.7663244459643439,0.38379196128134546,-0.1153415718848937,0.34553147710178805,1.5577314959641557,1.6793420975450049,0.4018892675728132,1.4241175299275224,1
-1.19305588760362,0.7192288939965902,-0.2765651112523398,-0.48977617311115146,-1.493258210495443,-0.7930200785832179,-0.4409108097681938,-0.4819611174687448,0.7432229629718317,-0.07985801657271631,0.003650769923797916,0.5551115657807282,1.1855271648861676,1.3322650793091901,2.257293879505497,1.2050974134729224,0.8706305877770245,0.28717157076214883,-1.3308391130387687,-0.020966947673206567,-1.133401859391694,1.4843681419072656,-0.8199626581390432,-0.674465731057383,-0.2076064981599711,0.31162173059837006,-0.6647709182701973,-0.5105821703854507,0.505464885957293,-1.2121870033557272,-0.4056425207240512,-0.7213762933425846,-1.810399683897671,-1.315579121581681,-0.9813644727252033,-1.877462110337682,0
